SMILES,LowerTempLimit[K],UpperTempLimit[K],TemperatureRange[K],A_antione,B_antione,C_antione,URL,EvaluationTemperature[K],VaporPress[Pa],VP2_LOGPA,smiles,group,group_plot,VP_LOGPA
FC1(F)C(F)(F)C(F)(F)C(F)(F)C(F)(F)C1(F)F,350.32,451.01,100.69,4.20584,1212.323,-34.221,https://webbook.nist.gov/cgi/cbook.cgi?ID=C355680&Units=SI&Mask=4,387,587957.2693,5.769345764,FC1(F)C(F)(F)C(F)(F)C(F)(F)C(F)(F)C1(F)F,training,Train,5.769345764
FC(F)(F)C(F)(F)C(F)(F)C(F)(F)C(F)(F)C(F)(F)F,324.1,451.7,127.6,4.64693,1570.217,14.047,https://webbook.nist.gov/cgi/cbook.cgi?ID=C355420&Units=SI&Mask=4,387,539058.3562,5.731635783,FC(F)(F)C(F)(F)C(F)(F)C(F)(F)C(F)(F)C(F)(F)F,valid,Val.,5.731635783
FC(F)(F)C(F)(F)C(F)(F)C(F)(C(F)(F)F)C(F)(F)F,253.93,451.11,197.18,4.04938,1108.035,-56.584,https://webbook.nist.gov/cgi/cbook.cgi?ID=C355044&Units=SI&Mask=4,387,496507.2184,5.695925567,FC(F)(F)C(F)(F)C(F)(F)C(F)(C(F)(F)F)C(F)(F)F,training,Train,5.695925567
C1CCCCC1,323,523,200,4.13983,1316.554,-35.581,https://webbook.nist.gov/cgi/cbook.cgi?ID=C110827&Units=SI&Mask=4,387,247420.7358,5.393436094,C1CCCCC1,training,Train,5.393436094
Fc1ccccc1F,304.31,403.4,99.09,4.14521,1310.271,-50.563,https://webbook.nist.gov/cgi/cbook.cgi?ID=C367113&Units=SI&Mask=4,387,178098.0494,5.250659163,Fc1ccccc1F,training,Train,5.250659163
Fc1cccc(C(F)(F)F)c1,313.6,410,96.4,4.13277,1305.633,-57.392,https://webbook.nist.gov/cgi/cbook.cgi?ID=C401809&Units=SI&Mask=4,387,148457.1008,5.171600975,Fc1cccc(C(F)(F)F)c1,training,Train,5.171600975
FC(F)(F)C(F)(F)C1CCCCC1,311.3,410.94,99.64,3.97676,1217.681,-67.482,https://webbook.nist.gov/cgi/cbook.cgi?ID=C335217&Units=SI&Mask=4,387,146476.0319,5.165766566,FC(F)(F)C(F)(F)C1CCCCC1,training,Train,5.165766566
FC(F)(F)c1ccccc1,328,412.32,84.32,4.09418,1305.612,-55.858,https://webbook.nist.gov/cgi/cbook.cgi?ID=C98088&Units=SI&Mask=4,387,141717.7747,5.151424324,FC(F)(F)c1ccccc1,training,Train,5.151424324
CCOC(=O)C(C)C,383.3,553,169.7,4.57,1625.753,-27.105,https://webbook.nist.gov/cgi/cbook.cgi?ID=C97621&Units=SI&Mask=4,387,112902.0686,5.052701899,CCOC(=O)C(C)C,training,Train,5.052701899
CC1CCCC1(C)C,309.36,387.84,78.48,3.9532,1313.371,-54.166,https://webbook.nist.gov/cgi/cbook.cgi?ID=C4259001&Units=SI&Mask=4,387,101666.0279,5.007175856,CC1CCCC1(C)C,valid,Val.,5.007175856
CC(C)C(C)C(C)C,222.83,426.32,203.49,4.15631,1420.71,-44.618,https://webbook.nist.gov/cgi/cbook.cgi?ID=C565753&Units=SI&Mask=4,387,101583.2261,5.006822001,CC(C)C(C)C(C)C,test,Test,5.006822001
Cc1ccccc1F,249,387,138,4.26161,1457.699,-44.628,https://webbook.nist.gov/cgi/cbook.cgi?ID=C95523&Units=SI&Mask=4,387,100916.7711,5.003963347,Cc1ccccc1F,training,Train,5.003963347
CCCC(C)C(C)C,250,388.8,138.8,4.05921,1351.645,-55.257,https://webbook.nist.gov/cgi/cbook.cgi?ID=C584941&Units=SI&Mask=4,387,96568.65051,4.984836162,CCCC(C)C(C)C,training,Train,4.984836162
CC(=O)CC(C)C,294.9,389.3,94.4,3.95298,1254.095,-71.537,https://webbook.nist.gov/cgi/cbook.cgi?ID=C108101&Units=SI&Mask=4,387,94966.24245,4.977569255,CC(=O)CC(C)C,valid,Val.,4.977569255
Cc1cccc(F)c1,250.8,389,138.2,4.33071,1501.055,-42.329,https://webbook.nist.gov/cgi/cbook.cgi?ID=C352705&Units=SI&Mask=4,387,94552.46983,4.975672878,Cc1cccc(F)c1,training,Train,4.975672878
Cc1ccc(F)cc1,340.83,428.36,87.53,4.11897,1373.934,-55.766,https://webbook.nist.gov/cgi/cbook.cgi?ID=C352329&Units=SI&Mask=4,387,93550.12332,4.971044364,Cc1ccc(F)cc1,training,Train,4.971044364
COC(=O)CC(C)C,254,389.8,135.8,4.52819,1582.466,-40.123,https://webbook.nist.gov/cgi/cbook.cgi?ID=C556241&Units=SI&Mask=4,387,92502.22081,4.966152159,COC(=O)CC(C)C,training,Train,4.966152159
CCC(C)C(C)CC,251.1,390.8,139.7,4.09815,1382.877,-52.831,https://webbook.nist.gov/cgi/cbook.cgi?ID=C583482&Units=SI&Mask=4,387,91178.7447,4.959893609,CCC(C)C(C)CC,training,Train,4.959893609
CCCCCC(C)C,314.86,391.69,76.83,4.04227,1337.468,-59.457,https://webbook.nist.gov/cgi/cbook.cgi?ID=C592278&Units=SI&Mask=4,387,90977.57926,4.958934377,CCCCCC(C)C,test,Test,4.958934377
CCCC(C)CCC,252.8,390.8,138,4.06023,1347.236,-58.539,https://webbook.nist.gov/cgi/cbook.cgi?ID=C589537&Units=SI&Mask=4,387,90900.86306,4.958568007,CCCC(C)CCC,training,Train,4.958568007
CCC(C)(CC)CC,249.3,391.5,142.2,4.04817,1380.13,-49.963,https://webbook.nist.gov/cgi/cbook.cgi?ID=C1067089&Units=SI&Mask=4,387,89800.41449,4.953278341,CCC(C)(CC)CC,test,Test,4.953278341
CC(=O)OCC(C)C,252,391,139,4.53676,1625.875,-32.494,https://webbook.nist.gov/cgi/cbook.cgi?ID=C110190&Units=SI&Mask=4,387,89217.14959,4.950448344,CC(=O)OCC(C)C,training,Train,4.950448344
CCOCCOCC,239.7,392.7,153,3.67171,1270.934,-45.586,https://webbook.nist.gov/cgi/cbook.cgi?ID=C629141&Units=SI&Mask=4,387,88950.8889,4.949150292,CCOCCOCC,test,Test,4.949150292
CCCC(CC)CC,253,391.7,138.7,4.04,1339.865,-59.479,https://webbook.nist.gov/cgi/cbook.cgi?ID=C619998&Units=SI&Mask=4,387,88934.74812,4.949071479,CCCC(CC)CC,training,Train,4.949071479
C1CCCCCC1,341.3,432.17,90.87,3.9771,1330.402,-56.946,https://webbook.nist.gov/cgi/cbook.cgi?ID=C291645&Units=SI&Mask=4,387,88356.47544,4.946238383,C1CCCCCC1,training,Train,4.946238383
CCCCC(C)CC,315.82,392.96,77.14,4.02435,1331.53,-60.555,https://webbook.nist.gov/cgi/cbook.cgi?ID=C589811&Units=SI&Mask=4,387,88200.2759,4.945469944,CCCCC(C)CC,training,Train,4.945469944
CC1(C)CCCCC1,313.7,393.67,79.97,3.92715,1323.861,-55.097,https://webbook.nist.gov/cgi/cbook.cgi?ID=C590669&Units=SI&Mask=4,387,86786.36423,4.938451495,CC1(C)CCCCC1,training,Train,4.938451495
CC(C)OC(=O)C(C)C,256.9,393.7,136.8,4.34586,1488.585,-50.731,https://webbook.nist.gov/cgi/cbook.cgi?ID=C617505&Units=SI&Mask=4,387,83002.57194,4.91909155,CC(C)OC(=O)C(C)C,training,Train,4.91909155
CCCC(=O)OCC,254.8,394,139.2,4.33187,1509.443,-45.284,https://webbook.nist.gov/cgi/cbook.cgi?ID=C105544&Units=SI&Mask=4,387,82153.45938,4.914625856,CCCC(=O)OCC,valid,Val.,4.914625856
C=CCCCCCC,318.04,395.37,77.33,4.05752,1353.486,-60.386,https://webbook.nist.gov/cgi/cbook.cgi?ID=C111660&Units=SI&Mask=4,387,81945.93165,4.913527397,C=CCCCCCC,training,Train,4.913527397
CCC1(C)CCCC1,238,435.29,197.29,4.05976,1394.938,-50.638,https://webbook.nist.gov/cgi/cbook.cgi?ID=C16747505&Units=SI&Mask=4,387,81776.18607,4.912626852,CCC1(C)CCCC1,training,Train,4.912626852
CC(C)(C)CC(C)(C)C,316.11,396.42,80.31,3.92962,1329.863,-56.52,https://webbook.nist.gov/cgi/cbook.cgi?ID=C1070877&Units=SI&Mask=4,387,80460.96976,4.905585263,CC(C)(C)CC(C)(C)C,training,Train,4.905585263
CCCC(C)(C)O,268.7,394.3,125.6,4.99834,1707.886,-51.913,https://webbook.nist.gov/cgi/cbook.cgi?ID=C590363&Units=SI&Mask=4,387,79707.00554,4.901496494,CCCC(C)(C)O,training,Train,4.901496494
CCCOC(=O)CC,258.9,395.6,136.7,4.56197,1607.568,-42.738,https://webbook.nist.gov/cgi/cbook.cgi?ID=C106365&Units=SI&Mask=4,387,78048.34741,4.892363712,CCCOC(=O)CC,training,Train,4.892363712
CCCCC=C(C)C,257.1,395.7,138.6,4.54012,1620.23,-38.531,https://webbook.nist.gov/cgi/cbook.cgi?ID=C627974&Units=SI&Mask=4,387,77723.59742,4.890552894,CCCCC=C(C)C,training,Train,4.890552894
CCCC(=O)CC,348.76,406.51,57.75,4.12573,1365.798,-65.143,https://webbook.nist.gov/cgi/cbook.cgi?ID=C589388&Units=SI&Mask=4,387,76249.45988,4.882236772,CCCC(=O)CC,training,Train,4.882236772
CC(C)CCC(C)(C)C,319.29,398.2,78.91,3.97027,1330.147,-61.722,https://webbook.nist.gov/cgi/cbook.cgi?ID=C3522949&Units=SI&Mask=4,387,76034.00935,4.881007892,CC(C)CCC(C)(C)C,training,Train,4.881007892
CC(C)C(=O)C(C)C,321.19,398.4,77.21,4.13427,1407.63,-57.416,https://webbook.nist.gov/cgi/cbook.cgi?ID=C565800&Units=SI&Mask=4,387,73002.97957,4.863340586,CC(C)C(=O)C(C)C,training,Train,4.863340586
CCCCCCCC,326.08,399.72,73.64,4.04867,1355.126,-63.633,https://webbook.nist.gov/cgi/cbook.cgi?ID=C111659&Units=SI&Mask=4,387,72109.91912,4.857995008,CCCCCCCC,training,Train,4.857995008
CC(C)C1CCCC1,320.18,400.54,80.36,4.01742,1383.34,-54.742,https://webbook.nist.gov/cgi/cbook.cgi?ID=C3875512&Units=SI&Mask=4,387,71444.48436,4.853968706,CC(C)C1CCCC1,training,Train,4.853968706
CCCCOC(C)=O,332.89,399.24,66.35,4.26803,1440.231,-61.362,https://webbook.nist.gov/cgi/cbook.cgi?ID=C123864&Units=SI&Mask=4,387,70021.64223,4.845232292,CCCCOC(C)=O,training,Train,4.845232292
CCC1CCCC1C,322,402.17,80.17,4.04224,1395.706,-55.428,https://webbook.nist.gov/cgi/cbook.cgi?ID=C930892&Units=SI&Mask=4,387,68058.08743,4.83287974,CCC1CCCC1C,training,Train,4.83287974
CC1CCCCC1C,322.33,403.83,81.5,3.96654,1369.525,-57.11,https://webbook.nist.gov/cgi/cbook.cgi?ID=C2207014&Units=SI&Mask=4,387,65325.15104,4.815080423,CC1CCCCC1C,valid,Val.,4.815080423
CC(=O)C=C(C)C,287,403.1,116.1,4.19353,1434.631,-60.088,https://webbook.nist.gov/cgi/cbook.cgi?ID=C141797&Units=SI&Mask=4,387,63840.78974,4.805098251,CC(=O)C=C(C)C,test,Test,4.805098251
CCC(C)(C)CC(C)C,323.8,404.79,80.99,3.99139,1378.043,-58.046,https://webbook.nist.gov/cgi/cbook.cgi?ID=C16747301&Units=SI&Mask=4,387,63419.63433,4.802223734,CCC(C)(C)CC(C)C,training,Train,4.802223734
CCCC1CCCC1,325.02,405.07,80.05,4.04412,1393.955,-58.922,https://webbook.nist.gov/cgi/cbook.cgi?ID=C2040962&Units=SI&Mask=4,387,62411.92716,4.795267593,CCCC1CCCC1,test,Test,4.795267593
CCCCC(C)=O,280.9,400.7,119.8,5.66715,2011.668,-45.364,https://webbook.nist.gov/cgi/cbook.cgi?ID=C591786&Units=SI&Mask=4,387,60091.45301,4.778812705,CCCCC(C)=O,training,Train,4.778812705
CC(C)C(C)C(C)(C)C,325.18,407.17,81.99,3.95975,1376.496,-58.063,https://webbook.nist.gov/cgi/cbook.cgi?ID=C1186534&Units=SI&Mask=4,387,59575.85158,4.775070259,CC(C)C(C)C(C)(C)C,training,Train,4.775070259
CC1(C)CCOCO1,363.5,406.5,43,4.69235,1805.43,-21.161,https://webbook.nist.gov/cgi/cbook.cgi?ID=C766154&Units=SI&Mask=4,387,57188.70593,4.757310269,CC1(C)CCOCO1,training,Train,4.757310269
CCCOC(=O)C(C)C,266.9,407.1,140.2,4.40148,1545.216,-54.902,https://webbook.nist.gov/cgi/cbook.cgi?ID=C644495&Units=SI&Mask=4,387,56051.6477,4.748588384,CCCOC(=O)C(C)C,training,Train,4.748588384
CC(C)CC(C)O,298,406,108,7.57343,3831.194,101.679,https://webbook.nist.gov/cgi/cbook.cgi?ID=C108112&Units=SI&Mask=4,387,54141.59016,4.733531007,CC(C)CC(C)O,training,Train,4.733531007
CC1CCCC(C)(C)C1,327.82,410.79,82.97,3.96195,1393.299,-57.599,https://webbook.nist.gov/cgi/cbook.cgi?ID=C3073663&Units=SI&Mask=4,387,53970.20873,4.732154098,CC1CCCC(C)(C)C1,training,Train,4.732154098
CCOC(=O)CC(C)C,267.1,407.5,140.4,4.65963,1711.933,-39.809,https://webbook.nist.gov/cgi/cbook.cgi?ID=C108645&Units=SI&Mask=4,387,53557.41183,4.728819582,CCOC(=O)CC(C)C,training,Train,4.728819582
CCc1ccccc1,329.74,410.27,80.53,4.07488,1419.315,-60.539,https://webbook.nist.gov/cgi/cbook.cgi?ID=C100414&Units=SI&Mask=4,387,53370.46209,4.727300963,CCc1ccccc1,training,Train,4.727300963
Cc1ccc(C)cc1,286.43,452.38,165.95,4.14553,1474.403,-55.377,https://webbook.nist.gov/cgi/cbook.cgi?ID=C106423&Units=SI&Mask=4,387,50062.03085,4.699508463,Cc1ccc(C)cc1,training,Train,4.699508463
Cc1cccc(C)c1,332.4,413.19,80.79,4.13607,1463.218,-57.991,https://webbook.nist.gov/cgi/cbook.cgi?ID=C108383&Units=SI&Mask=4,387,48833.80171,4.688720535,Cc1cccc(C)c1,training,Train,4.688720535
CCC(=O)OCC(C)C,270.9,410,139.1,4.78284,1767.952,-39.953,https://webbook.nist.gov/cgi/cbook.cgi?ID=C540421&Units=SI&Mask=4,387,48816.59304,4.688567466,CCC(=O)OCC(C)C,training,Train,4.688567466
CCC(C)(C)C(C)(C)C,330.98,414.44,83.46,3.95674,1399.478,-59.218,https://webbook.nist.gov/cgi/cbook.cgi?ID=C7154792&Units=SI&Mask=4,387,48663.24877,4.687201099,CCC(C)(C)C(C)(C)C,training,Train,4.687201099
CCCC(O)CC,298,411,113,6.1625,2662.265,23.469,https://webbook.nist.gov/cgi/cbook.cgi?ID=C623370&Units=SI&Mask=4,387,47488.66709,4.67658998,CCCC(O)CC,test,Test,4.67658998
CC(C)C(C)(C)C(C)C,332.16,415.72,83.56,3.99656,1425.254,-57.568,https://webbook.nist.gov/cgi/cbook.cgi?ID=C16747389&Units=SI&Mask=4,387,46790.9471,4.670161836,CC(C)C(C)(C)C(C)C,training,Train,4.670161836
CCCCOCCCC,362.29,413.21,50.92,3.93018,1302.768,-81.481,https://webbook.nist.gov/cgi/cbook.cgi?ID=C142961&Units=SI&Mask=4,387,46351.68145,4.666065493,CCCCOCCCC,training,Train,4.666065493
CC(C)C(=O)C(C)(C)C,287.9,408,120.1,5.96966,2202.715,-38.782,https://webbook.nist.gov/cgi/cbook.cgi?ID=C5857363&Units=SI&Mask=4,387,44053.64349,4.643981833,CC(C)C(=O)C(C)(C)C,training,Train,4.643981833
Cc1ccccc1C,336.61,418.52,81.91,4.12928,1478.244,-59.076,https://webbook.nist.gov/cgi/cbook.cgi?ID=C95476&Units=SI&Mask=4,387,41820.96275,4.621394026,Cc1ccccc1C,training,Train,4.621394026
CCCOC(=O)CCC,271.6,415.9,144.3,4.63824,1746.225,-39.08,https://webbook.nist.gov/cgi/cbook.cgi?ID=C105668&Units=SI&Mask=4,387,41610.05274,4.619198266,CCCOC(=O)CCC,valid,Val.,4.619198266
CCC(CC)(CC)CC,336.03,420.34,84.31,4.02803,1458.142,-56.803,https://webbook.nist.gov/cgi/cbook.cgi?ID=C1067205&Units=SI&Mask=4,387,40931.1628,4.612054083,CCC(CC)(CC)CC,training,Train,4.612054083
C=Cc1ccccc1,303.07,417.92,114.85,4.21948,1525.059,-56.379,https://webbook.nist.gov/cgi/cbook.cgi?ID=C100425&Units=SI&Mask=4,387,40436.1104,4.606769374,C=Cc1ccccc1,valid,Val.,4.606769374
CCCCC(C)O,298,415,117,5.51932,2076.433,-36.261,https://webbook.nist.gov/cgi/cbook.cgi?ID=C626937&Units=SI&Mask=4,387,39733.26856,4.599154293,CCCCC(C)O,training,Train,4.599154293
C=CCCCCCCC,339.76,421.01,81.25,4.07879,1435.359,-67.615,https://webbook.nist.gov/cgi/cbook.cgi?ID=C124118&Units=SI&Mask=4,387,38428.72373,4.584655961,C=CCCCCCCC,training,Train,4.584655961
CCC1CCCC(C)C1,348.31,464.42,116.11,4.01035,1441.777,-61.587,https://webbook.nist.gov/cgi/cbook.cgi?ID=C19489102&Units=SI&Mask=4,387,37996.47914,4.579743356,CCC1CCCC(C)C1,training,Train,4.579743356
C=CC(=O)OCCCC,272.7,420.6,147.9,4.42683,1658.03,-45.561,https://webbook.nist.gov/cgi/cbook.cgi?ID=C141322&Units=SI&Mask=4,387,37224.04031,4.57082351,C=CC(=O)OCCCC,training,Train,4.57082351
CCCCCCC=O,285,428,143,2.60077,686.453,-161.333,https://webbook.nist.gov/cgi/cbook.cgi?ID=C111717&Units=SI&Mask=4,387,36214.73203,4.558885276,CCCCCCC=O,training,Train,4.558885276
CCOC(OCC)OCC,278.7,419,140.3,4.84152,1821.195,-42.668,https://webbook.nist.gov/cgi/cbook.cgi?ID=C122510&Units=SI&Mask=4,387,35682.31748,4.552453053,CCOC(OCC)OCC,training,Train,4.552453053
C1CCCCCCC1,369.86,467.6,97.74,3.98805,1438.687,-63.024,https://webbook.nist.gov/cgi/cbook.cgi?ID=C292648&Units=SI&Mask=4,387,35263.79778,4.547329082,C1CCCCCCC1,training,Train,4.547329082
O=C(OC1CCCCC1)C(F)(F)F,345,420.1,75.1,4.8594,1905.8,-28.3,https://webbook.nist.gov/cgi/cbook.cgi?ID=C1549457&Units=SI&Mask=4,387,35182.36314,4.546325007,O=C(OC1CCCCC1)C(F)(F)F,valid,Val.,4.546325007
CC(C)COC(=O)C(C)C,277.3,420.7,143.4,4.76033,1806.356,-40.698,https://webbook.nist.gov/cgi/cbook.cgi?ID=C97858&Units=SI&Mask=4,387,35010.69448,4.544200726,CC(C)COC(=O)C(C)C,training,Train,4.544200726
CCCCCCCCC,343.49,424.94,81.45,4.06245,1430.377,-71.355,https://webbook.nist.gov/cgi/cbook.cgi?ID=C111842&Units=SI&Mask=4,387,33950.76982,4.530849626,CCCCCCCCC,training,Train,4.530849626
CC(C)c1ccccc1,343.17,426.52,83.35,4.05419,1455.811,-65.948,https://webbook.nist.gov/cgi/cbook.cgi?ID=C98828&Units=SI&Mask=4,387,33089.31685,4.519687801,CC(C)c1ccccc1,test,Test,4.519687801
CC(C)C1CCCCC1,343.66,428.8,85.14,3.99747,1452.816,-63.759,https://webbook.nist.gov/cgi/cbook.cgi?ID=C696297&Units=SI&Mask=4,387,31837.6607,4.50294115,CC(C)C1CCCCC1,test,Test,4.50294115
CC1=CCC2CC1C2(C)C,292.59,428.91,136.32,3.92161,1411.869,-68.817,https://webbook.nist.gov/cgi/cbook.cgi?ID=C80568&Units=SI&Mask=4,387,30501.6905,4.48432391,CC1=CCC2CC1C2(C)C,training,Train,4.48432391
COc1ccccc1,383.03,437.26,54.23,4.17726,1489.756,-69.607,https://webbook.nist.gov/cgi/cbook.cgi?ID=C100663&Units=SI&Mask=4,387,30446.21397,4.483533295,COc1ccccc1,test,Test,4.483533295
CCCC(=O)CCC,296,416.9,120.9,5.94977,2199.856,-46.879,https://webbook.nist.gov/cgi/cbook.cgi?ID=C123193&Units=SI&Mask=4,387,30332.4222,4.481907092,CCCC(=O)CCC,training,Train,4.481907092
O=C1CCCCC1,362.78,438.92,76.14,4.1033,1495.51,-63.598,https://webbook.nist.gov/cgi/cbook.cgi?ID=C108941&Units=SI&Mask=4,387,30129.60301,4.478993409,O=C1CCCCC1,training,Train,4.478993409
CCCC1CCCCC1,345.84,430.89,85.05,4.01356,1461.715,-65.16,https://webbook.nist.gov/cgi/cbook.cgi?ID=C1678928&Units=SI&Mask=4,387,29635.73174,4.471815655,CCCC1CCCCC1,training,Train,4.471815655
CCCC(C)CO,298,423,125,6.198,2625.143,3.181,https://webbook.nist.gov/cgi/cbook.cgi?ID=C105306&Units=SI&Mask=4,387,29511.18107,4.469986591,CCCC(C)CO,test,Test,4.469986591
CCCC(=O)OCC(C)C,277.8,430.1,152.3,4.75676,1927.291,-25.089,https://webbook.nist.gov/cgi/cbook.cgi?ID=C539902&Units=SI&Mask=4,387,27004.8923,4.43144245,CCCC(=O)OCC(C)C,training,Train,4.43144245
CCCc1ccccc1,348.97,433.39,84.42,4.07584,1490.963,-66,https://webbook.nist.gov/cgi/cbook.cgi?ID=C103651&Units=SI&Mask=4,387,26983.32422,4.431095452,CCCc1ccccc1,training,Train,4.431095452
CC(C)CCCCC(C)C,279.4,432.9,153.5,4.03804,1487.634,-64.162,https://webbook.nist.gov/cgi/cbook.cgi?ID=C1072168&Units=SI&Mask=4,387,26918.49988,4.430050854,CC(C)CCCCC(C)C,training,Train,4.430050854
CCCOC(=O)CC(C)C,281,429.1,148.1,4.7678,1873.942,-35.977,https://webbook.nist.gov/cgi/cbook.cgi?ID=C557006&Units=SI&Mask=4,387,26870.99329,4.42928372,CCCOC(=O)CC(C)C,training,Train,4.42928372
CCc1cccc(C)c1,351.3,435.47,84.17,4.14072,1529.184,-64.641,https://webbook.nist.gov/cgi/cbook.cgi?ID=C620144&Units=SI&Mask=4,387,24945.3834,4.396990183,CCc1cccc(C)c1,training,Train,4.396990183
CCc1ccc(C)cc1,351.46,436.16,84.7,4.12291,1527.113,-64.229,https://webbook.nist.gov/cgi/cbook.cgi?ID=C622968&Units=SI&Mask=4,387,24640.61911,4.391651616,CCc1ccc(C)cc1,training,Train,4.391651616
CCCCCC(C)=O,292.4,423.4,131,7.24794,3331.738,36.682,https://webbook.nist.gov/cgi/cbook.cgi?ID=C110430&Units=SI&Mask=4,387,24219.74301,4.384169531,CCCCCC(C)=O,valid,Val.,4.384169531
C=C1C2CCC(C2)C1(C)C,320.4,433.7,113.3,4.73866,1893.487,-33.855,https://webbook.nist.gov/cgi/cbook.cgi?ID=C79925&Units=SI&Mask=4,387,23816.42637,4.376876597,C=C1C2CCC(C2)C1(C)C,training,Train,4.376876597
CCOC(=O)CCC(C)C,284,433.6,149.6,4.69631,1847.593,-40.092,https://webbook.nist.gov/cgi/cbook.cgi?ID=C25415672&Units=SI&Mask=4,387,23465.10191,4.370422445,CCOC(=O)CCC(C)C,training,Train,4.370422445
COCCOCCOC,286,433,147,4.87223,1922.137,-38.063,https://webbook.nist.gov/cgi/cbook.cgi?ID=C111966&Units=SI&Mask=4,387,23103.60474,4.363679746,COCCOCCOC,test,Test,4.363679746
C=C1CCC2CC1C2(C)C,291.86,439.06,147.2,3.94631,1465.029,-67.626,https://webbook.nist.gov/cgi/cbook.cgi?ID=C127913&Units=SI&Mask=4,387,22862.34036,4.359120686,C=C1CCC2CC1C2(C)C,training,Train,4.359120686
CCc1ccccc1C,354.3,439.32,85.02,4.12804,1535.374,-65.8,https://webbook.nist.gov/cgi/cbook.cgi?ID=C611143&Units=SI&Mask=4,387,22280.33383,4.347921694,CCc1ccccc1C,training,Train,4.347921694
Cc1cc(C)cc(C)c1,354.64,438.87,84.23,4.19927,1569.622,-63.572,https://webbook.nist.gov/cgi/cbook.cgi?ID=C108678&Units=SI&Mask=4,387,22191.66414,4.346189871,Cc1cc(C)cc(C)c1,training,Train,4.346189871
CC(C)COCCO,344.5,432,87.5,4.73287,1766.888,-59.128,https://webbook.nist.gov/cgi/cbook.cgi?ID=C4439241&Units=SI&Mask=4,387,22075.64157,4.343913334,CC(C)COCCO,training,Train,4.343913334
CCCCCCO,325.4,430.5,105.1,4.41271,1422.031,-107.706,https://webbook.nist.gov/cgi/cbook.cgi?ID=C111273&Units=SI&Mask=4,387,20950.28585,4.321189953,CCCCCCO,training,Train,4.321189953
C=C(C)c1ccccc1,280.6,438.6,158,5.21967,2326.867,7.23,https://webbook.nist.gov/cgi/cbook.cgi?ID=C98839&Units=SI&Mask=4,387,20766.42332,4.317361703,C=C(C)c1ccccc1,training,Train,4.317361703
CC(C)(C)c1ccccc1,357.03,443.31,86.28,4.0454,1504.572,-69.822,https://webbook.nist.gov/cgi/cbook.cgi?ID=C98066&Units=SI&Mask=4,387,20034.55491,4.301779698,CC(C)(C)c1ccccc1,training,Train,4.301779698
CCC(=O)OC(=O)CC,340.7,440,99.3,3.23076,949.198,-145.898,https://webbook.nist.gov/cgi/cbook.cgi?ID=C123626&Units=SI&Mask=4,387,19671.85584,4.293845333,CCC(=O)OC(=O)CC,training,Train,4.293845333
Cc1ccc(C)c(C)c1,358,443.53,85.53,4.16873,1573.267,-64.586,https://webbook.nist.gov/cgi/cbook.cgi?ID=C95636&Units=SI&Mask=4,387,19457.25065,4.289081474,Cc1ccc(C)c(C)c1,training,Train,4.289081474
CC(C)(C)C1CCCCC1,357.18,445.82,88.64,3.97939,1500.118,-67.227,https://webbook.nist.gov/cgi/cbook.cgi?ID=C3178221&Units=SI&Mask=4,387,19417.5053,4.288193432,CC(C)(C)C1CCCCC1,training,Train,4.288193432
OC1CCCCC1,366.88,433.9,67.02,3.08077,777.363,-182.037,https://webbook.nist.gov/cgi/cbook.cgi?ID=C108930&Units=SI&Mask=4,387,19412.02446,4.28807083,OC1CCCCC1,training,Train,4.28807083
CC(C)CC1CCCCC1,357.9,445.54,87.64,3.99193,1492.462,-70.065,https://webbook.nist.gov/cgi/cbook.cgi?ID=C1678984&Units=SI&Mask=4,387,19181.49282,4.282882403,CC(C)CC1CCCCC1,training,Train,4.282882403
CC(C)CCOC(=O)C(C)C,287.9,442,154.1,4.6188,1848.636,-41.246,https://webbook.nist.gov/cgi/cbook.cgi?ID=C2050013&Units=SI&Mask=4,387,18711.99059,4.272119991,CC(C)CCOC(=O)C(C)C,training,Train,4.272119991
C=Cc1cccc(C)c1,340.8,442.3,101.5,4.21774,1584.496,-66.922,https://webbook.nist.gov/cgi/cbook.cgi?ID=C100801&Units=SI&Mask=4,387,18509.58349,4.267396646,C=Cc1cccc(C)c1,training,Train,4.267396646
C=CCCCCCCCC,359.92,444.8,84.88,4.08526,1501.872,-75.572,https://webbook.nist.gov/cgi/cbook.cgi?ID=C872059&Units=SI&Mask=4,387,18311.6037,4.262726381,C=CCCCCCCCC,training,Train,4.262726381
CC(C)COC(=O)CC(C)C,289,441.9,152.9,4.6985,1886.088,-40.071,https://webbook.nist.gov/cgi/cbook.cgi?ID=C589593&Units=SI&Mask=4,387,18279.9719,4.261975524,CC(C)COC(=O)CC(C)C,valid,Val.,4.261975524
C=Cc1ccc(C)cc1,341.8,443,101.2,4.10881,1517.281,-74.304,https://webbook.nist.gov/cgi/cbook.cgi?ID=C622979&Units=SI&Mask=4,387,18053.19757,4.256554135,C=Cc1ccc(C)cc1,training,Train,4.256554135
CC(C)Cc1ccccc1,359.79,446.96,87.17,4.05523,1526.384,-68.979,https://webbook.nist.gov/cgi/cbook.cgi?ID=C538932&Units=SI&Mask=4,387,18013.46547,4.255597271,CC(C)Cc1ccccc1,training,Train,4.255597271
C=CC(=C)CCC=C(C)C,287.7,444.7,157,4.56112,1849.102,-38.899,https://webbook.nist.gov/cgi/cbook.cgi?ID=C123353&Units=SI&Mask=4,387,17748.0318,4.249150198,C=CC(=C)CCC=C(C)C,training,Train,4.249150198
CCC(C)c1ccccc1,360.27,447.51,87.24,4.07587,1540.174,-68.049,https://webbook.nist.gov/cgi/cbook.cgi?ID=C135988&Units=SI&Mask=4,387,17660.23992,4.246996599,CCC(C)c1ccccc1,training,Train,4.246996599
CC(=O)CC(C)(C)O,295,441.1,146.1,4.9994,1996.859,-41.526,https://webbook.nist.gov/cgi/cbook.cgi?ID=C123422&Units=SI&Mask=4,387,16570.82736,4.219344193,CC(=O)CC(C)(C)O,valid,Val.,4.219344193
Cc1ccc(OC(=O)C(F)(F)F)cc1,365.6,441.5,75.9,4.8087,1890,-49,https://webbook.nist.gov/cgi/cbook.cgi?ID=C1813292&Units=SI&Mask=4,387,16481.01762,4.216984024,Cc1ccc(OC(=O)C(F)(F)F)cc1,valid,Val.,4.216984024
Cc1cccc(C(C)C)c1,289.77,448.06,158.29,4.44393,1784.78,-45.917,https://webbook.nist.gov/cgi/cbook.cgi?ID=C535773&Units=SI&Mask=4,387,16264.64919,4.211244701,Cc1cccc(C(C)C)c1,training,Train,4.211244701
CCCCCCCCCC,367.63,448.27,80.64,4.07857,1501.268,-78.67,https://webbook.nist.gov/cgi/cbook.cgi?ID=C124185&Units=SI&Mask=4,387,16200.93444,4.209540065,CCCCCCCCCC,training,Train,4.209540065
CC(C)CCOCCC(C)C,291.8,446.6,154.8,4.73659,1935.574,-37.417,https://webbook.nist.gov/cgi/cbook.cgi?ID=C544014&Units=SI&Mask=4,387,15840.97323,4.19978186,CC(C)CCOCCC(C)C,training,Train,4.19978186
Cc1cccc(C)c1C,363.48,450.28,86.8,4.16572,1593.958,-66.072,https://webbook.nist.gov/cgi/cbook.cgi?ID=C526738&Units=SI&Mask=4,387,15812.6524,4.199004724,Cc1cccc(C)c1C,training,Train,4.199004724
Cc1ccc(C(C)C)cc1,380.19,451.57,71.38,4.16214,1599.29,-65.491,https://webbook.nist.gov/cgi/cbook.cgi?ID=C99876&Units=SI&Mask=4,387,15410.46692,4.187815798,Cc1ccc(C(C)C)cc1,training,Train,4.187815798
CCCCOCCO,365.8,443.4,77.6,4.25626,1511.414,-88.815,https://webbook.nist.gov/cgi/cbook.cgi?ID=C111762&Units=SI&Mask=4,387,15400.95399,4.187547623,CCCCOCCO,training,Train,4.187547623
CC(=O)OC1CCCCC1,368.7,445.4,76.7,4.8224,1959.7,-39.6,https://webbook.nist.gov/cgi/cbook.cgi?ID=C622457&Units=SI&Mask=4,387,15182.81207,4.181352216,CC(=O)OC1CCCCC1,valid,Val.,4.181352216
CC1=CCC(C(C)C)C=C1,293,448,155,4.68169,1903.599,-41.163,https://webbook.nist.gov/cgi/cbook.cgi?ID=C99832&Units=SI&Mask=4,387,15044.08257,4.177365708,CC1=CCC(C(C)C)C=C1,training,Train,4.177365708
CCC(C)C1CCCCC1,364.61,453.57,88.96,4.01397,1529.373,-70.93,https://webbook.nist.gov/cgi/cbook.cgi?ID=C7058017&Units=SI&Mask=4,387,14971.10626,4.175253893,CCC(C)C1CCCCC1,training,Train,4.175253893
Cc1ccccc1C(C)C,354.32,452.86,98.54,4.54164,1880.47,-36.878,https://webbook.nist.gov/cgi/cbook.cgi?ID=C527844&Units=SI&Mask=4,387,14816.33243,4.170740713,Cc1ccccc1C(C)C,valid,Val.,4.170740713
CCCCCCC(C)=O,296.8,446.1,149.3,4.9448,2004.031,-40.324,https://webbook.nist.gov/cgi/cbook.cgi?ID=C111137&Units=SI&Mask=4,387,14591.40058,4.16409698,CCCCCCC(C)=O,training,Train,4.16409698
CC=Cc1ccccc1,290.7,452,161.3,4.57451,1909.083,-34.276,https://webbook.nist.gov/cgi/cbook.cgi?ID=C637503&Units=SI&Mask=4,387,14524.83042,4.162111071,CC=Cc1ccccc1,training,Train,4.162111071
O=Cc1ccccc1,299.4,452,152.6,3.87652,1380.729,-94.98,https://webbook.nist.gov/cgi/cbook.cgi?ID=C100527&Units=SI&Mask=4,387,14070.83521,4.148319877,O=Cc1ccccc1,training,Train,4.148319877
CCCC(=O)OCCC(C)C,294.4,451.8,157.4,4.64876,1910.84,-40.296,https://webbook.nist.gov/cgi/cbook.cgi?ID=C106274&Units=SI&Mask=4,387,13718.76696,4.137315079,CCCC(=O)OCCC(C)C,training,Train,4.137315079
CCc1cccc(CC)c1,368.24,455.31,87.07,4.13091,1576.261,-72.146,https://webbook.nist.gov/cgi/cbook.cgi?ID=C141935&Units=SI&Mask=4,387,13322.52163,4.124586434,CCc1cccc(CC)c1,test,Test,4.124586434
C1=Cc2ccccc2C1,289.6,454.8,165.2,5.33514,2511.452,16.524,https://webbook.nist.gov/cgi/cbook.cgi?ID=C95136&Units=SI&Mask=4,387,12922.35487,4.111341663,C1=Cc2ccccc2C1,training,Train,4.111341663
CCCCc1ccccc1,369.38,457.48,88.1,4.10808,1577.965,-71.772,https://webbook.nist.gov/cgi/cbook.cgi?ID=C104518&Units=SI&Mask=4,387,12655.82729,4.10229054,CCCCc1ccccc1,training,Train,4.10229054
CCc1ccccc1CC,369.88,457.64,87.76,4.11506,1577.894,-72.596,https://webbook.nist.gov/cgi/cbook.cgi?ID=C135013&Units=SI&Mask=4,387,12484.66897,4.096377032,CCc1ccccc1CC,training,Train,4.096377032
CCc1ccc(CC)cc1,369.97,457.97,88,4.12544,1589.273,-71.131,https://webbook.nist.gov/cgi/cbook.cgi?ID=C105055&Units=SI&Mask=4,387,12416.7875,4.094009249,CCc1ccc(CC)cc1,training,Train,4.094009249
C1CCC2CCCCC2C1,365.51,461.02,95.51,3.99304,1572.899,-65.947,https://webbook.nist.gov/cgi/cbook.cgi?ID=C493027&Units=SI&Mask=4,387,12412.2929,4.093852015,C1CCC2CCCCC2C1,training,Train,4.093852015
C1CCC2(CC1)CCCC2,348,389.3,41.3,5.0487,2313.661,1.343,https://webbook.nist.gov/cgi/cbook.cgi?ID=C176636&Units=SI&Mask=4,387,12328.86177,4.090922983,C1CCC2(CC1)CCCC2,training,Train,4.090922983
CC1=CCC(=C(C)C)CC1,313.7,452.1,138.4,2.95742,934.936,-146.641,https://webbook.nist.gov/cgi/cbook.cgi?ID=C586629&Units=SI&Mask=4,387,11686.15786,4.067671748,CC1=CCC(=C(C)C)CC1,training,Train,4.067671748
CCOC(=O)CC(C)=O,301.7,454,152.3,5.16327,2189.547,-29.184,https://webbook.nist.gov/cgi/cbook.cgi?ID=C141979&Units=SI&Mask=4,387,11068.06917,4.044071865,CCOC(=O)CC(C)=O,test,Test,4.044071865
CCOCc1ccccc1,299,458,159,4.67028,1947.232,-40.91,https://webbook.nist.gov/cgi/cbook.cgi?ID=C539300&Units=SI&Mask=4,387,11063.82652,4.043905358,CCOCc1ccccc1,training,Train,4.043905358
CCC(CO)CC(C)C,343.18,449.54,106.36,4.05413,1326.147,-122.631,https://webbook.nist.gov/cgi/cbook.cgi?ID=C106672&Units=SI&Mask=4,387,10910.81747,4.03785729,CCC(CO)CC(C)C,training,Train,4.03785729
CCCCCOCCCCC,378.61,459.9,81.29,3.87144,1396.465,-98.829,https://webbook.nist.gov/cgi/cbook.cgi?ID=C693652&Units=SI&Mask=4,387,10604.26282,4.025480483,CCCCCOCCCCC,test,Test,4.025480483
CCCCCCCO,336.8,449.6,112.8,3.9794,1256.783,-133.487,https://webbook.nist.gov/cgi/cbook.cgi?ID=C111706&Units=SI&Mask=4,387,10517.93211,4.021930363,CCCCCCCO,training,Train,4.021930363
C=Cc1ccc(CC)cc1,299,462,163,4.70051,2015.517,-32.959,https://webbook.nist.gov/cgi/cbook.cgi?ID=C3454077&Units=SI&Mask=4,387,10176.9701,4.007618499,C=Cc1ccc(CC)cc1,valid,Val.,4.007618499
CCCCCC(=O)OCCC,316.1,393.5,77.4,5.11462,2110.521,-41.492,https://webbook.nist.gov/cgi/cbook.cgi?ID=C626777&Units=SI&Mask=4,387,10142.90385,4.006162309,CCCCCC(=O)OCCC,training,Train,4.006162309
Oc1ccccc1,380.3,454.9,74.6,4.24688,1509.677,-98.949,https://webbook.nist.gov/cgi/cbook.cgi?ID=C108952&Units=SI&Mask=4,387,10136.17423,4.005874067,Oc1ccccc1,training,Train,4.005874067
CCCOc1ccccc1,374,463.1,89.1,5.28532,2503.005,11.18,https://webbook.nist.gov/cgi/cbook.cgi?ID=C622855&Units=SI&Mask=4,387,9981.726818,3.99920568,CCCOc1ccccc1,training,Train,3.99920568
CCCCCCCCC(C)C,273,462.37,189.37,4.21961,1640.288,-72.933,https://webbook.nist.gov/cgi/cbook.cgi?ID=C6975980&Units=SI&Mask=4,387,9928.354395,3.996877271,CCCCCCCCC(C)C,valid,Val.,3.996877271
CCc1ccccc1OC,302.9,460.3,157.4,4.8366,2037.873,-38.523,https://webbook.nist.gov/cgi/cbook.cgi?ID=C14804321&Units=SI&Mask=4,387,9742.239814,3.988658816,CCc1ccccc1OC,training,Train,3.988658816
C=Cc1cccc(CC)c1,301.4,464.7,163.3,4.55575,1916.608,-43.472,https://webbook.nist.gov/cgi/cbook.cgi?ID=C7525624&Units=SI&Mask=4,387,9474.579594,3.976559949,C=Cc1cccc(CC)c1,training,Train,3.976559949
CC12CCC(C1)C(C)(C)C2=O,301,464,163,4.76003,2055.813,-31.729,https://webbook.nist.gov/cgi/cbook.cgi?ID=C4695629&Units=SI&Mask=4,387,9406.430371,3.973424845,CC12CCC(C1)C(C)(C)C2=O,test,Test,3.973424845
CCCC(C)c1ccccc1,302,466,164,4.52531,1901.952,-45.153,https://webbook.nist.gov/cgi/cbook.cgi?ID=C29316050&Units=SI&Mask=4,387,9152.880559,3.961557795,CCCC(C)c1ccccc1,training,Train,3.961557795
C=Cc1cc(C)ccc1C,302,466,164,4.57734,1942.838,-41.3,https://webbook.nist.gov/cgi/cbook.cgi?ID=C2039896&Units=SI&Mask=4,387,9064.178079,3.957328429,C=Cc1cc(C)ccc1C,training,Train,3.957328429
CC(C)CCOC(=O)CC(C)C,300,467,167,4.79541,2131.904,-22.101,https://webbook.nist.gov/cgi/cbook.cgi?ID=C659701&Units=SI&Mask=4,387,8973.470625,3.952960445,CC(C)CCOC(=O)CC(C)C,training,Train,3.952960445
C=CCCCCCCCCC,379.02,466.89,87.87,4.09152,1562.469,-83.407,https://webbook.nist.gov/cgi/cbook.cgi?ID=C821954&Units=SI&Mask=4,387,8809.048576,3.944929005,C=CCCCCCCCCC,training,Train,3.944929005
CC(C)=CCCC(C)O,315.1,447.5,132.4,6.98845,3173.202,6.856,https://webbook.nist.gov/cgi/cbook.cgi?ID=C1569604&Units=SI&Mask=4,387,8544.629098,3.931693216,CC(C)=CCCC(C)O,training,Train,3.931693216
CCCCC(CC)CO,347.22,456.7,109.48,4.01389,1325.949,-126.68,https://webbook.nist.gov/cgi/cbook.cgi?ID=C104767&Units=SI&Mask=4,387,8324.441772,3.92035512,CCCCC(CC)CO,training,Train,3.92035512
Cc1cc(C)c(C)cc1C,318,469.1,151.1,2.9204,908.263,-160.447,https://webbook.nist.gov/cgi/cbook.cgi?ID=C95932&Units=SI&Mask=4,387,8153.553604,3.911346931,Cc1cc(C)c(C)cc1C,training,Train,3.911346931
CCCCCCCC(C)=O,305.3,468,162.7,4.72392,2030.504,-37.948,https://webbook.nist.gov/cgi/cbook.cgi?ID=C821556&Units=SI&Mask=4,387,8067.216427,3.906723708,CCCCCCCC(C)=O,training,Train,3.906723708
CCCCCCCCCCC,377.61,470.42,92.81,4.10164,1572.477,-85.128,https://webbook.nist.gov/cgi/cbook.cgi?ID=C1120214&Units=SI&Mask=4,387,7808.267664,3.892554692,CCCCCCCCCCC,training,Train,3.892554692
CCCCCCCC(=O)OC,373.5,418.9,45.4,4.37093,1703.997,-76.233,https://webbook.nist.gov/cgi/cbook.cgi?ID=C111115&Units=SI&Mask=4,387,7722.038757,3.887731977,CCCCCCCC(=O)OC,valid,Val.,3.887731977
CCc1ccc(OC)cc1,306.7,469.7,163,4.70046,2011.974,-41.003,https://webbook.nist.gov/cgi/cbook.cgi?ID=C1515953&Units=SI&Mask=4,387,7681.673139,3.885455824,CCc1ccc(OC)cc1,valid,Val.,3.885455824
CCc1cccc(OC)c1,306.9,469.7,162.8,4.71141,2023.231,-39.966,https://webbook.nist.gov/cgi/cbook.cgi?ID=C10568384&Units=SI&Mask=4,387,7609.293891,3.881344358,CCc1cccc(OC)c1,test,Test,3.881344358
O=Cc1ccccc1O,306,469.7,163.7,4.8788,2153.821,-28.196,https://webbook.nist.gov/cgi/cbook.cgi?ID=C90028&Units=SI&Mask=4,387,7516.598002,3.876021324,O=Cc1ccccc1O,training,Train,3.876021324
COC(=O)c1ccccc1,384.03,472.3,88.27,1.95374,474.908,-232.81,https://webbook.nist.gov/cgi/cbook.cgi?ID=C93583&Units=SI&Mask=4,387,7476.904621,3.873721841,COC(=O)c1ccccc1,valid,Val.,3.873721841
C=Cc1cccc(C=C)c1,305.9,472.7,166.8,4.62712,2011.921,-37.565,https://webbook.nist.gov/cgi/cbook.cgi?ID=C108576&Units=SI&Mask=4,387,7404.22844,3.869479809,C=Cc1cccc(C=C)c1,training,Train,3.869479809
Cc1cc(C)c(C)c(C)c1,313.8,471.1,157.3,3.71768,1334.012,-111.909,https://webbook.nist.gov/cgi/cbook.cgi?ID=C527537&Units=SI&Mask=4,387,7384.684851,3.868331966,Cc1cc(C)c(C)c(C)c1,training,Train,3.868331966
CC(=O)OCCOC(C)=O,373,463,90,3.34065,990.526,-166.6,https://webbook.nist.gov/cgi/cbook.cgi?ID=C111557&Units=SI&Mask=4,387,7021.508069,3.846430399,CC(=O)OCCOC(C)=O,valid,Val.,3.846430399
CCOC(=O)c1ccco1,310.8,468,157.2,5.00078,2153.093,-37.228,https://webbook.nist.gov/cgi/cbook.cgi?ID=C614993&Units=SI&Mask=4,387,6999.640134,3.845075713,CCOC(=O)c1ccco1,training,Train,3.845075713
CCc1cc(C)cc(CC)c1,307,473.9,166.9,4.72276,2076.759,-33.731,https://webbook.nist.gov/cgi/cbook.cgi?ID=C2050240&Units=SI&Mask=4,387,6983.446709,3.844069823,CCc1cc(C)cc(CC)c1,valid,Val.,3.844069823
CC(=O)Oc1ccccc1,311.4,469.1,157.7,5.02585,2174.699,-36.045,https://webbook.nist.gov/cgi/cbook.cgi?ID=C122792&Units=SI&Mask=4,387,6750.437613,3.829331928,CC(=O)Oc1ccccc1,training,Train,3.829331928
C=Cc1ccc(C(C)C)cc1,307.9,475.7,167.8,4.64584,2035.762,-37.095,https://webbook.nist.gov/cgi/cbook.cgi?ID=C2055405&Units=SI&Mask=4,387,6726.636508,3.82779796,C=Cc1ccc(C(C)C)cc1,training,Train,3.82779796
CC12CCC(C1)C(C)(C)C2O,332.3,472.4,140.1,3.71725,1292.226,-123.546,https://webbook.nist.gov/cgi/cbook.cgi?ID=C1632731&Units=SI&Mask=4,387,6490.97951,3.812310238,CC12CCC(C1)C(C)(C)C2O,training,Train,3.812310238
CC(=O)c1ccccc1,310.3,475.6,165.3,4.64896,2006.397,-43.472,https://webbook.nist.gov/cgi/cbook.cgi?ID=C98862&Units=SI&Mask=4,387,6432.751657,3.808396785,CC(=O)c1ccccc1,training,Train,3.808396785
COC(=O)CCC(C)=O,312.9,470.9,158,4.88915,2086.056,-44.271,https://webbook.nist.gov/cgi/cbook.cgi?ID=C624453&Units=SI&Mask=4,387,6346.658514,3.802545131,COC(=O)CCC(C)=O,training,Train,3.802545131
CCOC(=O)C(=O)OCC,320.6,458.9,138.3,5.98158,2537.141,-34.06,https://webbook.nist.gov/cgi/cbook.cgi?ID=C95921&Units=SI&Mask=4,387,6208.545545,3.792989871,CCOC(=O)C(=O)OCC,training,Train,3.792989871
c1ccc2c(c1)CCCC2,367,479.4,112.4,4.12671,1690.912,-70.229,https://webbook.nist.gov/cgi/cbook.cgi?ID=C119642&Units=SI&Mask=4,387,6148.180557,3.788746613,c1ccc2c(c1)CCCC2,test,Test,3.788746613
CC(C)=CC(=O)C=C(C)C,315,470.4,155.4,5.195,2259.288,-35.106,https://webbook.nist.gov/cgi/cbook.cgi?ID=C504201&Units=SI&Mask=4,387,5951.61427,3.774634776,CC(C)=CC(=O)C=C(C)C,training,Train,3.774634776
Cc1ccc(C)c(C)c1C,315.8,477.6,161.8,4.21596,1675.172,-79.655,https://webbook.nist.gov/cgi/cbook.cgi?ID=C488233&Units=SI&Mask=4,387,5827.721537,3.765498792,Cc1ccc(C)c(C)c1C,training,Train,3.765498792
CC1(C)CCC(=O)O1,311.4,480,168.6,4.80624,2156.126,-30.786,https://webbook.nist.gov/cgi/cbook.cgi?ID=C3123975&Units=SI&Mask=4,387,5666.890621,3.75334483,CC1(C)CCC(=O)O1,training,Train,3.75334483
CCOC(=O)CC(=O)OCC,313,472.1,159.1,5.90564,2864.822,13.407,https://webbook.nist.gov/cgi/cbook.cgi?ID=C105533&Units=SI&Mask=4,387,5634.624556,3.750864984,CCOC(=O)CC(=O)OCC,training,Train,3.750864984
CCc1cc(C)c(C)cc1C,316.9,481.3,164.4,3.48581,1275.902,-118.101,https://webbook.nist.gov/cgi/cbook.cgi?ID=C17851273&Units=SI&Mask=4,387,5506.787802,3.740898342,CCc1cc(C)c(C)cc1C,training,Train,3.740898342
C=Cc1c(C)cc(C)cc1C,363.1,481.1,118,4.26105,1741.148,-72.771,https://webbook.nist.gov/cgi/cbook.cgi?ID=C769255&Units=SI&Mask=4,387,5248.482274,3.720033735,C=Cc1c(C)cc(C)cc1C,test,Test,3.720033735
CCCCCCCCO,352.1,468.5,116.4,3.74844,1196.639,-149.043,https://webbook.nist.gov/cgi/cbook.cgi?ID=C111875&Units=SI&Mask=4,387,5243.683574,3.719636477,CCCCCCCCO,training,Train,3.719636477
CC1=CC(=O)CC(C)(C)C1,311,488.4,177.4,4.42483,1985.971,-39.054,https://webbook.nist.gov/cgi/cbook.cgi?ID=C78591&Units=SI&Mask=4,387,5213.520724,3.717131104,CC1=CC(=O)CC(C)(C)C1,valid,Val.,3.717131104
O=CC(=O)c1ccccc1,348,466.7,118.7,5.73424,2453.966,-38.162,https://webbook.nist.gov/cgi/cbook.cgi?ID=C1074120&Units=SI&Mask=4,387,5006.721242,3.699553412,O=CC(=O)c1ccccc1,training,Train,3.699553412
C=Cc1ccc(OC)cc1,318.4,477.7,159.3,5.0808,2234.943,-37.386,https://webbook.nist.gov/cgi/cbook.cgi?ID=C637694&Units=SI&Mask=4,387,4877.513107,3.688198445,C=Cc1ccc(OC)cc1,training,Train,3.688198445
CCOCCOCCO,318.4,475.1,156.7,5.75422,2708.472,-4.207,https://webbook.nist.gov/cgi/cbook.cgi?ID=C111900&Units=SI&Mask=4,387,4771.637211,3.678667417,CCOCCOCCO,training,Train,3.678667417
COC(=O)C=CC(=O)OC,318.9,478,159.1,5.31903,2404.877,-25.365,https://webbook.nist.gov/cgi/cbook.cgi?ID=C624486&Units=SI&Mask=4,387,4666.789884,3.669018248,COC(=O)C=CC(=O)OC,test,Test,3.669018248
Cc1cccc(O)c1C,357,492,135,4.65079,2147.312,-28.347,https://webbook.nist.gov/cgi/cbook.cgi?ID=C526750&Units=SI&Mask=4,387,4609.273693,3.663632497,Cc1cccc(O)c1C,training,Train,3.663632497
CCc1ccccc1O,359,480.7,121.7,5.32312,2469.434,-16.292,https://webbook.nist.gov/cgi/cbook.cgi?ID=C90006&Units=SI&Mask=4,387,4589.028254,3.661720732,CCc1ccccc1O,training,Train,3.661720732
CCOC(=O)CCC(C)=O,320.4,479.4,159,4.99797,2165.008,-45.466,https://webbook.nist.gov/cgi/cbook.cgi?ID=C539888&Units=SI&Mask=4,387,4559.317169,3.658899805,CCOC(=O)CCC(C)=O,training,Train,3.658899805
CCOC(=O)c1ccccc1,317,486.6,169.6,4.76503,2139.509,-37.032,https://webbook.nist.gov/cgi/cbook.cgi?ID=C93890&Units=SI&Mask=4,387,4483.200888,3.6515882,CCOC(=O)c1ccccc1,test,Test,3.6515882
CC(=O)CCC(=O)OC(C)C,321,481.4,160.4,4.6898,1971.504,-60.601,https://webbook.nist.gov/cgi/cbook.cgi?ID=C21884264&Units=SI&Mask=4,387,4463.077577,3.649634436,CC(=O)CCC(=O)OC(C)C,training,Train,3.649634436
c1ccc2ccccc2c1,353.48,452.3,98.82,4.27117,1831.571,-61.329,https://webbook.nist.gov/cgi/cbook.cgi?ID=C91203&Units=SI&Mask=4,387,4437.908082,3.647178303,c1ccc2ccccc2c1,test,Test,3.647178303
CC1(C)C2CCC1(C)C(OC=O)C2,320,487,167,5.02013,2298.985,-28.831,https://webbook.nist.gov/cgi/cbook.cgi?ID=C7492413&Units=SI&Mask=4,387,3994.05696,3.601414254,CC1(C)C2CCC1(C)C(OC=O)C2,training,Train,3.601414254
CCc1ccc(CC)c(CC)c1,319,491,172,4.70359,2133.558,-37.469,https://webbook.nist.gov/cgi/cbook.cgi?ID=C877441&Units=SI&Mask=4,387,3976.770792,3.59953056,CCc1ccc(CC)c(CC)c1,training,Train,3.59953056
CC(=O)OCc1ccccc1,319,429,110,2.34301,791.918,-175.864,https://webbook.nist.gov/cgi/cbook.cgi?ID=C140114&Units=SI&Mask=4,387,3910.764527,3.592261667,CC(=O)OCc1ccccc1,test,Test,3.592261667
CC(C)CCC(=O)O,369.1,406.3,37.2,3.09143,926.574,-181.221,https://webbook.nist.gov/cgi/cbook.cgi?ID=C646071&Units=SI&Mask=4,387,3878.53154,3.588667327,CC(C)CCC(=O)O,valid,Val.,3.588667327
CCOC(=O)C(CC)C(=O)OCC,323.9,484.7,160.8,5.09388,2265.223,-39.6,https://webbook.nist.gov/cgi/cbook.cgi?ID=C133131&Units=SI&Mask=4,387,3744.348454,3.573376258,CCOC(=O)C(CC)C(=O)OCC,training,Train,3.573376258
CC1CCC(C(C)C)C(OC=O)C1,320.4,492,171.6,4.84383,2228.802,-31.607,https://webbook.nist.gov/cgi/cbook.cgi?ID=C2230902&Units=SI&Mask=4,387,3736.432851,3.572457182,CC1CCC(C(C)C)C(OC=O)C1,training,Train,3.572457182
CCCCCCCCCC=O,325.1,481.7,156.6,5.33284,2378.316,-35.245,https://webbook.nist.gov/cgi/cbook.cgi?ID=C112312&Units=SI&Mask=4,387,3728.674272,3.571554446,CCCCCCCCCC=O,training,Train,3.571554446
COC(=O)C=C(C)C(=O)OC,323.9,483.7,159.8,5.36126,2445.903,-26.955,https://webbook.nist.gov/cgi/cbook.cgi?ID=C617549&Units=SI&Mask=4,387,3697.721221,3.567934166,COC(=O)C=C(C)C(=O)OC,training,Train,3.567934166
C=Cc1cc(C)c(C)cc1C,352.7,489.5,136.8,3.96579,1539.349,-101.833,https://webbook.nist.gov/cgi/cbook.cgi?ID=C3937244&Units=SI&Mask=4,387,3695.970645,3.567728513,C=Cc1cc(C)c(C)cc1C,training,Train,3.567728513
C=CC(=O)OCC(CC)CCCC,323,489,166,4.9345,2220.034,-38.812,https://webbook.nist.gov/cgi/cbook.cgi?ID=C103117&Units=SI&Mask=4,387,3618.565515,3.55853644,C=CC(=O)OCC(CC)CCCC,training,Train,3.55853644
CCCOC(=O)C(=O)OCCC,326.6,486.7,160.1,5.1117,2266.717,-42.632,https://webbook.nist.gov/cgi/cbook.cgi?ID=C615985&Units=SI&Mask=4,387,3384.136518,3.529447874,CCCOC(=O)C(=O)OCCC,valid,Val.,3.529447874
C=CCc1ccc(OC)cc1,325.8,488,162.2,5.03793,2246.739,-41.799,https://webbook.nist.gov/cgi/cbook.cgi?ID=C140670&Units=SI&Mask=4,387,3384.035804,3.529434949,C=CCc1ccc(OC)cc1,training,Train,3.529434949
CC1=CCC(C(C)(C)O)CC1,357,490.1,133.1,4.42892,1844.962,-74.617,https://webbook.nist.gov/cgi/cbook.cgi?ID=C98555&Units=SI&Mask=4,387,3332.961984,3.52283036,CC1=CCC(C(C)(C)O)CC1,valid,Val.,3.52283036
COC(=O)c1ccccc1O,352,493.7,141.7,4.02455,1585.874,-99.173,https://webbook.nist.gov/cgi/cbook.cgi?ID=C119368&Units=SI&Mask=4,387,3271.397665,3.514733339,COC(=O)c1ccccc1O,training,Train,3.514733339
Cc1cc(C)c(O)c(C)c1,367,493.8,126.8,4.51555,1917.363,-68.384,https://webbook.nist.gov/cgi/cbook.cgi?ID=C527606&Units=SI&Mask=4,387,3146.036082,3.497763699,Cc1cc(C)c(O)c(C)c1,training,Train,3.497763699
CC1CCC(C(C)C)C(O)C1,329,485,156,5.38347,2405.946,-37.853,https://webbook.nist.gov/cgi/cbook.cgi?ID=C89781&Units=SI&Mask=4,387,3108.453688,3.492544401,CC1CCC(C(C)C)C(O)C1,training,Train,3.492544401
CCc1cccc(O)c1,370.3,491.4,121.1,2.78216,849.051,-189.088,https://webbook.nist.gov/cgi/cbook.cgi?ID=C620177&Units=SI&Mask=4,387,3105.395723,3.492116951,CCc1cccc(O)c1,training,Train,3.492116951
CCOC(=O)C=CC(=O)OCC,326.4,491.7,165.3,5.11513,2350.619,-32.09,https://webbook.nist.gov/cgi/cbook.cgi?ID=C623916&Units=SI&Mask=4,387,3104.480398,3.491988922,CCOC(=O)C=CC(=O)OCC,test,Test,3.491988922
C=C(CC(=O)OCC)C(=O)OCC,324.4,501.1,176.7,4.57115,2095.257,-42.961,https://webbook.nist.gov/cgi/cbook.cgi?ID=C2409521&Units=SI&Mask=4,387,3026.753711,3.480977084,C=C(CC(=O)OCC)C(=O)OCC,valid,Val.,3.480977084
CCCCCC(=O)O,371.3,452.3,81,4.34853,1512.718,-129.255,https://webbook.nist.gov/cgi/cbook.cgi?ID=C142621&Units=SI&Mask=4,387,3016.345838,3.479481134,CCCCCC(=O)O,training,Train,3.479481134
C=CC(C)(CCC=C(C)C)OC(C)=O,328.6,493,164.4,4.77892,2093.912,-54.798,https://webbook.nist.gov/cgi/cbook.cgi?ID=C115957&Units=SI&Mask=4,387,2990.82623,3.475791181,C=CC(C)(CCC=C(C)C)OC(C)=O,training,Train,3.475791181
CC(C)c1ccccc1O,369.8,487.7,117.9,5.66413,2657.919,-17.436,https://webbook.nist.gov/cgi/cbook.cgi?ID=C88697&Units=SI&Mask=4,387,2965.447167,3.472090191,CC(C)c1ccccc1O,training,Train,3.472090191
CC(C)(C)c1ccccc1O,328.26,497.23,168.97,4.47765,1928.57,-65.966,https://webbook.nist.gov/cgi/cbook.cgi?ID=C88186&Units=SI&Mask=4,387,2953.112991,3.470280064,CC(C)(C)c1ccccc1O,training,Train,3.470280064
CCOC(=O)CCC(=O)OCC,327.8,489.7,161.9,5.55964,2629.815,-16.062,https://webbook.nist.gov/cgi/cbook.cgi?ID=C123251&Units=SI&Mask=4,387,2951.24371,3.470005074,CCOC(=O)CCC(=O)OCC,training,Train,3.470005074
CCCOC(=O)c1ccccc1,327.8,504,176.2,4.71837,2185.719,-39.467,https://webbook.nist.gov/cgi/cbook.cgi?ID=C2315686&Units=SI&Mask=4,387,2686.138508,3.429128403,CCCOC(=O)c1ccccc1,training,Train,3.429128403
CC(C)(C)C(=O)c1ccccc1,330.9,493,162.1,5.23048,2391.081,-35.926,https://webbook.nist.gov/cgi/cbook.cgi?ID=C938169&Units=SI&Mask=4,387,2628.56854,3.419719306,CC(C)(C)C(=O)c1ccccc1,training,Train,3.419719306
CCCCCCCCCO,364.8,486.8,122,3.96157,1373.417,-139.182,https://webbook.nist.gov/cgi/cbook.cgi?ID=C143088&Units=SI&Mask=4,387,2627.429576,3.419531084,CCCCCCCCCO,training,Train,3.419531084
OCCc1ccccc1,331.4,492.7,161.3,5.36689,2479.574,-30.51,https://webbook.nist.gov/cgi/cbook.cgi?ID=C60128&Units=SI&Mask=4,387,2578.505761,3.411368106,OCCc1ccccc1,training,Train,3.411368106
CC(C)CCCC(C)CCO,341,466.7,125.7,7.70489,3535.48,-7.093,https://webbook.nist.gov/cgi/cbook.cgi?ID=C106218&Units=SI&Mask=4,387,2504.480761,3.3987177,CC(C)CCCC(C)CCO,training,Train,3.3987177
C=C(C)C1CC=C(C)C(=O)C1,330.6,500.7,170.1,5.02972,2348.261,-33.473,https://webbook.nist.gov/cgi/cbook.cgi?ID=C99490&Units=SI&Mask=4,387,2439.7149,3.387339079,C=C(C)C1CC=C(C)C(=O)C1,training,Train,3.387339079
CC(C)CC(=O)c1ccccc1,331.4,501,169.6,5.04231,2351.886,-34.424,https://webbook.nist.gov/cgi/cbook.cgi?ID=C582627&Units=SI&Mask=4,387,2353.591974,3.371731174,CC(C)CC(=O)c1ccccc1,training,Train,3.371731174
CC(C)c1ccc(C=O)cc1,331,505,174,5.00019,2374.143,-29.724,https://webbook.nist.gov/cgi/cbook.cgi?ID=C122032&Units=SI&Mask=4,387,2264.993197,3.355066902,CC(C)c1ccc(C=O)cc1,valid,Val.,3.355066902
C=CC(=O)OCCCCCCCC,331.7,500,168.3,5.59304,2771.377,-4.306,https://webbook.nist.gov/cgi/cbook.cgi?ID=C2499594&Units=SI&Mask=4,387,2245.343954,3.351282878,C=CC(=O)OCCCCCCCC,training,Train,3.351282878
CCCc1ccccc1O,377.5,494.7,117.2,2.68098,787.885,-206.004,https://webbook.nist.gov/cgi/cbook.cgi?ID=C644359&Units=SI&Mask=4,387,2127.786254,3.327927999,CCCc1ccccc1O,training,Train,3.327927999
CC(C)c1cccc(O)c1,335,501,166,5.17738,2406.573,-36.231,https://webbook.nist.gov/cgi/cbook.cgi?ID=C618451&Units=SI&Mask=4,387,2072.675946,3.316531407,CC(C)c1cccc(O)c1,training,Train,3.316531407
CC(C)=CCCC(C)=CCOC=O,334.9,503,168.1,5.02435,2315.053,-41.917,https://webbook.nist.gov/cgi/cbook.cgi?ID=C105862&Units=SI&Mask=4,387,2068.547141,3.315665423,CC(C)=CCCC(C)=CCOC=O,training,Train,3.315665423
CCC(=O)c1ccc(C)cc1,332.8,511.7,178.9,4.72922,2235.701,-38.667,https://webbook.nist.gov/cgi/cbook.cgi?ID=C5337939&Units=SI&Mask=4,387,2046.131189,3.310933475,CCC(=O)c1ccc(C)cc1,training,Train,3.310933475
CC(=O)CCC(=O)OCC(C)C,338,503.1,165.1,4.49103,1889.79,-81.755,https://webbook.nist.gov/cgi/cbook.cgi?ID=C3757322&Units=SI&Mask=4,387,1995.126143,3.299970359,CC(=O)CCC(=O)OCC(C)C,training,Train,3.299970359
C=C(CC(=O)OC)C(=O)OC,342.5,481,138.5,6.41284,2871.257,-33.212,https://webbook.nist.gov/cgi/cbook.cgi?ID=C617527&Units=SI&Mask=4,387,1981.911404,3.297084237,C=C(CC(=O)OC)C(=O)OC,training,Train,3.297084237
CC(C)COC(=O)C(=O)OCC(C)C,336.4,502.7,166.3,5.13848,2381.943,-38.925,https://webbook.nist.gov/cgi/cbook.cgi?ID=C2050615&Units=SI&Mask=4,387,1973.744951,3.295291032,CC(C)COC(=O)C(=O)OCC(C)C,training,Train,3.295291032
CCCCCCCCCC(=O)OC,380.5,461.4,80.9,4.67603,2037.656,-68.246,https://webbook.nist.gov/cgi/cbook.cgi?ID=C110429&Units=SI&Mask=4,387,1920.719502,3.283463946,CCCCCCCCCC(=O)OC,test,Test,3.283463946
Cc1cc(C)c(O)cc1C,379.7,505,125.3,4.71769,2070.584,-65.573,https://webbook.nist.gov/cgi/cbook.cgi?ID=C496786&Units=SI&Mask=4,387,1887.302945,3.275841618,Cc1cc(C)c(O)cc1C,training,Train,3.275841618
Cc1cc(C)c(C)c(O)c1,379,506,127,5.43933,2669.653,-14.487,https://webbook.nist.gov/cgi/cbook.cgi?ID=C697825&Units=SI&Mask=4,387,1873.813737,3.272726418,Cc1cc(C)c(C)c(O)c1,training,Train,3.272726418
CC(C)=CCCC(C)CCO,339.6,494.7,155.1,5.79249,2711.958,-26.552,https://webbook.nist.gov/cgi/cbook.cgi?ID=C106229&Units=SI&Mask=4,387,1856.249507,3.268636351,CC(C)=CCCC(C)CCO,training,Train,3.268636351
Cc1ccc(C(C)C)c(O)c1,337.5,505,167.5,5.29395,2522.332,-28.575,https://webbook.nist.gov/cgi/cbook.cgi?ID=C89838&Units=SI&Mask=4,387,1805.86044,3.256684184,Cc1ccc(C(C)C)c(O)c1,training,Train,3.256684184
C=CCc1ccc2c(c1)OCO2,336.9,506,169.1,5.39932,2627.831,-19.348,https://webbook.nist.gov/cgi/cbook.cgi?ID=C94597&Units=SI&Mask=4,387,1785.318658,3.251715744,C=CCc1ccc2c(c1)OCO2,training,Train,3.251715744
CCC(=O)OC1CC2CCC1(C)C2(C)C,337.8,508,170.2,5.14532,2443.153,-33.13,https://webbook.nist.gov/cgi/cbook.cgi?ID=C78548535&Units=SI&Mask=4,387,1742.699273,3.24122245,CCC(=O)OC1CC2CCC1(C)C2(C)C,training,Train,3.24122245
CC(=O)OC(C)(C)C1CC=C(C)CC1,310.8,424.1,113.3,2.36662,865.321,-177.329,https://webbook.nist.gov/cgi/cbook.cgi?ID=C80262&Units=SI&Mask=4,387,1736.113486,3.239578111,CC(=O)OC(C)(C)C1CC=C(C)CC1,training,Train,3.239578111
CC(C)c1ccc(O)cc1,381.3,501.4,120.1,5.77683,2801.531,-15.386,https://webbook.nist.gov/cgi/cbook.cgi?ID=C99898&Units=SI&Mask=4,387,1729.856785,3.238010149,CC(C)c1ccc(O)cc1,training,Train,3.238010149
CCCCCCCCCC(C)=O,341.3,497,155.7,5.5954,2558.952,-39.342,https://webbook.nist.gov/cgi/cbook.cgi?ID=C112129&Units=SI&Mask=4,387,1717.338939,3.234856017,CCCCCCCCCC(C)=O,training,Train,3.234856017
CC(C)COC(=O)c1ccccc1,337,510,173,5.24134,2550.831,-22.973,https://webbook.nist.gov/cgi/cbook.cgi?ID=C120503&Units=SI&Mask=4,387,1714.282124,3.234082297,CC(C)COC(=O)c1ccccc1,training,Train,3.234082297
CCCCOCCOCCO,323.4,426.1,102.7,3.67536,1379.086,-133.841,https://webbook.nist.gov/cgi/cbook.cgi?ID=C112345&Units=SI&Mask=4,387,1689.860004,3.227850727,CCCCOCCOCCO,training,Train,3.227850727
CC1=C(O)C(=O)C(C(C)C)CC1,339.8,505,165.2,5.32004,2506.994,-33.907,https://webbook.nist.gov/cgi/cbook.cgi?ID=C490039&Units=SI&Mask=4,387,1659.375057,3.219944558,CC1=C(O)C(=O)C(C(C)C)CC1,test,Test,3.219944558
Cc1cc(C)c(C)c(O)c1C,381.8,522,140.2,5.16791,2705.207,2.303,https://webbook.nist.gov/cgi/cbook.cgi?ID=C527355&Units=SI&Mask=4,387,1656.010011,3.219062958,Cc1cc(C)c(C)c(O)c1C,training,Train,3.219062958
CCOC(=O)CCCC(=O)OCC,338.8,510,171.2,5.37936,2643.002,-18.421,https://webbook.nist.gov/cgi/cbook.cgi?ID=C818382&Units=SI&Mask=4,387,1616.484885,3.208571648,CCOC(=O)CCCC(=O)OCC,training,Train,3.208571648
CCCCCCCc1ccccc1,337,517,180,5.06453,2506.238,-21.612,https://webbook.nist.gov/cgi/cbook.cgi?ID=C1078713&Units=SI&Mask=4,387,1604.781292,3.205415853,CCCCCCCc1ccccc1,training,Train,3.205415853
c1ccc(C2CCCCC2)cc1,340.7,513,172.3,4.98206,2339.819,-42.881,https://webbook.nist.gov/cgi/cbook.cgi?ID=C827521&Units=SI&Mask=4,387,1522.694278,3.182612716,c1ccc(C2CCCCC2)cc1,training,Train,3.182612716
CCc1cc(C)cc(O)c1,384.7,506,121.3,5.59237,2684.391,-25.167,https://webbook.nist.gov/cgi/cbook.cgi?ID=C698715&Units=SI&Mask=4,387,1491.086137,3.173502733,CCc1cc(C)cc(O)c1,training,Train,3.173502733
Cc1ccc(O)c(C(C)(C)C)c1,343,505.8,162.8,5.54389,2635.051,-30.066,https://webbook.nist.gov/cgi/cbook.cgi?ID=C2409554&Units=SI&Mask=4,387,1450.206801,3.161429937,Cc1ccc(O)c(C(C)(C)C)c1,training,Train,3.161429937
CCCCCCC(=O)O,351,494.7,143.7,4.30691,1536.114,-137.446,https://webbook.nist.gov/cgi/cbook.cgi?ID=C111148&Units=SI&Mask=4,387,1417.335614,3.1514727,CCCCCCC(=O)O,training,Train,3.1514727
CC(=O)OCCC(C)CCC=C(C)C,347.8,490,142.2,6.30484,2855.761,-36.775,https://webbook.nist.gov/cgi/cbook.cgi?ID=C150845&Units=SI&Mask=4,387,1415.027117,3.150764763,CC(=O)OCCC(C)CCC=C(C)C,training,Train,3.150764763
CCCCCCCCCC(C)O,344.3,505,160.7,5.46068,2543.242,-39.152,https://webbook.nist.gov/cgi/cbook.cgi?ID=C1653301&Units=SI&Mask=4,387,1410.327147,3.149319866,CCCCCCCCCC(C)O,training,Train,3.149319866
Cc1ccc(C(C)C)cc1O,343,510,167,5.34179,2549.857,-32.705,https://webbook.nist.gov/cgi/cbook.cgi?ID=C499752&Units=SI&Mask=4,387,1395.730647,3.144801615,Cc1ccc(C(C)C)cc1O,training,Train,3.144801615
CCCCCCCCCCO,349.37,406.18,56.81,4.53321,1742.392,-115.236,https://webbook.nist.gov/cgi/cbook.cgi?ID=C112301&Units=SI&Mask=4,387,1323.714154,3.121794213,CCCCCCCCCCO,training,Train,3.121794213
CC(C)C(=O)OC1CC2CCC1(C)C2(C)C,343,516,173,5.13054,2460.53,-35.954,https://webbook.nist.gov/cgi/cbook.cgi?ID=C50277275&Units=SI&Mask=4,387,1322.518015,3.121401596,CC(C)C(=O)OC1CC2CCC1(C)C2(C)C,training,Train,3.121401596
CCC(C)c1ccc(O)cc1,344.6,515.3,170.7,5.14813,2445.243,-39.784,https://webbook.nist.gov/cgi/cbook.cgi?ID=C99718&Units=SI&Mask=4,387,1275.569011,3.10570396,CCC(C)c1ccc(O)cc1,training,Train,3.10570396
CC(C)Cc1ccc(O)cc1,345.3,510,164.7,5.65663,2765.001,-21.179,https://webbook.nist.gov/cgi/cbook.cgi?ID=C4167742&Units=SI&Mask=4,387,1253.966377,3.098285892,CC(C)Cc1ccc(O)cc1,training,Train,3.098285892
Cc1cc(C)c(O)c(C(C)(C)C)c1,343.5,509.7,166.2,6.69118,3691.789,42.615,https://webbook.nist.gov/cgi/cbook.cgi?ID=C1879090&Units=SI&Mask=4,387,1252.939872,3.09793023,Cc1cc(C)c(O)c(C(C)(C)C)c1,training,Train,3.09793023
CC(O)COCC(C)O,347,505,158,6.39086,3246.493,3.5,https://webbook.nist.gov/cgi/cbook.cgi?ID=C110985&Units=SI&Mask=4,387,1194.476312,3.077177542,CC(O)COCC(C)O,training,Train,3.077177542
OCCCc1ccccc1,347.8,508,160.2,5.48578,2554.317,-42.29,https://webbook.nist.gov/cgi/cbook.cgi?ID=C122974&Units=SI&Mask=4,387,1190.512266,3.075733874,OCCCc1ccccc1,training,Train,3.075733874
CCc1cccc2ccccc12,343,531.3,188.3,4.7067,2330.396,-35.83,https://webbook.nist.gov/cgi/cbook.cgi?ID=C1127760&Units=SI&Mask=4,387,1176.546829,3.070609218,CCc1cccc2ccccc12,training,Train,3.070609218
c1ccc(-c2ccccc2)cc1,342.3,544.3,202,4.35685,1987.623,-71.556,https://webbook.nist.gov/cgi/cbook.cgi?ID=C92524&Units=SI&Mask=4,387,1137.148467,3.05581717,c1ccc(-c2ccccc2)cc1,test,Test,3.05581717
OCC=Cc1ccccc1,345.8,523,177.2,5.02211,2440.762,-36.713,https://webbook.nist.gov/cgi/cbook.cgi?ID=C104541&Units=SI&Mask=4,387,1132.968818,3.054217957,OCC=Cc1ccccc1,training,Train,3.054217957
CC(=O)OCC=C(C)CCC=C(C)C,346.7,516.5,169.8,5.44879,2673.055,-25.54,https://webbook.nist.gov/cgi/cbook.cgi?ID=C105873&Units=SI&Mask=4,387,1131.432657,3.05362871,CC(=O)OCC=C(C)CCC=C(C)C,training,Train,3.05362871
CC(C)c1ccc(CO)cc1,347.3,519.8,172.5,5.0742,2409.068,-44.406,https://webbook.nist.gov/cgi/cbook.cgi?ID=C536607&Units=SI&Mask=4,387,1102.439398,3.042354725,CC(C)c1ccc(CO)cc1,training,Train,3.042354725
CC(=O)CCC(=O)OCCC(C)C,348.8,521.1,172.3,4.91566,2287.871,-54.964,https://webbook.nist.gov/cgi/cbook.cgi?ID=C71172753&Units=SI&Mask=4,387,1059.813493,3.025229444,CC(=O)CCC(=O)OCCC(C)C,training,Train,3.025229444
O=CC=Cc1ccccc1,349.3,519,169.7,5.45068,2676.568,-27.816,https://webbook.nist.gov/cgi/cbook.cgi?ID=C104552&Units=SI&Mask=4,387,997.4201508,2.998878138,O=CC=Cc1ccccc1,training,Train,2.998878138
CC(C)CCOC(=O)c1ccccc1,345,535,190,5.86093,3383.725,42.538,https://webbook.nist.gov/cgi/cbook.cgi?ID=C94462&Units=SI&Mask=4,387,962.3615476,2.983338262,CC(C)CCOC(=O)c1ccccc1,training,Train,2.983338262
OCCOc1ccccc1,351,518.5,167.5,5.1371,2379.346,-54.424,https://webbook.nist.gov/cgi/cbook.cgi?ID=C122996&Units=SI&Mask=4,387,961.1860239,2.982807447,OCCOc1ccccc1,training,Train,2.982807447
CCc1ccc(O)c(C(C)(C)C)c1,349.5,521,171.5,5.68959,2896.056,-11.302,https://webbook.nist.gov/cgi/cbook.cgi?ID=C96708&Units=SI&Mask=4,387,957.4630622,2.981122028,CCc1ccc(O)c(C(C)(C)C)c1,training,Train,2.981122028
Cc1ccc2cc(C)ccc2c1,384,418,34,3.14831,1302.791,-135.652,https://webbook.nist.gov/cgi/cbook.cgi?ID=C581420&Units=SI&Mask=4,387,922.770923,2.965093901,Cc1ccc2cc(C)ccc2c1,valid,Val.,2.965093901
CCOC(=O)CCCCC(=O)OCC,350.7,524,173.3,5.26245,2572.141,-34.746,https://webbook.nist.gov/cgi/cbook.cgi?ID=C141286&Units=SI&Mask=4,387,913.0620041,2.960500271,CCOC(=O)CCCCC(=O)OCC,test,Test,2.960500271
CCCOC(=O)CCC(=O)OCCC,350.7,524,173.3,5.26245,2572.141,-34.746,https://webbook.nist.gov/cgi/cbook.cgi?ID=C925155&Units=SI&Mask=4,387,913.0620041,2.960500271,CCCOC(=O)CCC(=O)OCCC,training,Train,2.960500271
Cc1ccc2ccc(C)cc2c1,369,398,29,4.54919,2136.17,-62.904,https://webbook.nist.gov/cgi/cbook.cgi?ID=C582161&Units=SI&Mask=4,387,907.8741564,2.958025654,Cc1ccc2ccc(C)cc2c1,training,Train,2.958025654
CC(C)c1ccc2ccccc2c1,349,539,190,4.75817,2395.554,-35.361,https://webbook.nist.gov/cgi/cbook.cgi?ID=C2027170&Units=SI&Mask=4,387,882.3322261,2.945632142,CC(C)c1ccc2ccccc2c1,valid,Val.,2.945632142
C=CCc1ccc(O)c(OC)c1,351.6,526.7,175.1,5.08897,2463.351,-42.226,https://webbook.nist.gov/cgi/cbook.cgi?ID=C97530&Units=SI&Mask=4,387,879.3095576,2.944141794,C=CCc1ccc(O)c(OC)c1,test,Test,2.944141794
COC(=O)C=Cc1ccccc1,350.6,536,185.4,4.64009,2243.3,-52.034,https://webbook.nist.gov/cgi/cbook.cgi?ID=C103264&Units=SI&Mask=4,387,876.985442,2.942992384,COC(=O)C=Cc1ccccc1,training,Train,2.942992384
CCCCCCCCCCCC=O,350.8,530,179.2,5.24241,2651.435,-24.206,https://webbook.nist.gov/cgi/cbook.cgi?ID=C112549&Units=SI&Mask=4,387,859.0805703,2.934033897,CCCCCCCCCCCC=O,training,Train,2.934033897
CCCCCOC(=O)CCC(C)=O,354.5,526.4,171.9,4.45182,1936.773,-90.582,https://webbook.nist.gov/cgi/cbook.cgi?ID=C20279496&Units=SI&Mask=4,387,827.7418907,2.917894935,CCCCCOC(=O)CCC(C)=O,test,Test,2.917894935
CCC(C)(C)c1ccc(O)cc1,383,539,156,4.78788,2393.902,-39.163,https://webbook.nist.gov/cgi/cbook.cgi?ID=C80466&Units=SI&Mask=4,387,804.6882886,2.905627681,CCC(C)(C)c1ccc(O)cc1,training,Train,2.905627681
CCOC(=O)CC(O)C(=O)OCC,353.8,526.6,172.8,5.33204,2624.009,-34.151,https://webbook.nist.gov/cgi/cbook.cgi?ID=C626119&Units=SI&Mask=4,387,785.9693896,2.895405632,CCOC(=O)CC(O)C(=O)OCC,training,Train,2.895405632
CC(=O)C=Cc1ccccc1,354.8,534,179.2,5.11752,2544.787,-36.48,https://webbook.nist.gov/cgi/cbook.cgi?ID=C122576&Units=SI&Mask=4,387,720.2550894,2.857486336,CC(=O)C=Cc1ccccc1,valid,Val.,2.857486336
Cc1cc2ccccc2cc1C,378,408,30,3.76801,1657.142,-106.824,https://webbook.nist.gov/cgi/cbook.cgi?ID=C581408&Units=SI&Mask=4,387,713.4499175,2.853363492,Cc1cc2ccccc2cc1C,training,Train,2.853363492
C=CCc1ccc(OC)c(O)c1,356.8,527,170.2,5.34127,2594.169,-41.049,https://webbook.nist.gov/cgi/cbook.cgi?ID=C501199&Units=SI&Mask=4,387,696.0008742,2.842609785,C=CCc1ccc(OC)c(O)c1,training,Train,2.842609785
Cc1cc(O)c(C(C)(C)C)cc1C,357.1,522.7,165.6,5.89699,2971.034,-18.39,https://webbook.nist.gov/cgi/cbook.cgi?ID=C1445234&Units=SI&Mask=4,387,686.8921256,2.836888538,Cc1cc(O)c(C(C)(C)C)cc1C,training,Train,2.836888538
CC(=O)OCCOc1ccccc1,355.8,532.9,177.1,5.50565,2841.162,-16.621,https://webbook.nist.gov/cgi/cbook.cgi?ID=C6192445&Units=SI&Mask=4,387,683.4257426,2.834691333,CC(=O)OCCOc1ccccc1,training,Train,2.834691333
C=CCc1ccc(OC)c(OC)c1,358,521,163,5.61829,2709.262,-39.126,https://webbook.nist.gov/cgi/cbook.cgi?ID=C93152&Units=SI&Mask=4,387,676.4482143,2.830234555,C=CCc1ccc(OC)c(OC)c1,training,Train,2.830234555
CCCCCCCCCC(=O)OCCC,370,458.8,88.8,5.74562,2885.486,-23.065,https://webbook.nist.gov/cgi/cbook.cgi?ID=C30673600&Units=SI&Mask=4,387,656.213019,2.817044842,CCCCCCCCCC(=O)OCCC,training,Train,2.817044842
CC(C)(C)c1ccc(O)c(C(C)(C)C)c1,357.7,533.9,176.2,5.49583,2821.466,-20.563,https://webbook.nist.gov/cgi/cbook.cgi?ID=C96764&Units=SI&Mask=4,387,625.3165114,2.796099896,CC(C)(C)c1ccc(O)c(C(C)(C)C)c1,training,Train,2.796099896
Cc1cc(C(C)(C)C)c(O)c(C(C)(C)C)c1,359,535.7,176.7,5.05062,2451.662,-49.846,https://webbook.nist.gov/cgi/cbook.cgi?ID=C128370&Units=SI&Mask=4,387,601.1481574,2.77898152,Cc1cc(C(C)(C)C)c(O)c(C(C)(C)C)c1,valid,Val.,2.77898152
CC(C)CCOC(=O)C(=O)OCCC(C)C,358.6,538,179.4,5.23275,2647.966,-31.891,https://webbook.nist.gov/cgi/cbook.cgi?ID=C2051005&Units=SI&Mask=4,387,597.0083267,2.775980388,CC(C)CCOC(=O)C(=O)OCCC(C)C,training,Train,2.775980388
CCCCCCCCCCCC(C)=O,360,535.7,175.7,5.28882,2638.443,-36.7,https://webbook.nist.gov/cgi/cbook.cgi?ID=C593088&Units=SI&Mask=4,387,571.304162,2.756867388,CCCCCCCCCCCC(C)=O,training,Train,2.756867388
CC=Cc1ccc(O)c(OC)c1,359.5,540.7,181.2,5.13146,2590.027,-35.864,https://webbook.nist.gov/cgi/cbook.cgi?ID=C97541&Units=SI&Mask=4,387,569.2770661,2.755323688,CC=Cc1ccc(O)c(OC)c1,training,Train,2.755323688
c1cc2c3c(cccc3c1)CC2,368,413,45,4.32236,2062.099,-73.146,https://webbook.nist.gov/cgi/cbook.cgi?ID=C83329&Units=SI&Mask=4,387,565.0810921,2.752110776,c1cc2c3c(cccc3c1)CC2,training,Train,2.752110776
O=Cc1ccc2c(c1)OCO2,360,536,176,5.25051,2608.988,-39.07,https://webbook.nist.gov/cgi/cbook.cgi?ID=C120570&Units=SI&Mask=4,387,564.8195323,2.751909707,O=Cc1ccc2c(c1)OCO2,training,Train,2.751909707
Cc1cccc2cccc(C)c12,338,413,75,4.47411,2151.342,-67.192,https://webbook.nist.gov/cgi/cbook.cgi?ID=C569415&Units=SI&Mask=4,387,558.6374698,2.747130062,Cc1cccc2cccc(C)c12,training,Train,2.747130062
CCCCCCCCCCCC(=O)OC,373,439,66,4.81707,2303.546,-61.592,https://webbook.nist.gov/cgi/cbook.cgi?ID=C111820&Units=SI&Mask=4,387,547.170853,2.738122955,CCCCCCCCCCCC(=O)OC,test,Test,2.738122955
CCOC(=O)C=Cc1ccccc1,360.8,544,183.2,5.07419,2570.522,-37.258,https://webbook.nist.gov/cgi/cbook.cgi?ID=C103366&Units=SI&Mask=4,387,530.1803174,2.724423601,CCOC(=O)C=Cc1ccccc1,training,Train,2.724423601
CCc1cc(CC)c(CC)c(CC)c1CC,359,550,191,5.41985,2972.77,-1.098,https://webbook.nist.gov/cgi/cbook.cgi?ID=C605016&Units=SI&Mask=4,387,520.496151,2.716417522,CCc1cc(CC)c(CC)c(CC)c1CC,training,Train,2.716417522
C=C(c1ccccc1)c1ccccc1,360.6,550,189.4,4.85805,2470.113,-41.253,https://webbook.nist.gov/cgi/cbook.cgi?ID=C530483&Units=SI&Mask=4,387,517.3340822,2.713771091,C=C(c1ccccc1)c1ccccc1,training,Train,2.713771091
c1ccc(CCc2ccccc2)cc1,360,557,197,4.86097,2572.151,-27.406,https://webbook.nist.gov/cgi/cbook.cgi?ID=C103297&Units=SI&Mask=4,387,510.5510747,2.708039195,c1ccc(CCc2ccccc2)cc1,training,Train,2.708039195
CC(C)=CCCC(C)=CCOC(=O)C(C)C,364.1,524,159.9,5.91175,2879.996,-36.382,https://webbook.nist.gov/cgi/cbook.cgi?ID=C2345268&Units=SI&Mask=4,387,498.5327305,2.697693677,CC(C)=CCCC(C)=CCOC(=O)C(C)C,training,Train,2.697693677
CCc1cc(C(C)(C)C)c(O)c(C(C)(C)C)c1,362.3,541.8,179.5,6.33499,3626.949,31.535,https://webbook.nist.gov/cgi/cbook.cgi?ID=C4130421&Units=SI&Mask=4,387,466.8420174,2.669169937,CCc1cc(C(C)(C)C)c(O)c(C(C)(C)C)c1,valid,Val.,2.669169937
O=C(O)c1ccccc1,369,522.4,153.4,4.47834,1771.357,-127.484,https://webbook.nist.gov/cgi/cbook.cgi?ID=C65850&Units=SI&Mask=4,387,449.4923571,2.652722312,O=C(O)c1ccccc1,training,Train,2.652722312
CC(=O)C1C(=O)C=C(C)OC1=O,364.8,542,177.2,5.18041,2571.402,-45.659,https://webbook.nist.gov/cgi/cbook.cgi?ID=C520456&Units=SI&Mask=4,387,443.7873377,2.647174907,CC(=O)C1C(=O)C=C(C)OC1=O,training,Train,2.647174907
O=C1OC(=O)c2ccccc21,369.7,557.7,188,3.10762,1249.606,-159.288,https://webbook.nist.gov/cgi/cbook.cgi?ID=C85449&Units=SI&Mask=4,387,416.8311331,2.619960149,O=C1OC(=O)c2ccccc21,training,Train,2.619960149
CCCC(=O)OCC=C(C)CCC=C(C)C,370,530.6,160.6,5.87586,2864.561,-42.58,https://webbook.nist.gov/cgi/cbook.cgi?ID=C106296&Units=SI&Mask=4,387,362.0781668,2.558802338,CCCC(=O)OCC=C(C)CCC=C(C)C,training,Train,2.558802338
c1ccc(COc2ccccc2)cc1,368.6,560,191.4,5.01522,2636.002,-34.37,https://webbook.nist.gov/cgi/cbook.cgi?ID=C946805&Units=SI&Mask=4,387,346.7025025,2.539956976,c1ccc(COc2ccccc2)cc1,training,Train,2.539956976
CCCCCCCCCCCCO,376.54,437.61,61.07,4.84691,2057.697,-105.421,https://webbook.nist.gov/cgi/cbook.cgi?ID=C112538&Units=SI&Mask=4,387,346.1006333,2.539202394,CCCCCCCCCCCCO,training,Train,2.539202394
O=C1OCc2ccccc21,368.7,563,194.3,4.8302,2515.221,-42.058,https://webbook.nist.gov/cgi/cbook.cgi?ID=C87412&Units=SI&Mask=4,387,345.5242184,2.538478493,O=C1OCc2ccccc21,test,Test,2.538478493
CC(C)=CCCC(C)CC(=O)O,372.7,530,157.3,6.03143,2947.093,-41.629,https://webbook.nist.gov/cgi/cbook.cgi?ID=C502476&Units=SI&Mask=4,387,314.997892,2.498307648,CC(C)=CCCC(C)CC(=O)O,training,Train,2.498307648
CC(=O)Oc1ccccc1OC(C)=O,371,551,180,5.81445,3152.847,-8.401,https://webbook.nist.gov/cgi/cbook.cgi?ID=C635676&Units=SI&Mask=4,387,306.747768,2.486781411,CC(=O)Oc1ccccc1OC(C)=O,training,Train,2.486781411
CCCCCCCCCCCCCC=O,372,570.9,198.9,4.68985,2440.859,-49.591,https://webbook.nist.gov/cgi/cbook.cgi?ID=C124254&Units=SI&Mask=4,387,285.5779361,2.455724651,CCCCCCCCCCCCCC=O,training,Train,2.455724651
C=CCc1ccc(OC(C)=O)c(OC)c1,374.8,555,180.2,5.36989,2782.976,-36.986,https://webbook.nist.gov/cgi/cbook.cgi?ID=C93287&Units=SI&Mask=4,387,262.3300498,2.418848042,C=CCc1ccc(OC(C)=O)c(OC)c1,training,Train,2.418848042
CCCCCCCCCCC(=O)O,374.6,563,188.4,5.07042,2640.792,-42.034,https://webbook.nist.gov/cgi/cbook.cgi?ID=C112378&Units=SI&Mask=4,387,260.1333339,2.415196007,CCCCCCCCCCC(=O)O,training,Train,2.415196007
O=C(O)CCc1ccccc1,375.3,552.9,177.6,5.75509,3055.464,-21.359,https://webbook.nist.gov/cgi/cbook.cgi?ID=C501520&Units=SI&Mask=4,387,250.398123,2.398631069,O=C(O)CCc1ccccc1,training,Train,2.398631069
CC(C)OC(=O)C(O)C(O)C(=O)OC(C)C,376.8,548,171.2,5.73193,2939.776,-35.143,https://webbook.nist.gov/cgi/cbook.cgi?ID=C62961642&Units=SI&Mask=4,387,238.1767721,2.376899405,CC(C)OC(=O)C(O)C(O)C(=O)OC(C)C,training,Train,2.376899405
O=c1ccc2ccccc2o1,379,564,185,5.31529,2797.239,-37.541,https://webbook.nist.gov/cgi/cbook.cgi?ID=C91645&Units=SI&Mask=4,387,204.5530343,2.310805926,O=c1ccc2ccccc2o1,test,Test,2.310805926
CCOC(=O)CC(O)(CC(=O)OCC)C(=O)OCC,380,567,187,3.88263,1743.204,-122.435,https://webbook.nist.gov/cgi/cbook.cgi?ID=C77930&Units=SI&Mask=4,387,196.6463475,2.293685884,CCOC(=O)CC(O)(CC(=O)OCC)C(=O)OCC,training,Train,2.293685884
O=C(Oc1ccccc1)c1ccccc1,380,587,207,4.72655,2579.911,-40.606,https://webbook.nist.gov/cgi/cbook.cgi?ID=C93992&Units=SI&Mask=4,387,189.950732,2.278640972,O=C(Oc1ccccc1)c1ccccc1,training,Train,2.278640972
CCOC(=O)c1ccccc1C(=O)OCC,382,567,185,5.45,2916.977,-31.406,https://webbook.nist.gov/cgi/cbook.cgi?ID=C84662&Units=SI&Mask=4,387,176.5587107,2.246889149,CCOC(=O)c1ccccc1C(=O)OCC,training,Train,2.246889149
OC(c1ccccc1)c1ccccc1,383,574,191,7.03986,4617.244,82.557,https://webbook.nist.gov/cgi/cbook.cgi?ID=C91010&Units=SI&Mask=4,387,160.9415907,2.20666829,OC(c1ccccc1)c1ccccc1,training,Train,2.20666829
C=CCCCCCCCCC(=O)O,387,548,161,6.41188,3348.541,-26.212,https://webbook.nist.gov/cgi/cbook.cgi?ID=C112389&Units=SI&Mask=4,387,135.1116227,2.13069271,C=CCCCCCCCCC(=O)O,valid,Val.,2.13069271
OCCOCCOCCO,387,551.4,164.4,6.7568,3715.222,-1.299,https://webbook.nist.gov/cgi/cbook.cgi?ID=C112276&Units=SI&Mask=4,387,133.171466,2.124411181,OCCOCCOCCO,training,Train,2.124411181
O=C(O)c1ccccc1O,386.8,529,142.2,3.57377,1126.012,-212.625,https://webbook.nist.gov/cgi/cbook.cgi?ID=C69727&Units=SI&Mask=4,387,130.7234535,2.116353513,O=C(O)c1ccccc1O,training,Train,2.116353513
c1ccc2c(c1)ccc1ccccc12,373,423,50,4.51922,2428.448,-70.96,https://webbook.nist.gov/cgi/cbook.cgi?ID=C85018&Units=SI&Mask=4,387,68.42749342,1.835230632,c1ccc2c(c1)ccc1ccccc12,valid,Val.,1.835230632
CCCCCCCCCCCC(=O)O,379.52,449,69.48,5.55523,2510.999,-106.676,https://webbook.nist.gov/cgi/cbook.cgi?ID=C143077&Units=SI&Mask=4,387,39.60422529,1.597741522,CCCCCCCCCCCC(=O)O,training,Train,1.597741522
CCCCCCCCCCCCCC(=O)O,385.03,465.1,80.07,1.44788,685.976,-262.3,https://webbook.nist.gov/cgi/cbook.cgi?ID=C544638&Units=SI&Mask=4,387,8.848498365,0.946869575,CCCCCCCCCCCCCC(=O)O,training,Train,0.946869575
CC(CCC(CCC(C)CC(C)(C)C)CCC(C)CC(C)(C)C)CC(C)(C)C,308,393,85,7.71332,4287.706,-30.6,https://webbook.nist.gov/cgi/cbook.cgi?ID=C3035754&Units=SI&Mask=4,387,4.816366767,0.682719551,CC(CCC(CCC(C)CC(C)(C)C)CCC(C)CC(C)(C)C)CC(C)(C)C,test,Test,0.682719551
CCCCCCCCCCCCCCCCCCCCCCCCCCC,351.3,434.8,83.5,6.25623,3654.268,-86.045,https://webbook.nist.gov/cgi/cbook.cgi?ID=C593497&Units=SI&Mask=4,387,0.130013804,-0.886010534,CCCCCCCCCCCCCCCCCCCCCCCCCCC,training,Train,-0.886010534
CCCCCCCCCCC(CCCCCCCC)CC1CC(C(C1)CC(CCCCCCCC)CCCCCCCCCC)CC(CCCCCCCC)CCCCCCCCCC,,,,,,,,387,1.53E-05,-4.814164928,CCCCCCCCCCC(CCCCCCCC)CC1CC(C(C1)CC(CCCCCCCC)CCCCCCCCCC)CC(CCCCCCCC)CCCCCCCCCC,training,Train,-4.814164928
CCCCCCCCCCC(CCCCCCCC)CC1CC(C(C1))CC(CCCCCCCC)CCCCCCCCCC,,,,,,, and https://ntrs.nasa.gov/api/citations/20020050211/downloads/20020050211.pdf,387,8.04E-05,-4.094527103,CCCCCCCCCCC(CCCCCCCC)CC1CC(C(C1))CC(CCCCCCCC)CCCCCCCCCC,test,Test,-4.094527103
