smiles,group
CCCCCCCCCCCCCCCC=CCCCCC=CCCCCCCCCCCCCCCCCCCCC[CH2]CCCCC,test
CCCCCCCCCCCCCCCC=CCCCCC=CCCCCCCCCCCCCCCCCCCCC[CH2]CCCCC,test
CCCCCCCCCCCCCCCC=CCCCCC=CCCCCCCCCCCCCCCCCCCCC[CH2]CCCCC,test
CCCCCCCCCCCCCCCC=CCCCCC=CCCCCCCCCCCCCCCCCCCCC[CH2]CCCCC,test
CCCCCCCCCCCCCCCC=CCCCCC=CCCCCCCCCCCCCCCCCCCCC[CH2]CCCCC,test
CCCCCCCCCCCCCCCC=CCCCCC=CCCCCCCCCCCCCCCCCCCCC[CH2]CCCCC,test
CCCCCCCCCCCCCCCC=CCCCCC=CCCCCCCCCCCCCCCCCCCCC[CH2]CCCCC,test
CCCCCCCCCCCCCCCC=CCCCCC=CCCCCCCCCCCCCCCCCCCCC[CH2]CCCCC,test
CCCCCCCCCCCCCCCC=CCCCCC=CCCCCCCCCCCCCCCCCCCCC[CH2]CCCCC,test
CCCCCCCCCCCCCCCC=CCCCCC=CCCCCCCCCCCCCCCCCCCCC[CH2]CCCCC,test
CCCCCCCCCCCCCCCC=CCCCCC=CCCCCCCCCCCCCCCCCCCCC[CH2]CCCCC,test
CCCCCCCCCCCCCCCC=CCCCCC=CCCCCCCCCCCCCCCCCCCCC[CH2]CCCCC,test
CCCCCCCCCCCCCCCC=CCCCCC=CCCCCCCCCCCCCCCCCCCCC[CH2]CCCCC,test
CCCCCCCCCCCCCCCC=CCCCCC=CCCCCCCCCCCCCCCCCCCCC[CH2]CCCCC,test
CCCCCCCCCCCCCCCC=CCCCCC=CCCCCCCCCCCCCCCCCCCCC[CH2]CCCCC,test
CCCCCCCCCCCCCCCC=CCCCCC=CCCCCCCCCCCCCCCCCCCCC[CH2]CCCCC,test
CCCCCCCCCCCCCCCC=CCCCCC=CCCCCCCCCCCCCCCCCCCCC[CH2]CCCCC,test
CCCCCCCCCCCCCCCC=CCCCCC=CCCCCCCCCCCCCCCCCCCCC[CH2]CCCCC,test
CCCCCCCCCCCCCCCC=CCCCCC=CCCCCCCCCCCCCCCCCCCCC[CH2]CCCCC,test
CCCCCCCCCCCCCCCC=CCCCCC=CCCCCCCCCCCCCCCCCCCCC[CH2]CCCCC,test
CCCCCCCCCCCCCCCC=CCCCCC=CCCCCCCCCCCCCCCCCCCCC[CH2]CCCCC,test
CCCCCCCCCCCCCCCC=CCCCCC=CCCCCCCCCCCCCCCCCCCCC[CH2]CCCCC,test
CCCCCCCCCCCCCCCC=CCCCCC=CCCCCCCCCCCCCCCCCCCCC[CH2]CCCCC,test
CCCCCCCCCCCCCCCC=CCCCCC=CCCCCCCCCCCCCCCCCCCCC[CH2]CCCCC,test
CCCCCCCCCCCCCCCC=CCCCCC=CCCCCCCCCCCCCCCCCCCCC[CH2]CCCCC,test
CCCCCCCCCCCCCCCC=CCCCCC=CCCCCCCCCCCCCCCCCCCCC[CH2]CCCCC,test
CCCCCCCCCCCCCCCC=CCCCCC=CCCCCCCCCCCCCCCCCCCCC[CH2]CCCCC,test
CCCCCCCCCCCCCCCC=CCCCCC=CCCCCCCCCCCCCCCCCCCCC[CH2]CCCCC,test
CCCCCCCCCCCCCCCC=CCCCCC=CCCCCCCCCCCCCCCCCCCCC[CH2]CCCCC,test
CCCCCCCCCCCCCCCC=CCCCCC=CCCCCCCCCCCCCCCCCCCCC[CH2]CCCCC,test
CCCCCCCCCCCCCCCC=CCCCCC=CCCCCCCCCCCCCCCCCCCCC[CH2]CCCCC,test
CCCCCCCCCCCCCCCC=CCCCCC=CCCCCCCCCCCCCCCCCCCCC[CH2]CCCCC,test
CCCCCCCCCCCCCCCC=CCCCCC=CCCCCCCCCCCCCCCCCCCCC[CH2]CCCCC,test
CCCCCCCCCCCCCCCC=CCCCCC=CCCCCCCCCCCCCCCCCCCCC[CH2]CCCCC,test
CCCCCCCCCCCCCCCC=CCCCCC=CCCCCCCCCCCCCCCCCCCCC[CH2]CCCCC,test
CCCCCCCCCCCCCCCC=CCCCCC=CCCCCCCCCCCCCCCCCCCCC[CH2]CCCCC,test
CCCCCCCCCCCCCCCC=CCCCCC=CCCCCCCCCCCCCCCCCCCCC[CH2]CCCCC,test
CCCCCCCCCCCCCCCC=CCCCCC=CCCCCCCCCCCCCCCCCCCCC[CH2]CCCCC,test
CCCCCCCCCCCCCCCC=CCCCCC=CCCCCCCCCCCCCCCCCCCCC[CH2]CCCCC,test
CCCCCCCCCCCCCCCC=CCCCCC=CCCCCCCCCCCCCCCCCCCCC[CH2]CCCCC,test
CCCCCCCCCCCCCCCC=CCCCCC=CCCCCCCCCCCCCCCCCCCCC[CH2]CCCCC,test
CCCCCCCCCCCCCCCC=CCCCCC=CCCCCCCCCCCCCCCCCCCCC[CH2]CCCCC,test
CCCCCCCCCCCCCCCC=CCCCCC=CCCCCCCCCCCCCCCCCCCCC[CH2]CCCCC,test
CCCCCCCCCCCCCCCC=CCCCCC=CCCCCCCCCCCCCCCCCCCCC[CH2]CCCCC,test
CCCCCCCCCCCCCCCC=CCCCCC=CCCCCCCCCCCCCCCCCCCCC[CH2]CCCCC,test
CCCCCCCCCCCCCCCC=CCCCCC=CCCCCCCCCCCCCCCCCCCCC[CH2]CCCCC,test
CCCCCCCCCCCCCCCC=CCCCCC=CCCCCCCCCCCCCCCCCCCCC[CH2]CCCCC,test
CCCCCCCCCCCCCCCC=CCCCCC=CCCCCCCCCCCCCCCCCCCCC[CH2]CCCCC,test
CCCCCCCCCCCCCCCC=CCCCCC=CCCCCCCCCCCCCCCCCCCCC[CH2]CCCCC,test
CCCCCCCCCCCCCCCC=CCCCCC=CCCCCCCCCCCCCCCCCCCCC[CH2]CCCCC,test
CCCCCCCCCCCCCCCC=CCCCCC=CCCCCCCCCCCCCCCCCCCCC[CH2]CCCCC,test
CCCCCCCCCCCCCCCC=CCCCCC=CCCCCCCCCCCCCCCCCCCCC[CH2]CCCCC,test
CCCCCCCCCCCCCC(CCCCCCC(C)CCCCCCCCC)CCCCC(CCCCCCCC)C(CCCCCCC)CCCCCCCCCC,test
CCCCCCCCCCCCCC(CCCCCCC(C)CCCCCCCCC)CCCCC(CCCCCCCC)C(CCCCCCC)CCCCCCCCCC,test
CCCCCCCCCCCCCC(CCCCCCC(C)CCCCCCCCC)CCCCC(CCCCCCCC)C(CCCCCCC)CCCCCCCCCC,test
CCCCCCCCCCCCCC(CCCCCCC(C)CCCCCCCCC)CCCCC(CCCCCCCC)C(CCCCCCC)CCCCCCCCCC,test
CCCCCCCCCCCCCC(CCCCCCC(C)CCCCCCCCC)CCCCC(CCCCCCCC)C(CCCCCCC)CCCCCCCCCC,test
CCCCCCCCCCCCCC(CCCCCCC(C)CCCCCCCCC)CCCCC(CCCCCCCC)C(CCCCCCC)CCCCCCCCCC,test
CCCCCCCCCCCCCC(CCCCCCC(C)CCCCCCCCC)CCCCC(CCCCCCCC)C(CCCCCCC)CCCCCCCCCC,test
CCCCCCCCCCCCCC(CCCCCCC(C)CCCCCCCCC)CCCCC(CCCCCCCC)C(CCCCCCC)CCCCCCCCCC,test
CCCCCCCCCCCCCC(CCCCCCC(C)CCCCCCCCC)CCCCC(CCCCCCCC)C(CCCCCCC)CCCCCCCCCC,test
CCCCCCCCCCCCCC(CCCCCCC(C)CCCCCCCCC)CCCCC(CCCCCCCC)C(CCCCCCC)CCCCCCCCCC,test
CCCCCCCCCCCCCC(CCCCCCC(C)CCCCCCCCC)CCCCC(CCCCCCCC)C(CCCCCCC)CCCCCCCCCC,test
CCCCCCCCCCCCCC(CCCCCCC(C)CCCCCCCCC)CCCCC(CCCCCCCC)C(CCCCCCC)CCCCCCCCCC,test
CCCCCCCCCCCCCC(CCCCCCC(C)CCCCCCCCC)CCCCC(CCCCCCCC)C(CCCCCCC)CCCCCCCCCC,test
CCCCCCCCCCCCCC(CCCCCCC(C)CCCCCCCCC)CCCCC(CCCCCCCC)C(CCCCCCC)CCCCCCCCCC,test
CCCCCCCCCCCCCC(CCCCCCC(C)CCCCCCCCC)CCCCC(CCCCCCCC)C(CCCCCCC)CCCCCCCCCC,test
CCCCCCCCCCCCCC(CCCCCCC(C)CCCCCCCCC)CCCCC(CCCCCCCC)C(CCCCCCC)CCCCCCCCCC,test
CCCCCCCCCCCCCC(CCCCCCC(C)CCCCCCCCC)CCCCC(CCCCCCCC)C(CCCCCCC)CCCCCCCCCC,test
CCCCCCCCCCCCCC(CCCCCCC(C)CCCCCCCCC)CCCCC(CCCCCCCC)C(CCCCCCC)CCCCCCCCCC,test
CCCCCCCCCCCCCC(CCCCCCC(C)CCCCCCCCC)CCCCC(CCCCCCCC)C(CCCCCCC)CCCCCCCCCC,test
CCCCCCCCCCCCCC(CCCCCCC(C)CCCCCCCCC)CCCCC(CCCCCCCC)C(CCCCCCC)CCCCCCCCCC,test
CCCCCCCCCCCCCC(CCCCCCC(C)CCCCCCCCC)CCCCC(CCCCCCCC)C(CCCCCCC)CCCCCCCCCC,test
CCCCCCCCCCCCCC(CCCCCCC(C)CCCCCCCCC)CCCCC(CCCCCCCC)C(CCCCCCC)CCCCCCCCCC,test
CCCCCCCCCCCCCC(CCCCCCC(C)CCCCCCCCC)CCCCC(CCCCCCCC)C(CCCCCCC)CCCCCCCCCC,test
CCCCCCCCCCCCCC(CCCCCCC(C)CCCCCCCCC)CCCCC(CCCCCCCC)C(CCCCCCC)CCCCCCCCCC,test
CCCCCCCCCCCCCC(CCCCCCC(C)CCCCCCCCC)CCCCC(CCCCCCCC)C(CCCCCCC)CCCCCCCCCC,test
CCCCCCCCCCCCCC(CCCCCCC(C)CCCCCCCCC)CCCCC(CCCCCCCC)C(CCCCCCC)CCCCCCCCCC,test
CCCCCCCCCCCCCC(CCCCCCC(C)CCCCCCCCC)CCCCC(CCCCCCCC)C(CCCCCCC)CCCCCCCCCC,test
CCCCCCCCCCCCCC(CCCCCCC(C)CCCCCCCCC)CCCCC(CCCCCCCC)C(CCCCCCC)CCCCCCCCCC,test
CCCCCCCCCCCCCC(CCCCCCC(C)CCCCCCCCC)CCCCC(CCCCCCCC)C(CCCCCCC)CCCCCCCCCC,test
CCCCCCCCCCCCCC(CCCCCCC(C)CCCCCCCCC)CCCCC(CCCCCCCC)C(CCCCCCC)CCCCCCCCCC,test
CCCCCCCCCCCCCC(CCCCCCC(C)CCCCCCCCC)CCCCC(CCCCCCCC)C(CCCCCCC)CCCCCCCCCC,test
CCCCCCCCCCCCCC(CCCCCCC(C)CCCCCCCCC)CCCCC(CCCCCCCC)C(CCCCCCC)CCCCCCCCCC,test
CCCCCCCCCCCCCC(CCCCCCC(C)CCCCCCCCC)CCCCC(CCCCCCCC)C(CCCCCCC)CCCCCCCCCC,test
CCCCCCCCCCCCCC(CCCCCCC(C)CCCCCCCCC)CCCCC(CCCCCCCC)C(CCCCCCC)CCCCCCCCCC,test
CCCCCCCCCCCCCC(CCCCCCC(C)CCCCCCCCC)CCCCC(CCCCCCCC)C(CCCCCCC)CCCCCCCCCC,test
CCCCCCCCCCCCCC(CCCCCCC(C)CCCCCCCCC)CCCCC(CCCCCCCC)C(CCCCCCC)CCCCCCCCCC,test
CCCCCCCCCCCCCC(CCCCCCC(C)CCCCCCCCC)CCCCC(CCCCCCCC)C(CCCCCCC)CCCCCCCCCC,test
CCCCCCCCCCCCCC(CCCCCCC(C)CCCCCCCCC)CCCCC(CCCCCCCC)C(CCCCCCC)CCCCCCCCCC,test
CCCCCCCCCCCCCC(CCCCCCC(C)CCCCCCCCC)CCCCC(CCCCCCCC)C(CCCCCCC)CCCCCCCCCC,test
CCCCCCCCCCCCCC(CCCCCCC(C)CCCCCCCCC)CCCCC(CCCCCCCC)C(CCCCCCC)CCCCCCCCCC,test
CCCCCCCCCCCCCC(CCCCCCC(C)CCCCCCCCC)CCCCC(CCCCCCCC)C(CCCCCCC)CCCCCCCCCC,test
CCCCCCCCCCCCCC(CCCCCCC(C)CCCCCCCCC)CCCCC(CCCCCCCC)C(CCCCCCC)CCCCCCCCCC,test
CCCCCCCCCCCCCC(CCCCCCC(C)CCCCCCCCC)CCCCC(CCCCCCCC)C(CCCCCCC)CCCCCCCCCC,test
CCCCCCCCCCCCCC(CCCCCCC(C)CCCCCCCCC)CCCCC(CCCCCCCC)C(CCCCCCC)CCCCCCCCCC,test
CCCCCCCCCCCCCC(CCCCCCC(C)CCCCCCCCC)CCCCC(CCCCCCCC)C(CCCCCCC)CCCCCCCCCC,test
CCCCCCCCCCCCCC(CCCCCCC(C)CCCCCCCCC)CCCCC(CCCCCCCC)C(CCCCCCC)CCCCCCCCCC,test
CCCCCCCCCCCCCC(CCCCCCC(C)CCCCCCCCC)CCCCC(CCCCCCCC)C(CCCCCCC)CCCCCCCCCC,test
CCCCCCCCCCCCCC(CCCCCCC(C)CCCCCCCCC)CCCCC(CCCCCCCC)C(CCCCCCC)CCCCCCCCCC,test
CCCCCCCCCCCCCC(CCCCCCC(C)CCCCCCCCC)CCCCC(CCCCCCCC)C(CCCCCCC)CCCCCCCCCC,test
CCCCCCCCCCCCCC(CCCCCCC(C)CCCCCCCCC)CCCCC(CCCCCCCC)C(CCCCCCC)CCCCCCCCCC,test
CCCCCCCCCCCCCC(CCCCCCC(C)CCCCCCCCC)CCCCC(CCCCCCCC)C(CCCCCCC)CCCCCCCCCC,test
CCCCCCCCCCCCCC(CCCCCCC(C)CCCCCCCCC)CCCCC(CCCCCCCC)C(CCCCCCC)CCCCCCCCCC,test
CCCCCCCCCCCCCC(CCCCCCC(C)CCCCCCCCC)CCCCC(CCCCCCCC)C(CCCCCCC)CCCCCCCCCC,test
CCCCCCCCCCCCCC(CCCCCCC(C)CCCCCCCCC)CCCCC(CCCCCCCC)C(CCCCCCC)CCCCCCCCCC,test
CCCCCCCCCCCCCC(CCCCCCC(C)CCCCCCCCC)CCCCC(CCCCCCCC)C(CCCCCCC)CCCCCCCCCC,test
CCCCCCCCCCCCCC(CCCCCCC(C)CCCCCCCCC)CCCCC(CCCCCCCC)C(CCCCCCC)CCCCCCCCCC,test
CCCCCCCCCCCCCC(CCCCCCC(C)CCCCCCCCC)CCCCC(CCCCCCCC)C(CCCCCCC)CCCCCCCCCC,test
CCCCCCCCCCCCCC(CCCCCCC(C)CCCCCCCCC)CCCCC(CCCCCCCC)C(CCCCCCC)CCCCCCCCCC,test
CCCCCCCCCCCCCC(CCCCCCC(C)CCCCCCCCC)CCCCC(CCCCCCCC)C(CCCCCCC)CCCCCCCCCC,test
CCCCCCCCCCCCCC(CCCCCCC(C)CCCCCCCCC)CCCCC(CCCCCCCC)C(CCCCCCC)CCCCCCCCCC,test
CCCCCCCCCCCCCC(CCCCCCC(C)CCCCCCCCC)CCCCC(CCCCCCCC)C(CCCCCCC)CCCCCCCCCC,test
CCCCCCCCCCCCCC(CCCCCCC(C)CCCCCCCCC)CCCCC(CCCCCCCC)C(CCCCCCC)CCCCCCCCCC,test
CCCCCCCCCCCCCC(CCCCCCC(C)CCCCCCCCC)CCCCC(CCCCCCCC)C(CCCCCCC)CCCCCCCCCC,test
CCCCCCCCCCCCCCCCCC(CCCCCCC)CCCCCCCCCCCC(CCCCC)CCCCCCCCCCCCCCC1CCCC1,test
CCCCCCCCCCCCCCCCCC(CCCCCCC)CCCCCCCCCCCC(CCCCC)CCCCCCCCCCCCCCC1CCCC1,test
CCCCCCCCCCCCCCCCCC(CCCCCCC)CCCCCCCCCCCC(CCCCC)CCCCCCCCCCCCCCC1CCCC1,test
CCCCCCCCCCCCCCCCCC(CCCCCCC)CCCCCCCCCCCC(CCCCC)CCCCCCCCCCCCCCC1CCCC1,test
CCCCCCCCCCCCCCCCCC(CCCCCCC)CCCCCCCCCCCC(CCCCC)CCCCCCCCCCCCCCC1CCCC1,test
CCCCCCCCCCCCCCCCCC(CCCCCCC)CCCCCCCCCCCC(CCCCC)CCCCCCCCCCCCCCC1CCCC1,test
CCCCCCCCCCCCCCCCCC(CCCCCCC)CCCCCCCCCCCC(CCCCC)CCCCCCCCCCCCCCC1CCCC1,test
CCCCCCCCCCCCCCCCCC(CCCCCCC)CCCCCCCCCCCC(CCCCC)CCCCCCCCCCCCCCC1CCCC1,test
CCCCCCCCCCCCCCCCCC(CCCCCCC)CCCCCCCCCCCC(CCCCC)CCCCCCCCCCCCCCC1CCCC1,test
CCCCCCCCCCCCCCCCCC(CCCCCCC)CCCCCCCCCCCC(CCCCC)CCCCCCCCCCCCCCC1CCCC1,test
CCCCCCCCCCCCCCCCCC(CCCCCCC)CCCCCCCCCCCC(CCCCC)CCCCCCCCCCCCCCC1CCCC1,test
CCCCCCCCCCCCCCCCCC(CCCCCCC)CCCCCCCCCCCC(CCCCC)CCCCCCCCCCCCCCC1CCCC1,test
CCCCCCCCCCCCCCCCCC(CCCCCCC)CCCCCCCCCCCC(CCCCC)CCCCCCCCCCCCCCC1CCCC1,test
CCCCCCCCCCCCCCCCCC(CCCCCCC)CCCCCCCCCCCC(CCCCC)CCCCCCCCCCCCCCC1CCCC1,test
CCCCCCCCCCCCCCCCCC(CCCCCCC)CCCCCCCCCCCC(CCCCC)CCCCCCCCCCCCCCC1CCCC1,test
CCCCCCCCCCCCCCCCCC(CCCCCCC)CCCCCCCCCCCC(CCCCC)CCCCCCCCCCCCCCC1CCCC1,test
CCCCCCCCCCCCCCCCCC(CCCCCCC)CCCCCCCCCCCC(CCCCC)CCCCCCCCCCCCCCC1CCCC1,test
CCCCCCCCCCCCCCCCCC(CCCCCCC)CCCCCCCCCCCC(CCCCC)CCCCCCCCCCCCCCC1CCCC1,test
CCCCCCCCCCCCCCCCCC(CCCCCCC)CCCCCCCCCCCC(CCCCC)CCCCCCCCCCCCCCC1CCCC1,test
CCCCCCCCCCCCCCCCCC(CCCCCCC)CCCCCCCCCCCC(CCCCC)CCCCCCCCCCCCCCC1CCCC1,test
CCCCCCCCCCCCCCCCCC(CCCCCCC)CCCCCCCCCCCC(CCCCC)CCCCCCCCCCCCCCC1CCCC1,test
CCCCCCCCCCCCCCCCCC(CCCCCCC)CCCCCCCCCCCC(CCCCC)CCCCCCCCCCCCCCC1CCCC1,test
CCCCCCCCCCCCCCCCCC(CCCCCCC)CCCCCCCCCCCC(CCCCC)CCCCCCCCCCCCCCC1CCCC1,test
CCCCCCCCCCCCCCCCCC(CCCCCCC)CCCCCCCCCCCC(CCCCC)CCCCCCCCCCCCCCC1CCCC1,test
CCCCCCCCCCCCCCCCCC(CCCCCCC)CCCCCCCCCCCC(CCCCC)CCCCCCCCCCCCCCC1CCCC1,test
CCCCCCCCCCCCCCCCCC(CCCCCCC)CCCCCCCCCCCC(CCCCC)CCCCCCCCCCCCCCC1CCCC1,test
CCCCCCCCCCCCCCCCCC(CCCCCCC)CCCCCCCCCCCC(CCCCC)CCCCCCCCCCCCCCC1CCCC1,test
CCCCCCCCCCCCCCCCCC(CCCCCCC)CCCCCCCCCCCC(CCCCC)CCCCCCCCCCCCCCC1CCCC1,test
CCCCCCCCCCCCCCCCCC(CCCCCCC)CCCCCCCCCCCC(CCCCC)CCCCCCCCCCCCCCC1CCCC1,test
CCCCCCCCCCCCCCCCCC(CCCCCCC)CCCCCCCCCCCC(CCCCC)CCCCCCCCCCCCCCC1CCCC1,test
CCCCCCCCCCCCCCCCCC(CCCCCCC)CCCCCCCCCCCC(CCCCC)CCCCCCCCCCCCCCC1CCCC1,test
CCCCCCCCCCCCCCCCCC(CCCCCCC)CCCCCCCCCCCC(CCCCC)CCCCCCCCCCCCCCC1CCCC1,test
CCCCCCCCCCCCCCCCCC(CCCCCCC)CCCCCCCCCCCC(CCCCC)CCCCCCCCCCCCCCC1CCCC1,test
CCCCCCCCCCCCCCCCCC(CCCCCCC)CCCCCCCCCCCC(CCCCC)CCCCCCCCCCCCCCC1CCCC1,test
CCCCCCCCCCCCCCCCCC(CCCCCCC)CCCCCCCCCCCC(CCCCC)CCCCCCCCCCCCCCC1CCCC1,test
CCCCCCCCCCCCCCCCCC(CCCCCCC)CCCCCCCCCCCC(CCCCC)CCCCCCCCCCCCCCC1CCCC1,test
CCCCCCCCCCCCCCCCCC(CCCCCCC)CCCCCCCCCCCC(CCCCC)CCCCCCCCCCCCCCC1CCCC1,test
CCCCCCCCCCCCCCCCCC(CCCCCCC)CCCCCCCCCCCC(CCCCC)CCCCCCCCCCCCCCC1CCCC1,test
CCCCCCCCCCCCCCCCCC(CCCCCCC)CCCCCCCCCCCC(CCCCC)CCCCCCCCCCCCCCC1CCCC1,test
CCCCCCCCCCCCCCCCCC(CCCCCCC)CCCCCCCCCCCC(CCCCC)CCCCCCCCCCCCCCC1CCCC1,test
CCCCCCCCCCCCCCCCCC(CCCCCCC)CCCCCCCCCCCC(CCCCC)CCCCCCCCCCCCCCC1CCCC1,test
CCCCCCCCCCCCCCCCCC(CCCCCCC)CCCCCCCCCCCC(CCCCC)CCCCCCCCCCCCCCC1CCCC1,test
CCCCCCCCCCCCCCCCCC(CCCCCCC)CCCCCCCCCCCC(CCCCC)CCCCCCCCCCCCCCC1CCCC1,test
CCCCCCCCCCCCCCCCCC(CCCCCCC)CCCCCCCCCCCC(CCCCC)CCCCCCCCCCCCCCC1CCCC1,test
CCCCCCCCCCCCCCCCCC(CCCCCCC)CCCCCCCCCCCC(CCCCC)CCCCCCCCCCCCCCC1CCCC1,test
CCCCCCCCCCCCCCCCCC(CCCCCCC)CCCCCCCCCCCC(CCCCC)CCCCCCCCCCCCCCC1CCCC1,test
CCCCCCCCCCCCCCCCCC(CCCCCCC)CCCCCCCCCCCC(CCCCC)CCCCCCCCCCCCCCC1CCCC1,test
CCCCCCCCCCCCCCCCCC(CCCCCCC)CCCCCCCCCCCC(CCCCC)CCCCCCCCCCCCCCC1CCCC1,test
CCCCCCCCCCCCCCCCCC(CCCCCCC)CCCCCCCCCCCC(CCCCC)CCCCCCCCCCCCCCC1CCCC1,test
CCCCCCCCCCCCCCCCCC(CCCCCCC)CCCCCCCCCCCC(CCCCC)CCCCCCCCCCCCCCC1CCCC1,test
CCCCCCCCCCCCCCCCCC(CCCCCCC)CCCCCCCCCCCC(CCCCC)CCCCCCCCCCCCCCC1CCCC1,test
CCCCCCCCCCCCCCCCCC(CCCCCCC)CCCCCCCCCCCC(CCCCC)CCCCCCCCCCCCCCC1CCCC1,test
CCCCCCCCCCCCCCCCCC(CCCCCCC)CCCCCCCCCCCC(CCCCC)CCCCCCCCCCCCCCC1CCCC1,test
CCCCCCCCCCCCCCCCCC(CCCCCCC)CCCCCCCCCCCC(CCCCC)CCCCCCCCCCCCCCC1CCCC1,test
CCCCCCCCCCCCCCCCCC(CCCCCCC)CCCCCCCCCCCC(CCCCC)CCCCCCCCCCCCCCC1CCCC1,test
CCCCCCCCCCCCCCCCCC(CCCCCCC)CCCCCCCCCCCC(CCCCC)CCCCCCCCCCCCCCC1CCCC1,test
CCCCCCCCCCCCCCCCCC(CCCCCCC)CCCCCCCCCCCC(CCCCC)CCCCCCCCCCCCCCC1CCCC1,test
CCCCCCCCCCCCCCCCCC(CCCCCCC)CCCCCCCCCCCC(CCCCC)CCCCCCCCCCCCCCC1CCCC1,test
CCCCCCCCCCCCCCCCCC(CCCCCCC)CCCCCCCCCCCC(CCCCC)CCCCCCCCCCCCCCC1CCCC1,test
CCCCCCCCCCCCCCCCCC(CCCCCCC)CCCCCCCCCCCC(CCCCC)CCCCCCCCCCCCCCC1CCCC1,test
CCCCCCCCCCCCCCCCCC(CCCCCCC)CCCCCCCCCCCC(CCCCC)CCCCCCCCCCCCCCC1CCCC1,test
CCCCCCCCCCCCCCCCCC(CCCCCCC)CCCCCCCCCCCC(CCCCC)CCCCCCCCCCCCCCC1CCCC1,test
CCCCCCCCCCCCCCCCCC(CCCCCCC)CCCCCCCCCCCC(CCCCC)CCCCCCCCCCCCCCC1CCCC1,test
