Temperature [1/K],Vapor Pressure [Torr],Temperature [K],Temperature [C],MAC,Vapor Pressure [Pa],Outlier,Reference,Paperpile,Link,Data Status,file,Filename,SMILES,smiles
0.00251,0.0008,398.4063745,125,bis,0.106657895,TRUE,Ref. S3,Venier2003-zy,https://articles.adsabs.harvard.edu/cgi-bin/nph-iarticle_query?bibcode=2003ESASP.524..337V&db_key=AST&page_ind=3&data_type=GIF&type=SCREEN_VIEW&classic=YES,Reported,Nye_MAC_DATA_bis.csv,bis,CCCCCCCCCCC(CCCCCCCC)CC1(CCCC1)CC(CCCCCCCC)CCCCCCCCCC,CCCCCCCCCCC(CCCCCCCC)CC1(CCCC1)CC(CCCCCCCC)CCCCCCCCCC
0.00341,1.00E-07,293.255132,20,bis,1.33E-05,TRUE,Ref. S3,Venier2003-zy,https://articles.adsabs.harvard.edu/cgi-bin/nph-iarticle_query?bibcode=2003ESASP.524..337V&db_key=AST&page_ind=3&data_type=GIF&type=SCREEN_VIEW&classic=YES,Reported,Nye_MAC_DATA_bis.csv,bis,CCCCCCCCCCC(CCCCCCCC)CC1(CCCC1)CC(CCCCCCCC)CCCCCCCCCC,CCCCCCCCCCC(CCCCCCCC)CC1(CCCC1)CC(CCCCCCCC)CCCCCCCCCC
0.00251,0.0008,398.4063745,,,0.106657895,,,,,CC Fit,Nye_MAC_DATA_bis.csv,bis,CCCCCCCCCCC(CCCCCCCC)CC1(CCCC1)CC(CCCCCCCC)CCCCCCCCCC,CCCCCCCCCCC(CCCCCCCC)CC1(CCCC1)CC(CCCCCCCC)CCCCCCCCCC
0.002519091,0.000730575,396.9686034,,,0.097401996,,,,,CC Fit,Nye_MAC_DATA_bis.csv,bis,CCCCCCCCCCC(CCCCCCCC)CC1(CCCC1)CC(CCCCCCCC)CCCCCCCCCC,CCCCCCCCCCC(CCCCCCCC)CC1(CCCC1)CC(CCCCCCCC)CCCCCCCCCC
0.002528182,0.000667175,395.5411722,,,0.088949335,,,,,CC Fit,Nye_MAC_DATA_bis.csv,bis,CCCCCCCCCCC(CCCCCCCC)CC1(CCCC1)CC(CCCCCCCC)CCCCCCCCCC,CCCCCCCCCCC(CCCCCCCC)CC1(CCCC1)CC(CCCCCCCC)CCCCCCCCCC
0.002537273,0.000609277,394.1239699,,,0.081230206,,,,,CC Fit,Nye_MAC_DATA_bis.csv,bis,CCCCCCCCCCC(CCCCCCCC)CC1(CCCC1)CC(CCCCCCCC)CCCCCCCCCC,CCCCCCCCCCC(CCCCCCCC)CC1(CCCC1)CC(CCCCCCCC)CCCCCCCCCC
0.002546364,0.000556403,392.7168868,,,0.074180952,,,,,CC Fit,Nye_MAC_DATA_bis.csv,bis,CCCCCCCCCCC(CCCCCCCC)CC1(CCCC1)CC(CCCCCCCC)CCCCCCCCCC,CCCCCCCCCCC(CCCCCCCC)CC1(CCCC1)CC(CCCCCCCC)CCCCCCCCCC
0.002555455,0.000508118,391.319815,,,0.067743441,,,,,CC Fit,Nye_MAC_DATA_bis.csv,bis,CCCCCCCCCCC(CCCCCCCC)CC1(CCCC1)CC(CCCCCCCC)CCCCCCCCCC,CCCCCCCCCCC(CCCCCCCC)CC1(CCCC1)CC(CCCCCCCC)CCCCCCCCCC
0.002564545,0.000464023,389.932648,,,0.061864584,,,,,CC Fit,Nye_MAC_DATA_bis.csv,bis,CCCCCCCCCCC(CCCCCCCC)CC1(CCCC1)CC(CCCCCCCC)CCCCCCCCCC,CCCCCCCCCCC(CCCCCCCC)CC1(CCCC1)CC(CCCCCCCC)CCCCCCCCCC
0.002573636,0.000423754,388.5552808,,,0.056495902,,,,,CC Fit,Nye_MAC_DATA_bis.csv,bis,CCCCCCCCCCC(CCCCCCCC)CC1(CCCC1)CC(CCCCCCCC)CCCCCCCCCC,CCCCCCCCCCC(CCCCCCCC)CC1(CCCC1)CC(CCCCCCCC)CCCCCCCCCC
0.002582727,0.00038698,387.18761,,,0.051593121,,,,,CC Fit,Nye_MAC_DATA_bis.csv,bis,CCCCCCCCCCC(CCCCCCCC)CC1(CCCC1)CC(CCCCCCCC)CCCCCCCCCC,CCCCCCCCCCC(CCCCCCCC)CC1(CCCC1)CC(CCCCCCCC)CCCCCCCCCC
0.002591818,0.000353398,385.8295335,,,0.047115808,,,,,CC Fit,Nye_MAC_DATA_bis.csv,bis,CCCCCCCCCCC(CCCCCCCC)CC1(CCCC1)CC(CCCCCCCC)CCCCCCCCCC,CCCCCCCCCCC(CCCCCCCC)CC1(CCCC1)CC(CCCCCCCC)CCCCCCCCCC
0.002600909,0.000322729,384.4809507,,,0.043027042,,,,,CC Fit,Nye_MAC_DATA_bis.csv,bis,CCCCCCCCCCC(CCCCCCCC)CC1(CCCC1)CC(CCCCCCCC)CCCCCCCCCC,CCCCCCCCCCC(CCCCCCCC)CC1(CCCC1)CC(CCCCCCCC)CCCCCCCCCC
0.00261,0.000294723,383.1417625,,,0.039293104,,,,,CC Fit,Nye_MAC_DATA_bis.csv,bis,CCCCCCCCCCC(CCCCCCCC)CC1(CCCC1)CC(CCCCCCCC)CCCCCCCCCC,CCCCCCCCCCC(CCCCCCCC)CC1(CCCC1)CC(CCCCCCCC)CCCCCCCCCC
0.002619091,0.000269146,381.8118709,,,0.035883202,,,,,CC Fit,Nye_MAC_DATA_bis.csv,bis,CCCCCCCCCCC(CCCCCCCC)CC1(CCCC1)CC(CCCCCCCC)CCCCCCCCCC,CCCCCCCCCCC(CCCCCCCC)CC1(CCCC1)CC(CCCCCCCC)CCCCCCCCCC
0.002628182,0.000245789,380.4911795,,,0.032769215,,,,,CC Fit,Nye_MAC_DATA_bis.csv,bis,CCCCCCCCCCC(CCCCCCCC)CC1(CCCC1)CC(CCCCCCCC)CCCCCCCCCC,CCCCCCCCCCC(CCCCCCCC)CC1(CCCC1)CC(CCCCCCCC)CCCCCCCCCC
0.002637273,0.000224459,379.1795932,,,0.029925464,,,,,CC Fit,Nye_MAC_DATA_bis.csv,bis,CCCCCCCCCCC(CCCCCCCC)CC1(CCCC1)CC(CCCCCCCC)CCCCCCCCCC,CCCCCCCCCCC(CCCCCCCC)CC1(CCCC1)CC(CCCCCCCC)CCCCCCCCCC
0.002646364,0.000204981,377.8770182,,,0.027328496,,,,,CC Fit,Nye_MAC_DATA_bis.csv,bis,CCCCCCCCCCC(CCCCCCCC)CC1(CCCC1)CC(CCCCCCCC)CCCCCCCCCC,CCCCCCCCCCC(CCCCCCCC)CC1(CCCC1)CC(CCCCCCCC)CCCCCCCCCC
0.002655455,0.000187192,376.5833619,,,0.024956897,,,,,CC Fit,Nye_MAC_DATA_bis.csv,bis,CCCCCCCCCCC(CCCCCCCC)CC1(CCCC1)CC(CCCCCCCC)CCCCCCCCCC,CCCCCCCCCCC(CCCCCCCC)CC1(CCCC1)CC(CCCCCCCC)CCCCCCCCCC
0.002664545,0.000170947,375.2985329,,,0.022791108,,,,,CC Fit,Nye_MAC_DATA_bis.csv,bis,CCCCCCCCCCC(CCCCCCCC)CC1(CCCC1)CC(CCCCCCCC)CCCCCCCCCC,CCCCCCCCCCC(CCCCCCCC)CC1(CCCC1)CC(CCCCCCCC)CCCCCCCCCC
0.002673636,0.000156112,374.0224413,,,0.020813268,,,,,CC Fit,Nye_MAC_DATA_bis.csv,bis,CCCCCCCCCCC(CCCCCCCC)CC1(CCCC1)CC(CCCCCCCC)CCCCCCCCCC,CCCCCCCCCCC(CCCCCCCC)CC1(CCCC1)CC(CCCCCCCC)CCCCCCCCCC
0.002682727,0.000142565,372.7549983,,,0.019007068,,,,,CC Fit,Nye_MAC_DATA_bis.csv,bis,CCCCCCCCCCC(CCCCCCCC)CC1(CCCC1)CC(CCCCCCCC)CCCCCCCCCC,CCCCCCCCCCC(CCCCCCCC)CC1(CCCC1)CC(CCCCCCCC)CCCCCCCCCC
0.002691818,0.000130193,371.4961162,,,0.017357612,,,,,CC Fit,Nye_MAC_DATA_bis.csv,bis,CCCCCCCCCCC(CCCCCCCC)CC1(CCCC1)CC(CCCCCCCC)CCCCCCCCCC,CCCCCCCCCCC(CCCCCCCC)CC1(CCCC1)CC(CCCCCCCC)CCCCCCCCCC
0.002700909,0.000118895,370.2457085,,,0.015851298,,,,,CC Fit,Nye_MAC_DATA_bis.csv,bis,CCCCCCCCCCC(CCCCCCCC)CC1(CCCC1)CC(CCCCCCCC)CCCCCCCCCC,CCCCCCCCCCC(CCCCCCCC)CC1(CCCC1)CC(CCCCCCCC)CCCCCCCCCC
0.00271,0.000108577,369.00369,,,0.014475703,,,,,CC Fit,Nye_MAC_DATA_bis.csv,bis,CCCCCCCCCCC(CCCCCCCC)CC1(CCCC1)CC(CCCCCCCC)CCCCCCCCCC,CCCCCCCCCCC(CCCCCCCC)CC1(CCCC1)CC(CCCCCCCC)CCCCCCCCCC
0.002719091,9.92E-05,367.7699766,,,0.013219485,,,,,CC Fit,Nye_MAC_DATA_bis.csv,bis,CCCCCCCCCCC(CCCCCCCC)CC1(CCCC1)CC(CCCCCCCC)CCCCCCCCCC,CCCCCCCCCCC(CCCCCCCC)CC1(CCCC1)CC(CCCCCCCC)CCCCCCCCCC
0.002728182,9.05E-05,366.5444852,,,0.012072282,,,,,CC Fit,Nye_MAC_DATA_bis.csv,bis,CCCCCCCCCCC(CCCCCCCC)CC1(CCCC1)CC(CCCCCCCC)CCCCCCCCCC,CCCCCCCCCCC(CCCCCCCC)CC1(CCCC1)CC(CCCCCCCC)CCCCCCCCCC
0.002737273,8.27E-05,365.3271338,,,0.011024635,,,,,CC Fit,Nye_MAC_DATA_bis.csv,bis,CCCCCCCCCCC(CCCCCCCC)CC1(CCCC1)CC(CCCCCCCC)CCCCCCCCCC,CCCCCCCCCCC(CCCCCCCC)CC1(CCCC1)CC(CCCCCCCC)CCCCCCCCCC
0.002746364,7.55E-05,364.1178418,,,0.010067904,,,,,CC Fit,Nye_MAC_DATA_bis.csv,bis,CCCCCCCCCCC(CCCCCCCC)CC1(CCCC1)CC(CCCCCCCC)CCCCCCCCCC,CCCCCCCCCCC(CCCCCCCC)CC1(CCCC1)CC(CCCCCCCC)CCCCCCCCCC
0.002755455,6.90E-05,362.9165292,,,0.009194199,,,,,CC Fit,Nye_MAC_DATA_bis.csv,bis,CCCCCCCCCCC(CCCCCCCC)CC1(CCCC1)CC(CCCCCCCC)CCCCCCCCCC,CCCCCCCCCCC(CCCCCCCC)CC1(CCCC1)CC(CCCCCCCC)CCCCCCCCCC
0.002764545,6.30E-05,361.7231174,,,0.008396316,,,,,CC Fit,Nye_MAC_DATA_bis.csv,bis,CCCCCCCCCCC(CCCCCCCC)CC1(CCCC1)CC(CCCCCCCC)CCCCCCCCCC,CCCCCCCCCCC(CCCCCCCC)CC1(CCCC1)CC(CCCCCCCC)CCCCCCCCCC
0.002773636,5.75E-05,360.5375287,,,0.007667674,,,,,CC Fit,Nye_MAC_DATA_bis.csv,bis,CCCCCCCCCCC(CCCCCCCC)CC1(CCCC1)CC(CCCCCCCC)CCCCCCCCCC,CCCCCCCCCCC(CCCCCCCC)CC1(CCCC1)CC(CCCCCCCC)CCCCCCCCCC
0.002782727,5.25E-05,359.3596864,,,0.007002264,,,,,CC Fit,Nye_MAC_DATA_bis.csv,bis,CCCCCCCCCCC(CCCCCCCC)CC1(CCCC1)CC(CCCCCCCC)CCCCCCCCCC,CCCCCCCCCCC(CCCCCCCC)CC1(CCCC1)CC(CCCCCCCC)CCCCCCCCCC
0.002791818,4.80E-05,358.1895148,,,0.006394599,,,,,CC Fit,Nye_MAC_DATA_bis.csv,bis,CCCCCCCCCCC(CCCCCCCC)CC1(CCCC1)CC(CCCCCCCC)CCCCCCCCCC,CCCCCCCCCCC(CCCCCCCC)CC1(CCCC1)CC(CCCCCCCC)CCCCCCCCCC
0.002800909,4.38E-05,357.0269393,,,0.005839668,,,,,CC Fit,Nye_MAC_DATA_bis.csv,bis,CCCCCCCCCCC(CCCCCCCC)CC1(CCCC1)CC(CCCCCCCC)CCCCCCCCCC,CCCCCCCCCCC(CCCCCCCC)CC1(CCCC1)CC(CCCCCCCC)CCCCCCCCCC
0.00281,4.00E-05,355.8718861,,,0.005332895,,,,,CC Fit,Nye_MAC_DATA_bis.csv,bis,CCCCCCCCCCC(CCCCCCCC)CC1(CCCC1)CC(CCCCCCCC)CCCCCCCCCC,CCCCCCCCCCC(CCCCCCCC)CC1(CCCC1)CC(CCCCCCCC)CCCCCCCCCC
0.002819091,3.65E-05,354.7242825,,,0.0048701,,,,,CC Fit,Nye_MAC_DATA_bis.csv,bis,CCCCCCCCCCC(CCCCCCCC)CC1(CCCC1)CC(CCCCCCCC)CCCCCCCCCC,CCCCCCCCCCC(CCCCCCCC)CC1(CCCC1)CC(CCCCCCCC)CCCCCCCCCC
0.002828182,3.34E-05,353.5840566,,,0.004447467,,,,,CC Fit,Nye_MAC_DATA_bis.csv,bis,CCCCCCCCCCC(CCCCCCCC)CC1(CCCC1)CC(CCCCCCCC)CCCCCCCCCC,CCCCCCCCCCC(CCCCCCCC)CC1(CCCC1)CC(CCCCCCCC)CCCCCCCCCC
0.002837273,3.05E-05,352.4511375,,,0.00406151,,,,,CC Fit,Nye_MAC_DATA_bis.csv,bis,CCCCCCCCCCC(CCCCCCCC)CC1(CCCC1)CC(CCCCCCCC)CCCCCCCCCC,CCCCCCCCCCC(CCCCCCCC)CC1(CCCC1)CC(CCCCCCCC)CCCCCCCCCC
0.002846364,2.78E-05,351.3254551,,,0.003709048,,,,,CC Fit,Nye_MAC_DATA_bis.csv,bis,CCCCCCCCCCC(CCCCCCCC)CC1(CCCC1)CC(CCCCCCCC)CCCCCCCCCC,CCCCCCCCCCC(CCCCCCCC)CC1(CCCC1)CC(CCCCCCCC)CCCCCCCCCC
0.002855455,2.54E-05,350.2069405,,,0.003387172,,,,,CC Fit,Nye_MAC_DATA_bis.csv,bis,CCCCCCCCCCC(CCCCCCCC)CC1(CCCC1)CC(CCCCCCCC)CCCCCCCCCC,CCCCCCCCCCC(CCCCCCCC)CC1(CCCC1)CC(CCCCCCCC)CCCCCCCCCC
0.002864545,2.32E-05,349.0955252,,,0.003093229,,,,,CC Fit,Nye_MAC_DATA_bis.csv,bis,CCCCCCCCCCC(CCCCCCCC)CC1(CCCC1)CC(CCCCCCCC)CCCCCCCCCC,CCCCCCCCCCC(CCCCCCCC)CC1(CCCC1)CC(CCCCCCCC)CCCCCCCCCC
0.002873636,2.12E-05,347.991142,,,0.002824795,,,,,CC Fit,Nye_MAC_DATA_bis.csv,bis,CCCCCCCCCCC(CCCCCCCC)CC1(CCCC1)CC(CCCCCCCC)CCCCCCCCCC,CCCCCCCCCCC(CCCCCCCC)CC1(CCCC1)CC(CCCCCCCC)CCCCCCCCCC
0.002882727,1.93E-05,346.8937244,,,0.002579656,,,,,CC Fit,Nye_MAC_DATA_bis.csv,bis,CCCCCCCCCCC(CCCCCCCC)CC1(CCCC1)CC(CCCCCCCC)CCCCCCCCCC,CCCCCCCCCCC(CCCCCCCC)CC1(CCCC1)CC(CCCCCCCC)CCCCCCCCCC
0.002891818,1.77E-05,345.8032065,,,0.00235579,,,,,CC Fit,Nye_MAC_DATA_bis.csv,bis,CCCCCCCCCCC(CCCCCCCC)CC1(CCCC1)CC(CCCCCCCC)CCCCCCCCCC,CCCCCCCCCCC(CCCCCCCC)CC1(CCCC1)CC(CCCCCCCC)CCCCCCCCCC
0.002900909,1.61E-05,344.7195237,,,0.002151352,,,,,CC Fit,Nye_MAC_DATA_bis.csv,bis,CCCCCCCCCCC(CCCCCCCC)CC1(CCCC1)CC(CCCCCCCC)CCCCCCCCCC,CCCCCCCCCCC(CCCCCCCC)CC1(CCCC1)CC(CCCCCCCC)CCCCCCCCCC
0.00291,1.47E-05,343.6426117,,,0.001964655,,,,,CC Fit,Nye_MAC_DATA_bis.csv,bis,CCCCCCCCCCC(CCCCCCCC)CC1(CCCC1)CC(CCCCCCCC)CCCCCCCCCC,CCCCCCCCCCC(CCCCCCCC)CC1(CCCC1)CC(CCCCCCCC)CCCCCCCCCC
0.002919091,1.35E-05,342.5724073,,,0.00179416,,,,,CC Fit,Nye_MAC_DATA_bis.csv,bis,CCCCCCCCCCC(CCCCCCCC)CC1(CCCC1)CC(CCCCCCCC)CCCCCCCCCC,CCCCCCCCCCC(CCCCCCCC)CC1(CCCC1)CC(CCCCCCCC)CCCCCCCCCC
0.002928182,1.23E-05,341.5088482,,,0.001638461,,,,,CC Fit,Nye_MAC_DATA_bis.csv,bis,CCCCCCCCCCC(CCCCCCCC)CC1(CCCC1)CC(CCCCCCCC)CCCCCCCCCC,CCCCCCCCCCC(CCCCCCCC)CC1(CCCC1)CC(CCCCCCCC)CCCCCCCCCC
0.002937273,1.12E-05,340.4518725,,,0.001496273,,,,,CC Fit,Nye_MAC_DATA_bis.csv,bis,CCCCCCCCCCC(CCCCCCCC)CC1(CCCC1)CC(CCCCCCCC)CCCCCCCCCC,CCCCCCCCCCC(CCCCCCCC)CC1(CCCC1)CC(CCCCCCCC)CCCCCCCCCC
0.002946364,1.02E-05,339.4014193,,,0.001366425,,,,,CC Fit,Nye_MAC_DATA_bis.csv,bis,CCCCCCCCCCC(CCCCCCCC)CC1(CCCC1)CC(CCCCCCCC)CCCCCCCCCC,CCCCCCCCCCC(CCCCCCCC)CC1(CCCC1)CC(CCCCCCCC)CCCCCCCCCC
0.002955455,9.36E-06,338.3574285,,,0.001247845,,,,,CC Fit,Nye_MAC_DATA_bis.csv,bis,CCCCCCCCCCC(CCCCCCCC)CC1(CCCC1)CC(CCCCCCCC)CCCCCCCCCC,CCCCCCCCCCC(CCCCCCCC)CC1(CCCC1)CC(CCCCCCCC)CCCCCCCCCC
0.002964545,8.55E-06,337.3198405,,,0.001139555,,,,,CC Fit,Nye_MAC_DATA_bis.csv,bis,CCCCCCCCCCC(CCCCCCCC)CC1(CCCC1)CC(CCCCCCCC)CCCCCCCCCC,CCCCCCCCCCC(CCCCCCCC)CC1(CCCC1)CC(CCCCCCCC)CCCCCCCCCC
0.002973636,7.81E-06,336.2885968,,,0.001040663,,,,,CC Fit,Nye_MAC_DATA_bis.csv,bis,CCCCCCCCCCC(CCCCCCCC)CC1(CCCC1)CC(CCCCCCCC)CCCCCCCCCC,CCCCCCCCCCC(CCCCCCCC)CC1(CCCC1)CC(CCCCCCCC)CCCCCCCCCC
0.002982727,7.13E-06,335.2636391,,,0.000950353,,,,,CC Fit,Nye_MAC_DATA_bis.csv,bis,CCCCCCCCCCC(CCCCCCCC)CC1(CCCC1)CC(CCCCCCCC)CCCCCCCCCC,CCCCCCCCCCC(CCCCCCCC)CC1(CCCC1)CC(CCCCCCCC)CCCCCCCCCC
0.002991818,6.51E-06,334.2449104,,,0.000867881,,,,,CC Fit,Nye_MAC_DATA_bis.csv,bis,CCCCCCCCCCC(CCCCCCCC)CC1(CCCC1)CC(CCCCCCCC)CCCCCCCCCC,CCCCCCCCCCC(CCCCCCCC)CC1(CCCC1)CC(CCCCCCCC)CCCCCCCCCC
0.003000909,5.94E-06,333.2323538,,,0.000792565,,,,,CC Fit,Nye_MAC_DATA_bis.csv,bis,CCCCCCCCCCC(CCCCCCCC)CC1(CCCC1)CC(CCCCCCCC)CCCCCCCCCC,CCCCCCCCCCC(CCCCCCCC)CC1(CCCC1)CC(CCCCCCCC)CCCCCCCCCC
0.00301,5.43E-06,332.2259136,,,0.000723785,,,,,CC Fit,Nye_MAC_DATA_bis.csv,bis,CCCCCCCCCCC(CCCCCCCC)CC1(CCCC1)CC(CCCCCCCC)CCCCCCCCCC,CCCCCCCCCCC(CCCCCCCC)CC1(CCCC1)CC(CCCCCCCC)CCCCCCCCCC
0.003019091,4.96E-06,331.2255345,,,0.000660974,,,,,CC Fit,Nye_MAC_DATA_bis.csv,bis,CCCCCCCCCCC(CCCCCCCC)CC1(CCCC1)CC(CCCCCCCC)CCCCCCCCCC,CCCCCCCCCCC(CCCCCCCC)CC1(CCCC1)CC(CCCCCCCC)CCCCCCCCCC
0.003028182,4.53E-06,330.2311618,,,0.000603614,,,,,CC Fit,Nye_MAC_DATA_bis.csv,bis,CCCCCCCCCCC(CCCCCCCC)CC1(CCCC1)CC(CCCCCCCC)CCCCCCCCCC,CCCCCCCCCCC(CCCCCCCC)CC1(CCCC1)CC(CCCCCCCC)CCCCCCCCCC
0.003037273,4.13E-06,329.2427417,,,0.000551232,,,,,CC Fit,Nye_MAC_DATA_bis.csv,bis,CCCCCCCCCCC(CCCCCCCC)CC1(CCCC1)CC(CCCCCCCC)CCCCCCCCCC,CCCCCCCCCCC(CCCCCCCC)CC1(CCCC1)CC(CCCCCCCC)CCCCCCCCCC
0.003046364,3.78E-06,328.2602208,,,0.000503395,,,,,CC Fit,Nye_MAC_DATA_bis.csv,bis,CCCCCCCCCCC(CCCCCCCC)CC1(CCCC1)CC(CCCCCCCC)CCCCCCCCCC,CCCCCCCCCCC(CCCCCCCC)CC1(CCCC1)CC(CCCCCCCC)CCCCCCCCCC
0.003055455,3.45E-06,327.2835466,,,0.00045971,,,,,CC Fit,Nye_MAC_DATA_bis.csv,bis,CCCCCCCCCCC(CCCCCCCC)CC1(CCCC1)CC(CCCCCCCC)CCCCCCCCCC,CCCCCCCCCCC(CCCCCCCC)CC1(CCCC1)CC(CCCCCCCC)CCCCCCCCCC
0.003064545,3.15E-06,326.3126669,,,0.000419816,,,,,CC Fit,Nye_MAC_DATA_bis.csv,bis,CCCCCCCCCCC(CCCCCCCC)CC1(CCCC1)CC(CCCCCCCC)CCCCCCCCCC,CCCCCCCCCCC(CCCCCCCC)CC1(CCCC1)CC(CCCCCCCC)CCCCCCCCCC
0.003073636,2.88E-06,325.3475303,,,0.000383384,,,,,CC Fit,Nye_MAC_DATA_bis.csv,bis,CCCCCCCCCCC(CCCCCCCC)CC1(CCCC1)CC(CCCCCCCC)CCCCCCCCCC,CCCCCCCCCCC(CCCCCCCC)CC1(CCCC1)CC(CCCCCCCC)CCCCCCCCCC
0.003082727,2.63E-06,324.3880861,,,0.000350113,,,,,CC Fit,Nye_MAC_DATA_bis.csv,bis,CCCCCCCCCCC(CCCCCCCC)CC1(CCCC1)CC(CCCCCCCC)CCCCCCCCCC,CCCCCCCCCCC(CCCCCCCC)CC1(CCCC1)CC(CCCCCCCC)CCCCCCCCCC
0.003091818,2.40E-06,323.434284,,,0.00031973,,,,,CC Fit,Nye_MAC_DATA_bis.csv,bis,CCCCCCCCCCC(CCCCCCCC)CC1(CCCC1)CC(CCCCCCCC)CCCCCCCCCC,CCCCCCCCCCC(CCCCCCCC)CC1(CCCC1)CC(CCCCCCCC)CCCCCCCCCC
0.003100909,2.19E-06,322.4860745,,,0.000291983,,,,,CC Fit,Nye_MAC_DATA_bis.csv,bis,CCCCCCCCCCC(CCCCCCCC)CC1(CCCC1)CC(CCCCCCCC)CCCCCCCCCC,CCCCCCCCCCC(CCCCCCCC)CC1(CCCC1)CC(CCCCCCCC)CCCCCCCCCC
0.00311,2.00E-06,321.5434084,,,0.000266645,,,,,CC Fit,Nye_MAC_DATA_bis.csv,bis,CCCCCCCCCCC(CCCCCCCC)CC1(CCCC1)CC(CCCCCCCC)CCCCCCCCCC,CCCCCCCCCCC(CCCCCCCC)CC1(CCCC1)CC(CCCCCCCC)CCCCCCCCCC
0.003119091,1.83E-06,320.6062372,,,0.000243505,,,,,CC Fit,Nye_MAC_DATA_bis.csv,bis,CCCCCCCCCCC(CCCCCCCC)CC1(CCCC1)CC(CCCCCCCC)CCCCCCCCCC,CCCCCCCCCCC(CCCCCCCC)CC1(CCCC1)CC(CCCCCCCC)CCCCCCCCCC
0.003128182,1.67E-06,319.6745132,,,0.000222373,,,,,CC Fit,Nye_MAC_DATA_bis.csv,bis,CCCCCCCCCCC(CCCCCCCC)CC1(CCCC1)CC(CCCCCCCC)CCCCCCCCCC,CCCCCCCCCCC(CCCCCCCC)CC1(CCCC1)CC(CCCCCCCC)CCCCCCCCCC
0.003137273,1.52E-06,318.7481889,,,0.000203076,,,,,CC Fit,Nye_MAC_DATA_bis.csv,bis,CCCCCCCCCCC(CCCCCCCC)CC1(CCCC1)CC(CCCCCCCC)CCCCCCCCCC,CCCCCCCCCCC(CCCCCCCC)CC1(CCCC1)CC(CCCCCCCC)CCCCCCCCCC
0.003146364,1.39E-06,317.8272176,,,0.000185452,,,,,CC Fit,Nye_MAC_DATA_bis.csv,bis,CCCCCCCCCCC(CCCCCCCC)CC1(CCCC1)CC(CCCCCCCC)CCCCCCCCCC,CCCCCCCCCCC(CCCCCCCC)CC1(CCCC1)CC(CCCCCCCC)CCCCCCCCCC
0.003155455,1.27E-06,316.9115529,,,0.000169359,,,,,CC Fit,Nye_MAC_DATA_bis.csv,bis,CCCCCCCCCCC(CCCCCCCC)CC1(CCCC1)CC(CCCCCCCC)CCCCCCCCCC,CCCCCCCCCCC(CCCCCCCC)CC1(CCCC1)CC(CCCCCCCC)CCCCCCCCCC
0.003164545,1.16E-06,316.0011491,,,0.000154661,,,,,CC Fit,Nye_MAC_DATA_bis.csv,bis,CCCCCCCCCCC(CCCCCCCC)CC1(CCCC1)CC(CCCCCCCC)CCCCCCCCCC,CCCCCCCCCCC(CCCCCCCC)CC1(CCCC1)CC(CCCCCCCC)CCCCCCCCCC
0.003173636,1.06E-06,315.095961,,,0.00014124,,,,,CC Fit,Nye_MAC_DATA_bis.csv,bis,CCCCCCCCCCC(CCCCCCCC)CC1(CCCC1)CC(CCCCCCCC)CCCCCCCCCC,CCCCCCCCCCC(CCCCCCCC)CC1(CCCC1)CC(CCCCCCCC)CCCCCCCCCC
0.003182727,9.67E-07,314.195944,,,0.000128983,,,,,CC Fit,Nye_MAC_DATA_bis.csv,bis,CCCCCCCCCCC(CCCCCCCC)CC1(CCCC1)CC(CCCCCCCC)CCCCCCCCCC,CCCCCCCCCCC(CCCCCCCC)CC1(CCCC1)CC(CCCCCCCC)CCCCCCCCCC
0.003191818,8.83E-07,313.3010538,,,0.00011779,,,,,CC Fit,Nye_MAC_DATA_bis.csv,bis,CCCCCCCCCCC(CCCCCCCC)CC1(CCCC1)CC(CCCCCCCC)CCCCCCCCCC,CCCCCCCCCCC(CCCCCCCC)CC1(CCCC1)CC(CCCCCCCC)CCCCCCCCCC
0.003200909,8.07E-07,312.4112468,,,0.000107568,,,,,CC Fit,Nye_MAC_DATA_bis.csv,bis,CCCCCCCCCCC(CCCCCCCC)CC1(CCCC1)CC(CCCCCCCC)CCCCCCCCCC,CCCCCCCCCCC(CCCCCCCC)CC1(CCCC1)CC(CCCCCCCC)CCCCCCCCCC
0.00321,7.37E-07,311.5264798,,,9.82E-05,,,,,CC Fit,Nye_MAC_DATA_bis.csv,bis,CCCCCCCCCCC(CCCCCCCC)CC1(CCCC1)CC(CCCCCCCC)CCCCCCCCCC,CCCCCCCCCCC(CCCCCCCC)CC1(CCCC1)CC(CCCCCCCC)CCCCCCCCCC
0.003219091,6.73E-07,310.64671,,,8.97E-05,,,,,CC Fit,Nye_MAC_DATA_bis.csv,bis,CCCCCCCCCCC(CCCCCCCC)CC1(CCCC1)CC(CCCCCCCC)CCCCCCCCCC,CCCCCCCCCCC(CCCCCCCC)CC1(CCCC1)CC(CCCCCCCC)CCCCCCCCCC
0.003228182,6.14E-07,309.7718952,,,8.19E-05,,,,,CC Fit,Nye_MAC_DATA_bis.csv,bis,CCCCCCCCCCC(CCCCCCCC)CC1(CCCC1)CC(CCCCCCCC)CCCCCCCCCC,CCCCCCCCCCC(CCCCCCCC)CC1(CCCC1)CC(CCCCCCCC)CCCCCCCCCC
0.003237273,5.61E-07,308.9019938,,,7.48E-05,,,,,CC Fit,Nye_MAC_DATA_bis.csv,bis,CCCCCCCCCCC(CCCCCCCC)CC1(CCCC1)CC(CCCCCCCC)CCCCCCCCCC,CCCCCCCCCCC(CCCCCCCC)CC1(CCCC1)CC(CCCCCCCC)CCCCCCCCCC
0.003246364,5.12E-07,308.0369644,,,6.83E-05,,,,,CC Fit,Nye_MAC_DATA_bis.csv,bis,CCCCCCCCCCC(CCCCCCCC)CC1(CCCC1)CC(CCCCCCCC)CCCCCCCCCC,CCCCCCCCCCC(CCCCCCCC)CC1(CCCC1)CC(CCCCCCCC)CCCCCCCCCC
0.003255455,4.68E-07,307.1767663,,,6.24E-05,,,,,CC Fit,Nye_MAC_DATA_bis.csv,bis,CCCCCCCCCCC(CCCCCCCC)CC1(CCCC1)CC(CCCCCCCC)CCCCCCCCCC,CCCCCCCCCCC(CCCCCCCC)CC1(CCCC1)CC(CCCCCCCC)CCCCCCCCCC
0.003264545,4.27E-07,306.321359,,,5.70E-05,,,,,CC Fit,Nye_MAC_DATA_bis.csv,bis,CCCCCCCCCCC(CCCCCCCC)CC1(CCCC1)CC(CCCCCCCC)CCCCCCCCCC,CCCCCCCCCCC(CCCCCCCC)CC1(CCCC1)CC(CCCCCCCC)CCCCCCCCCC
0.003273636,3.90E-07,305.4707026,,,5.20E-05,,,,,CC Fit,Nye_MAC_DATA_bis.csv,bis,CCCCCCCCCCC(CCCCCCCC)CC1(CCCC1)CC(CCCCCCCC)CCCCCCCCCC,CCCCCCCCCCC(CCCCCCCC)CC1(CCCC1)CC(CCCCCCCC)CCCCCCCCCC
0.003282727,3.56E-07,304.6247577,,,4.75E-05,,,,,CC Fit,Nye_MAC_DATA_bis.csv,bis,CCCCCCCCCCC(CCCCCCCC)CC1(CCCC1)CC(CCCCCCCC)CCCCCCCCCC,CCCCCCCCCCC(CCCCCCCC)CC1(CCCC1)CC(CCCCCCCC)CCCCCCCCCC
0.003291818,3.25E-07,303.7834852,,,4.34E-05,,,,,CC Fit,Nye_MAC_DATA_bis.csv,bis,CCCCCCCCCCC(CCCCCCCC)CC1(CCCC1)CC(CCCCCCCC)CCCCCCCCCC,CCCCCCCCCCC(CCCCCCCC)CC1(CCCC1)CC(CCCCCCCC)CCCCCCCCCC
0.003300909,2.97E-07,302.9468466,,,3.96E-05,,,,,CC Fit,Nye_MAC_DATA_bis.csv,bis,CCCCCCCCCCC(CCCCCCCC)CC1(CCCC1)CC(CCCCCCCC)CCCCCCCCCC,CCCCCCCCCCC(CCCCCCCC)CC1(CCCC1)CC(CCCCCCCC)CCCCCCCCCC
0.00331,2.71E-07,302.1148036,,,3.62E-05,,,,,CC Fit,Nye_MAC_DATA_bis.csv,bis,CCCCCCCCCCC(CCCCCCCC)CC1(CCCC1)CC(CCCCCCCC)CCCCCCCCCC,CCCCCCCCCCC(CCCCCCCC)CC1(CCCC1)CC(CCCCCCCC)CCCCCCCCCC
0.003319091,2.48E-07,301.2873185,,,3.30E-05,,,,,CC Fit,Nye_MAC_DATA_bis.csv,bis,CCCCCCCCCCC(CCCCCCCC)CC1(CCCC1)CC(CCCCCCCC)CCCCCCCCCC,CCCCCCCCCCC(CCCCCCCC)CC1(CCCC1)CC(CCCCCCCC)CCCCCCCCCC
0.003328182,2.26E-07,300.464354,,,3.02E-05,,,,,CC Fit,Nye_MAC_DATA_bis.csv,bis,CCCCCCCCCCC(CCCCCCCC)CC1(CCCC1)CC(CCCCCCCC)CCCCCCCCCC,CCCCCCCCCCC(CCCCCCCC)CC1(CCCC1)CC(CCCCCCCC)CCCCCCCCCC
0.003337273,2.07E-07,299.6458731,,,2.76E-05,,,,,CC Fit,Nye_MAC_DATA_bis.csv,bis,CCCCCCCCCCC(CCCCCCCC)CC1(CCCC1)CC(CCCCCCCC)CCCCCCCCCC,CCCCCCCCCCC(CCCCCCCC)CC1(CCCC1)CC(CCCCCCCC)CCCCCCCCCC
0.003346364,1.89E-07,298.8318392,,,2.52E-05,,,,,CC Fit,Nye_MAC_DATA_bis.csv,bis,CCCCCCCCCCC(CCCCCCCC)CC1(CCCC1)CC(CCCCCCCC)CCCCCCCCCC,CCCCCCCCCCC(CCCCCCCC)CC1(CCCC1)CC(CCCCCCCC)CCCCCCCCCC
0.003355455,1.72E-07,298.0222162,,,2.30E-05,,,,,CC Fit,Nye_MAC_DATA_bis.csv,bis,CCCCCCCCCCC(CCCCCCCC)CC1(CCCC1)CC(CCCCCCCC)CCCCCCCCCC,CCCCCCCCCCC(CCCCCCCC)CC1(CCCC1)CC(CCCCCCCC)CCCCCCCCCC
0.003364545,1.57E-07,297.2169684,,,2.10E-05,,,,,CC Fit,Nye_MAC_DATA_bis.csv,bis,CCCCCCCCCCC(CCCCCCCC)CC1(CCCC1)CC(CCCCCCCC)CCCCCCCCCC,CCCCCCCCCCC(CCCCCCCC)CC1(CCCC1)CC(CCCCCCCC)CCCCCCCCCC
0.003373636,1.44E-07,296.4160604,,,1.92E-05,,,,,CC Fit,Nye_MAC_DATA_bis.csv,bis,CCCCCCCCCCC(CCCCCCCC)CC1(CCCC1)CC(CCCCCCCC)CCCCCCCCCC,CCCCCCCCCCC(CCCCCCCC)CC1(CCCC1)CC(CCCCCCCC)CCCCCCCCCC
0.003382727,1.31E-07,295.6194571,,,1.75E-05,,,,,CC Fit,Nye_MAC_DATA_bis.csv,bis,CCCCCCCCCCC(CCCCCCCC)CC1(CCCC1)CC(CCCCCCCC)CCCCCCCCCC,CCCCCCCCCCC(CCCCCCCC)CC1(CCCC1)CC(CCCCCCCC)CCCCCCCCCC
0.003391818,1.20E-07,294.8271241,,,1.60E-05,,,,,CC Fit,Nye_MAC_DATA_bis.csv,bis,CCCCCCCCCCC(CCCCCCCC)CC1(CCCC1)CC(CCCCCCCC)CCCCCCCCCC,CCCCCCCCCCC(CCCCCCCC)CC1(CCCC1)CC(CCCCCCCC)CCCCCCCCCC
0.003400909,1.10E-07,294.039027,,,1.46E-05,,,,,CC Fit,Nye_MAC_DATA_bis.csv,bis,CCCCCCCCCCC(CCCCCCCC)CC1(CCCC1)CC(CCCCCCCC)CCCCCCCCCC,CCCCCCCCCCC(CCCCCCCC)CC1(CCCC1)CC(CCCCCCCC)CCCCCCCCCC
0.00341,1.00E-07,293.255132,,,1.33E-05,,,,,CC Fit,Nye_MAC_DATA_bis.csv,bis,CCCCCCCCCCC(CCCCCCCC)CC1(CCCC1)CC(CCCCCCCC)CCCCCCCCCC,CCCCCCCCCCC(CCCCCCCC)CC1(CCCC1)CC(CCCCCCCC)CCCCCCCCCC
0.00251,0.0008,398.4063745,,,0.106657895,,,,,GPR,Nye_MAC_DATA_bis.csv,bis,CCCCCCCCCCC(CCCCCCCC)CC1(CCCC1)CC(CCCCCCCC)CCCCCCCCCC,CCCCCCCCCCC(CCCCCCCC)CC1(CCCC1)CC(CCCCCCCC)CCCCCCCCCC
0.002557368,0.000498499,391.0269603,,,0.066461053,,,,,GPR,Nye_MAC_DATA_bis.csv,bis,CCCCCCCCCCC(CCCCCCCC)CC1(CCCC1)CC(CCCCCCCC)CCCCCCCCCC,CCCCCCCCCCC(CCCCCCCC)CC1(CCCC1)CC(CCCCCCCC)CCCCCCCCCC
0.002604737,0.000310626,383.9159426,,,0.041413452,,,,,GPR,Nye_MAC_DATA_bis.csv,bis,CCCCCCCCCCC(CCCCCCCC)CC1(CCCC1)CC(CCCCCCCC)CCCCCCCCCC,CCCCCCCCCCC(CCCCCCCC)CC1(CCCC1)CC(CCCCCCCC)CCCCCCCCCC
0.002652105,0.000193559,377.0589403,,,0.0258057,,,,,GPR,Nye_MAC_DATA_bis.csv,bis,CCCCCCCCCCC(CCCCCCCC)CC1(CCCC1)CC(CCCCCCCC)CCCCCCCCCC,CCCCCCCCCCC(CCCCCCCC)CC1(CCCC1)CC(CCCCCCCC)CCCCCCCCCC
0.002699474,0.000120611,370.4425814,,,0.016080141,,,,,GPR,Nye_MAC_DATA_bis.csv,bis,CCCCCCCCCCC(CCCCCCCC)CC1(CCCC1)CC(CCCCCCCC)CCCCCCCCCC,CCCCCCCCCCC(CCCCCCCC)CC1(CCCC1)CC(CCCCCCCC)CCCCCCCCCC
0.002746842,7.52E-05,364.0544166,,,0.010019916,,,,,GPR,Nye_MAC_DATA_bis.csv,bis,CCCCCCCCCCC(CCCCCCCC)CC1(CCCC1)CC(CCCCCCCC)CCCCCCCCCC,CCCCCCCCCCC(CCCCCCCC)CC1(CCCC1)CC(CCCCCCCC)CCCCCCCCCC
0.002794211,4.68E-05,357.8828405,,,0.006243646,,,,,GPR,Nye_MAC_DATA_bis.csv,bis,CCCCCCCCCCC(CCCCCCCC)CC1(CCCC1)CC(CCCCCCCC)CCCCCCCCCC,CCCCCCCCCCC(CCCCCCCC)CC1(CCCC1)CC(CCCCCCCC)CCCCCCCCCC
0.002841579,2.92E-05,351.9170217,,,0.003890563,,,,,GPR,Nye_MAC_DATA_bis.csv,bis,CCCCCCCCCCC(CCCCCCCC)CC1(CCCC1)CC(CCCCCCCC)CCCCCCCCCC,CCCCCCCCCCC(CCCCCCCC)CC1(CCCC1)CC(CCCCCCCC)CCCCCCCCCC
0.002888947,1.82E-05,346.1468391,,,0.002424302,,,,,GPR,Nye_MAC_DATA_bis.csv,bis,CCCCCCCCCCC(CCCCCCCC)CC1(CCCC1)CC(CCCCCCCC)CCCCCCCCCC,CCCCCCCCCCC(CCCCCCCC)CC1(CCCC1)CC(CCCCCCCC)CCCCCCCCCC
0.002936316,1.13E-05,340.5628249,,,0.00151064,,,,,GPR,Nye_MAC_DATA_bis.csv,bis,CCCCCCCCCCC(CCCCCCCC)CC1(CCCC1)CC(CCCCCCCC)CCCCCCCCCC,CCCCCCCCCCC(CCCCCCCC)CC1(CCCC1)CC(CCCCCCCC)CCCCCCCCCC
0.002983684,7.06E-06,335.1561122,,,0.000941315,,,,,GPR,Nye_MAC_DATA_bis.csv,bis,CCCCCCCCCCC(CCCCCCCC)CC1(CCCC1)CC(CCCCCCCC)CCCCCCCCCC,CCCCCCCCCCC(CCCCCCCC)CC1(CCCC1)CC(CCCCCCCC)CCCCCCCCCC
0.003031053,4.40E-06,329.9183886,,,0.000586556,,,,,GPR,Nye_MAC_DATA_bis.csv,bis,CCCCCCCCCCC(CCCCCCCC)CC1(CCCC1)CC(CCCCCCCC)CCCCCCCCCC,CCCCCCCCCCC(CCCCCCCC)CC1(CCCC1)CC(CCCCCCCC)CCCCCCCCCC
0.003078421,2.74E-06,324.8418533,,,0.000365497,,,,,GPR,Nye_MAC_DATA_bis.csv,bis,CCCCCCCCCCC(CCCCCCCC)CC1(CCCC1)CC(CCCCCCCC)CCCCCCCCCC,CCCCCCCCCCC(CCCCCCCC)CC1(CCCC1)CC(CCCCCCCC)CCCCCCCCCC
0.003125789,1.71E-06,319.9191783,,,0.00022775,,,,,GPR,Nye_MAC_DATA_bis.csv,bis,CCCCCCCCCCC(CCCCCCCC)CC1(CCCC1)CC(CCCCCCCC)CCCCCCCCCC,CCCCCCCCCCC(CCCCCCCC)CC1(CCCC1)CC(CCCCCCCC)CCCCCCCCCC
0.003173158,1.06E-06,315.1434732,,,0.000141916,,,,,GPR,Nye_MAC_DATA_bis.csv,bis,CCCCCCCCCCC(CCCCCCCC)CC1(CCCC1)CC(CCCCCCCC)CCCCCCCCCC,CCCCCCCCCCC(CCCCCCCC)CC1(CCCC1)CC(CCCCCCCC)CCCCCCCCCC
0.003220526,6.63E-07,310.508253,,,8.84E-05,,,,,GPR,Nye_MAC_DATA_bis.csv,bis,CCCCCCCCCCC(CCCCCCCC)CC1(CCCC1)CC(CCCCCCCC)CCCCCCCCCC,CCCCCCCCCCC(CCCCCCCC)CC1(CCCC1)CC(CCCCCCCC)CCCCCCCCCC
0.003267895,4.13E-07,306.0074086,,,5.51E-05,,,,,GPR,Nye_MAC_DATA_bis.csv,bis,CCCCCCCCCCC(CCCCCCCC)CC1(CCCC1)CC(CCCCCCCC)CCCCCCCCCC,CCCCCCCCCCC(CCCCCCCC)CC1(CCCC1)CC(CCCCCCCC)CCCCCCCCCC
0.003315263,2.58E-07,301.6351802,,,3.43E-05,,,,,GPR,Nye_MAC_DATA_bis.csv,bis,CCCCCCCCCCC(CCCCCCCC)CC1(CCCC1)CC(CCCCCCCC)CCCCCCCCCC,CCCCCCCCCCC(CCCCCCCC)CC1(CCCC1)CC(CCCCCCCC)CCCCCCCCCC
0.003362632,1.60E-07,297.3861324,,,2.14E-05,,,,,GPR,Nye_MAC_DATA_bis.csv,bis,CCCCCCCCCCC(CCCCCCCC)CC1(CCCC1)CC(CCCCCCCC)CCCCCCCCCC,CCCCCCCCCCC(CCCCCCCC)CC1(CCCC1)CC(CCCCCCCC)CCCCCCCCCC
0.00341,1.00E-07,293.255132,,,1.33E-05,,,,,GPR,Nye_MAC_DATA_bis.csv,bis,CCCCCCCCCCC(CCCCCCCC)CC1(CCCC1)CC(CCCCCCCC)CCCCCCCCCC,CCCCCCCCCCC(CCCCCCCC)CC1(CCCC1)CC(CCCCCCCC)CCCCCCCCCC
0.002583979,0.000382172,387,,,0.050952081,,,,,GNN,Nye_MAC_DATA_bis.csv,bis,CCCCCCCCCCC(CCCCCCCC)CC1(CCCC1)CC(CCCCCCCC)CCCCCCCCCC,CCCCCCCCCCC(CCCCCCCC)CC1(CCCC1)CC(CCCCCCCC)CCCCCCCCCC
