Temperature [1/K],Vapor Pressure [Torr],Temperature [K],Temperature [C],Vapor Pressure [Pa],Outlier,Reference,Link,Data Status,SMILES,smiles
0.00207,0.009,483.0917874,210.85,1.199901316,FALSE,Ref. S5,https://ntrs.nasa.gov/api/citations/20020024445/downloads/20020024445.pdf,Reported,CCCCCCCCCCC(CCCCCCCC)CC1CC(C(C1))CC(CCCCCCCC)CCCCCCCCCC,CCCCCCCCCCC(CCCCCCCC)CC1CC(C(C1))CC(CCCCCCCC)CCCCCCCCCC
0.00218,0.0045,458.7155963,185.85,0.599950658,FALSE,Ref. S5,https://ntrs.nasa.gov/api/citations/20020024445/downloads/20020024445.pdf,Reported,CCCCCCCCCCC(CCCCCCCC)CC1CC(C(C1))CC(CCCCCCCC)CCCCCCCCCC,CCCCCCCCCCC(CCCCCCCC)CC1CC(C(C1))CC(CCCCCCCC)CCCCCCCCCC
0.00236,1.40E-05,423.7288136,150,0.001866513,FALSE,Ref. S6,https://cdn.thomasnet.com/ccp/01296243/159893.pdf,Reported,CCCCCCCCCCC(CCCCCCCC)CC1CC(C(C1))CC(CCCCCCCC)CCCCCCCCCC,CCCCCCCCCCC(CCCCCCCC)CC1CC(C(C1))CC(CCCCCCCC)CCCCCCCCCC
0.00244,2.48E-05,409.8360656,135.85,0.003306395,FALSE,Ref. S5,https://ntrs.nasa.gov/api/citations/20020024445/downloads/20020024445.pdf,Reported,CCCCCCCCCCC(CCCCCCCC)CC1CC(C(C1))CC(CCCCCCCC)CCCCCCCCCC,CCCCCCCCCCC(CCCCCCCC)CC1CC(C(C1))CC(CCCCCCCC)CCCCCCCCCC
0.00251,6.00E-06,398.4063745,125,0.000799934,FALSE,Ref. S4,https://ntrs.nasa.gov/api/citations/20020050211/downloads/20020050211.pdf,Reported,CCCCCCCCCCC(CCCCCCCC)CC1CC(C(C1))CC(CCCCCCCC)CCCCCCCCCC,CCCCCCCCCCC(CCCCCCCC)CC1CC(C(C1))CC(CCCCCCCC)CCCCCCCCCC
0.00268,1.20E-07,373.1343284,100,1.60E-05,FALSE,Ref. S6,https://cdn.thomasnet.com/ccp/01296243/159893.pdf,Reported,CCCCCCCCCCC(CCCCCCCC)CC1CC(C(C1))CC(CCCCCCCC)CCCCCCCCCC,CCCCCCCCCCC(CCCCCCCC)CC1CC(C(C1))CC(CCCCCCCC)CCCCCCCCCC
0.00287,1.80E-08,348.4320557,75,2.40E-06,FALSE,Ref. S6,https://cdn.thomasnet.com/ccp/01296243/159893.pdf,Reported,CCCCCCCCCCC(CCCCCCCC)CC1CC(C(C1))CC(CCCCCCCC)CCCCCCCCCC,CCCCCCCCCCC(CCCCCCCC)CC1CC(C(C1))CC(CCCCCCCC)CCCCCCCCCC
0.00335,3.50E-11,298.5074627,25,4.67E-09,FALSE,Ref. S6,https://cdn.thomasnet.com/ccp/01296243/159893.pdf,Reported,CCCCCCCCCCC(CCCCCCCC)CC1CC(C(C1))CC(CCCCCCCC)CCCCCCCCCC,CCCCCCCCCCC(CCCCCCCC)CC1CC(C(C1))CC(CCCCCCCC)CCCCCCCCCC
0.00207,0.015131178,483.0917874,,2.017324526,,,,Antione Fit,CCCCCCCCCCC(CCCCCCCC)CC1CC(C(C1))CC(CCCCCCCC)CCCCCCCCCC,CCCCCCCCCCC(CCCCCCCC)CC1CC(C(C1))CC(CCCCCCCC)CCCCCCCCCC
0.002082929,0.011498088,480.093109,,1.53295238,,,,Antione Fit,CCCCCCCCCCC(CCCCCCCC)CC1CC(C(C1))CC(CCCCCCCC)CCCCCCCCCC,CCCCCCCCCCC(CCCCCCCC)CC1CC(C(C1))CC(CCCCCCCC)CCCCCCCCCC
0.002095859,0.008755153,477.131428,,1.16725771,,,,Antione Fit,CCCCCCCCCCC(CCCCCCCC)CC1CC(C(C1))CC(CCCCCCCC)CCCCCCCCCC,CCCCCCCCCCC(CCCCCCCC)CC1CC(C(C1))CC(CCCCCCCC)CCCCCCCCCC
0.002108788,0.006680011,474.2060641,,0.890594912,,,,Antione Fit,CCCCCCCCCCC(CCCCCCCC)CC1CC(C(C1))CC(CCCCCCCC)CCCCCCCCCC,CCCCCCCCCCC(CCCCCCCC)CC1CC(C(C1))CC(CCCCCCCC)CCCCCCCCCC
0.002121717,0.005106888,471.3163532,,0.680862421,,,,Antione Fit,CCCCCCCCCCC(CCCCCCCC)CC1CC(C(C1))CC(CCCCCCCC)CCCCCCCCCC,CCCCCCCCCCC(CCCCCCCC)CC1CC(C(C1))CC(CCCCCCCC)CCCCCCCCCC
0.002134646,0.003911935,468.4616477,,0.521548479,,,,Antione Fit,CCCCCCCCCCC(CCCCCCCC)CC1CC(C(C1))CC(CCCCCCCC)CCCCCCCCCC,CCCCCCCCCCC(CCCCCCCC)CC1CC(C(C1))CC(CCCCCCCC)CCCCCCCCCC
0.002147576,0.003002436,465.6413151,,0.400291872,,,,Antione Fit,CCCCCCCCCCC(CCCCCCCC)CC1CC(C(C1))CC(CCCCCCCC)CCCCCCCCCC,CCCCCCCCCCC(CCCCCCCC)CC1CC(C(C1))CC(CCCCCCCC)CCCCCCCCCC
0.002160505,0.002308837,462.8547384,,0.307819673,,,,Antione Fit,CCCCCCCCCCC(CCCCCCCC)CC1CC(C(C1))CC(CCCCCCCC)CCCCCCCCCC,CCCCCCCCCCC(CCCCCCCC)CC1CC(C(C1))CC(CCCCCCCC)CCCCCCCCCC
0.002173434,0.001778858,460.1013152,,0.237161595,,,,Antione Fit,CCCCCCCCCCC(CCCCCCCC)CC1CC(C(C1))CC(CCCCCCCC)CCCCCCCCCC,CCCCCCCCCCC(CCCCCCCC)CC1CC(C(C1))CC(CCCCCCCC)CCCCCCCCCC
0.002186364,0.001373121,457.3804574,,0.183067712,,,,Antione Fit,CCCCCCCCCCC(CCCCCCCC)CC1CC(C(C1))CC(CCCCCCCC)CCCCCCCCCC,CCCCCCCCCCC(CCCCCCCC)CC1CC(C(C1))CC(CCCCCCCC)CCCCCCCCCC
0.002199293,0.001061907,454.6915905,,0.141576015,,,,Antione Fit,CCCCCCCCCCC(CCCCCCCC)CC1CC(C(C1))CC(CCCCCCCC)CCCCCCCCCC,CCCCCCCCCCC(CCCCCCCC)CC1CC(C(C1))CC(CCCCCCCC)CCCCCCCCCC
0.002212222,0.000822747,452.0341537,,0.109690602,,,,Antione Fit,CCCCCCCCCCC(CCCCCCCC)CC1CC(C(C1))CC(CCCCCCCC)CCCCCCCCCC,CCCCCCCCCCC(CCCCCCCC)CC1CC(C(C1))CC(CCCCCCCC)CCCCCCCCCC
0.002225152,0.000638615,449.4075991,,0.085141707,,,,Antione Fit,CCCCCCCCCCC(CCCCCCCC)CC1CC(C(C1))CC(CCCCCCCC)CCCCCCCCCC,CCCCCCCCCCC(CCCCCCCC)CC1CC(C(C1))CC(CCCCCCCC)CCCCCCCCCC
0.002238081,0.000496589,446.8113914,,0.066206404,,,,Antione Fit,CCCCCCCCCCC(CCCCCCCC)CC1CC(C(C1))CC(CCCCCCCC)CCCCCCCCCC,CCCCCCCCCCC(CCCCCCCC)CC1CC(C(C1))CC(CCCCCCCC)CCCCCCCCCC
0.00225101,0.00038684,444.2450079,,0.051574377,,,,Antione Fit,CCCCCCCCCCC(CCCCCCCC)CC1CC(C(C1))CC(CCCCCCCC)CCCCCCCCCC,CCCCCCCCCCC(CCCCCCCC)CC1CC(C(C1))CC(CCCCCCCC)CCCCCCCCCC
0.002263939,0.000301879,441.7079374,,0.040247239,,,,Antione Fit,CCCCCCCCCCC(CCCCCCCC)CC1CC(C(C1))CC(CCCCCCCC)CCCCCCCCCC,CCCCCCCCCCC(CCCCCCCC)CC1CC(C(C1))CC(CCCCCCCC)CCCCCCCCCC
0.002276869,0.000235991,439.1996806,,0.031462857,,,,Antione Fit,CCCCCCCCCCC(CCCCCCCC)CC1CC(C(C1))CC(CCCCCCCC)CCCCCCCCCC,CCCCCCCCCCC(CCCCCCCC)CC1CC(C(C1))CC(CCCCCCCC)CCCCCCCCCC
0.002289798,0.000184803,436.7197494,,0.024638381,,,,Antione Fit,CCCCCCCCCCC(CCCCCCCC)CC1CC(C(C1))CC(CCCCCCCC)CCCCCCCCCC,CCCCCCCCCCC(CCCCCCCC)CC1CC(C(C1))CC(CCCCCCCC)CCCCCCCCCC
0.002302727,0.000144966,434.2676668,,0.019327258,,,,Antione Fit,CCCCCCCCCCC(CCCCCCCC)CC1CC(C(C1))CC(CCCCCCCC)CCCCCCCCCC,CCCCCCCCCCC(CCCCCCCC)CC1CC(C(C1))CC(CCCCCCCC)CCCCCCCCCC
0.002315657,0.00011391,431.8429662,,0.01518674,,,,Antione Fit,CCCCCCCCCCC(CCCCCCCC)CC1CC(C(C1))CC(CCCCCCCC)CCCCCCCCCC,CCCCCCCCCCC(CCCCCCCC)CC1CC(C(C1))CC(CCCCCCCC)CCCCCCCCCC
0.002328586,8.97E-05,429.4451915,,0.01195329,,,,Antione Fit,CCCCCCCCCCC(CCCCCCCC)CC1CC(C(C1))CC(CCCCCCCC)CCCCCCCCCC,CCCCCCCCCCC(CCCCCCCC)CC1CC(C(C1))CC(CCCCCCCC)CCCCCCCCCC
0.002341515,7.07E-05,427.0738967,,0.009423915,,,,Antione Fit,CCCCCCCCCCC(CCCCCCCC)CC1CC(C(C1))CC(CCCCCCCC)CCCCCCCCCC,CCCCCCCCCCC(CCCCCCCC)CC1CC(C(C1))CC(CCCCCCCC)CCCCCCCCCC
0.002354444,5.58E-05,424.7286456,,0.007441985,,,,Antione Fit,CCCCCCCCCCC(CCCCCCCC)CC1CC(C(C1))CC(CCCCCCCC)CCCCCCCCCC,CCCCCCCCCCC(CCCCCCCC)CC1CC(C(C1))CC(CCCCCCCC)CCCCCCCCCC
0.002367374,4.42E-05,422.4090114,,0.005886435,,,,Antione Fit,CCCCCCCCCCC(CCCCCCCC)CC1CC(C(C1))CC(CCCCCCCC)CCCCCCCCCC,CCCCCCCCCCC(CCCCCCCC)CC1CC(C(C1))CC(CCCCCCCC)CCCCCCCCCC
0.002380303,3.50E-05,420.1145767,,0.00466353,,,,Antione Fit,CCCCCCCCCCC(CCCCCCCC)CC1CC(C(C1))CC(CCCCCCCC)CCCCCCCCCC,CCCCCCCCCCC(CCCCCCCC)CC1CC(C(C1))CC(CCCCCCCC)CCCCCCCCCC
0.002393232,2.78E-05,417.8449331,,0.003700573,,,,Antione Fit,CCCCCCCCCCC(CCCCCCCC)CC1CC(C(C1))CC(CCCCCCCC)CCCCCCCCCC,CCCCCCCCCCC(CCCCCCCC)CC1CC(C(C1))CC(CCCCCCCC)CCCCCCCCCC
0.002406162,2.21E-05,415.599681,,0.002941086,,,,Antione Fit,CCCCCCCCCCC(CCCCCCCC)CC1CC(C(C1))CC(CCCCCCCC)CCCCCCCCCC,CCCCCCCCCCC(CCCCCCCC)CC1CC(C(C1))CC(CCCCCCCC)CCCCCCCCCC
0.002419091,1.76E-05,413.3784292,,0.002341123,,,,Antione Fit,CCCCCCCCCCC(CCCCCCCC)CC1CC(C(C1))CC(CCCCCCCC)CCCCCCCCCC,CCCCCCCCCCC(CCCCCCCC)CC1CC(C(C1))CC(CCCCCCCC)CCCCCCCCCC
0.00243202,1.40E-05,411.1807949,,0.001866429,,,,Antione Fit,CCCCCCCCCCC(CCCCCCCC)CC1CC(C(C1))CC(CCCCCCCC)CCCCCCCCCC,CCCCCCCCCCC(CCCCCCCC)CC1CC(C(C1))CC(CCCCCCCC)CCCCCCCCCC
0.002444949,1.12E-05,409.0064036,,0.001490262,,,,Antione Fit,CCCCCCCCCCC(CCCCCCCC)CC1CC(C(C1))CC(CCCCCCCC)CCCCCCCCCC,CCCCCCCCCCC(CCCCCCCC)CC1CC(C(C1))CC(CCCCCCCC)CCCCCCCCCC
0.002457879,8.94E-06,406.8548884,,0.001191712,,,,Antione Fit,CCCCCCCCCCC(CCCCCCCC)CC1CC(C(C1))CC(CCCCCCCC)CCCCCCCCCC,CCCCCCCCCCC(CCCCCCCC)CC1CC(C(C1))CC(CCCCCCCC)CCCCCCCCCC
0.002470808,7.16E-06,404.7258902,,0.0009544,,,,Antione Fit,CCCCCCCCCCC(CCCCCCCC)CC1CC(C(C1))CC(CCCCCCCC)CCCCCCCCCC,CCCCCCCCCCC(CCCCCCCC)CC1CC(C(C1))CC(CCCCCCCC)CCCCCCCCCC
0.002483737,5.74E-06,402.6190573,,0.00076548,,,,Antione Fit,CCCCCCCCCCC(CCCCCCCC)CC1CC(C(C1))CC(CCCCCCCC)CCCCCCCCCC,CCCCCCCCCCC(CCCCCCCC)CC1CC(C(C1))CC(CCCCCCCC)CCCCCCCCCC
0.002496667,4.61E-06,400.5340454,,0.000614858,,,,Antione Fit,CCCCCCCCCCC(CCCCCCCC)CC1CC(C(C1))CC(CCCCCCCC)CCCCCCCCCC,CCCCCCCCCCC(CCCCCCCC)CC1CC(C(C1))CC(CCCCCCCC)CCCCCCCCCC
0.002509596,3.71E-06,398.4705172,,0.000494593,,,,Antione Fit,CCCCCCCCCCC(CCCCCCCC)CC1CC(C(C1))CC(CCCCCCCC)CCCCCCCCCC,CCCCCCCCCCC(CCCCCCCC)CC1CC(C(C1))CC(CCCCCCCC)CCCCCCCCCC
0.002522525,2.99E-06,396.4281424,,0.000398424,,,,Antione Fit,CCCCCCCCCCC(CCCCCCCC)CC1CC(C(C1))CC(CCCCCCCC)CCCCCCCCCC,CCCCCCCCCCC(CCCCCCCC)CC1CC(C(C1))CC(CCCCCCCC)CCCCCCCCCC
0.002535455,2.41E-06,394.4065973,,0.000321412,,,,Antione Fit,CCCCCCCCCCC(CCCCCCCC)CC1CC(C(C1))CC(CCCCCCCC)CCCCCCCCCC,CCCCCCCCCCC(CCCCCCCC)CC1CC(C(C1))CC(CCCCCCCC)CCCCCCCCCC
0.002548384,1.95E-06,392.405565,,0.000259652,,,,Antione Fit,CCCCCCCCCCC(CCCCCCCC)CC1CC(C(C1))CC(CCCCCCCC)CCCCCCCCCC,CCCCCCCCCCC(CCCCCCCC)CC1CC(C(C1))CC(CCCCCCCC)CCCCCCCCCC
0.002561313,1.58E-06,390.4247348,,0.000210052,,,,Antione Fit,CCCCCCCCCCC(CCCCCCCC)CC1CC(C(C1))CC(CCCCCCCC)CCCCCCCCCC,CCCCCCCCCCC(CCCCCCCC)CC1CC(C(C1))CC(CCCCCCCC)CCCCCCCCCC
0.002574242,1.28E-06,388.4638022,,0.000170163,,,,Antione Fit,CCCCCCCCCCC(CCCCCCCC)CC1CC(C(C1))CC(CCCCCCCC)CCCCCCCCCC,CCCCCCCCCCC(CCCCCCCC)CC1CC(C(C1))CC(CCCCCCCC)CCCCCCCCCC
0.002587172,1.04E-06,386.5224691,,0.000138037,,,,Antione Fit,CCCCCCCCCCC(CCCCCCCC)CC1CC(C(C1))CC(CCCCCCCC)CCCCCCCCCC,CCCCCCCCCCC(CCCCCCCC)CC1CC(C(C1))CC(CCCCCCCC)CCCCCCCCCC
0.002600101,8.41E-07,384.6004429,,0.000112129,,,,Antione Fit,CCCCCCCCCCC(CCCCCCCC)CC1CC(C(C1))CC(CCCCCCCC)CCCCCCCCCC,CCCCCCCCCCC(CCCCCCCC)CC1CC(C(C1))CC(CCCCCCCC)CCCCCCCCCC
0.00261303,6.84E-07,382.6974371,,9.12E-05,,,,Antione Fit,CCCCCCCCCCC(CCCCCCCC)CC1CC(C(C1))CC(CCCCCCCC)CCCCCCCCCC,CCCCCCCCCCC(CCCCCCCC)CC1CC(C(C1))CC(CCCCCCCC)CCCCCCCCCC
0.00262596,5.57E-07,380.8131708,,7.43E-05,,,,Antione Fit,CCCCCCCCCCC(CCCCCCCC)CC1CC(C(C1))CC(CCCCCCCC)CCCCCCCCCC,CCCCCCCCCCC(CCCCCCCC)CC1CC(C(C1))CC(CCCCCCCC)CCCCCCCCCC
0.002638889,4.54E-07,378.9473684,,6.06E-05,,,,Antione Fit,CCCCCCCCCCC(CCCCCCCC)CC1CC(C(C1))CC(CCCCCCCC)CCCCCCCCCC,CCCCCCCCCCC(CCCCCCCC)CC1CC(C(C1))CC(CCCCCCCC)CCCCCCCCCC
0.002651818,3.71E-07,377.09976,,4.95E-05,,,,Antione Fit,CCCCCCCCCCC(CCCCCCCC)CC1CC(C(C1))CC(CCCCCCCC)CCCCCCCCCC,CCCCCCCCCCC(CCCCCCCC)CC1CC(C(C1))CC(CCCCCCCC)CCCCCCCCCC
0.002664747,3.03E-07,375.2700807,,4.05E-05,,,,Antione Fit,CCCCCCCCCCC(CCCCCCCC)CC1CC(C(C1))CC(CCCCCCCC)CCCCCCCCCC,CCCCCCCCCCC(CCCCCCCC)CC1CC(C(C1))CC(CCCCCCCC)CCCCCCCCCC
0.002677677,2.48E-07,373.4580708,,3.31E-05,,,,Antione Fit,CCCCCCCCCCC(CCCCCCCC)CC1CC(C(C1))CC(CCCCCCCC)CCCCCCCCCC,CCCCCCCCCCC(CCCCCCCC)CC1CC(C(C1))CC(CCCCCCCC)CCCCCCCCCC
0.002690606,2.04E-07,371.6634756,,2.72E-05,,,,Antione Fit,CCCCCCCCCCC(CCCCCCCC)CC1CC(C(C1))CC(CCCCCCCC)CCCCCCCCCC,CCCCCCCCCCC(CCCCCCCC)CC1CC(C(C1))CC(CCCCCCCC)CCCCCCCCCC
0.002703535,1.67E-07,369.8860452,,2.23E-05,,,,Antione Fit,CCCCCCCCCCC(CCCCCCCC)CC1CC(C(C1))CC(CCCCCCCC)CCCCCCCCCC,CCCCCCCCCCC(CCCCCCCC)CC1CC(C(C1))CC(CCCCCCCC)CCCCCCCCCC
0.002716465,1.37E-07,368.1255345,,1.83E-05,,,,Antione Fit,CCCCCCCCCCC(CCCCCCCC)CC1CC(C(C1))CC(CCCCCCCC)CCCCCCCCCC,CCCCCCCCCCC(CCCCCCCC)CC1CC(C(C1))CC(CCCCCCCC)CCCCCCCCCC
0.002729394,1.13E-07,366.3817031,,1.51E-05,,,,Antione Fit,CCCCCCCCCCC(CCCCCCCC)CC1CC(C(C1))CC(CCCCCCCC)CCCCCCCCCC,CCCCCCCCCCC(CCCCCCCC)CC1CC(C(C1))CC(CCCCCCCC)CCCCCCCCCC
0.002742323,9.31E-08,364.6543151,,1.24E-05,,,,Antione Fit,CCCCCCCCCCC(CCCCCCCC)CC1CC(C(C1))CC(CCCCCCCC)CCCCCCCCCC,CCCCCCCCCCC(CCCCCCCC)CC1CC(C(C1))CC(CCCCCCCC)CCCCCCCCCC
0.002755253,7.68E-08,362.9431389,,1.02E-05,,,,Antione Fit,CCCCCCCCCCC(CCCCCCCC)CC1CC(C(C1))CC(CCCCCCCC)CCCCCCCCCC,CCCCCCCCCCC(CCCCCCCC)CC1CC(C(C1))CC(CCCCCCCC)CCCCCCCCCC
0.002768182,6.34E-08,361.2479475,,8.46E-06,,,,Antione Fit,CCCCCCCCCCC(CCCCCCCC)CC1CC(C(C1))CC(CCCCCCCC)CCCCCCCCCC,CCCCCCCCCCC(CCCCCCCC)CC1CC(C(C1))CC(CCCCCCCC)CCCCCCCCCC
0.002781111,5.24E-08,359.5685178,,6.99E-06,,,,Antione Fit,CCCCCCCCCCC(CCCCCCCC)CC1CC(C(C1))CC(CCCCCCCC)CCCCCCCCCC,CCCCCCCCCCC(CCCCCCCC)CC1CC(C(C1))CC(CCCCCCCC)CCCCCCCCCC
0.00279404,4.34E-08,357.9046311,,5.79E-06,,,,Antione Fit,CCCCCCCCCCC(CCCCCCCC)CC1CC(C(C1))CC(CCCCCCCC)CCCCCCCCCC,CCCCCCCCCCC(CCCCCCCC)CC1CC(C(C1))CC(CCCCCCCC)CCCCCCCCCC
0.00280697,3.60E-08,356.2560725,,4.80E-06,,,,Antione Fit,CCCCCCCCCCC(CCCCCCCC)CC1CC(C(C1))CC(CCCCCCCC)CCCCCCCCCC,CCCCCCCCCCC(CCCCCCCC)CC1CC(C(C1))CC(CCCCCCCC)CCCCCCCCCC
0.002819899,2.99E-08,354.6226314,,3.98E-06,,,,Antione Fit,CCCCCCCCCCC(CCCCCCCC)CC1CC(C(C1))CC(CCCCCCCC)CCCCCCCCCC,CCCCCCCCCCC(CCCCCCCC)CC1CC(C(C1))CC(CCCCCCCC)CCCCCCCCCC
0.002832828,2.48E-08,353.0041006,,3.31E-06,,,,Antione Fit,CCCCCCCCCCC(CCCCCCCC)CC1CC(C(C1))CC(CCCCCCCC)CCCCCCCCCC,CCCCCCCCCCC(CCCCCCCC)CC1CC(C(C1))CC(CCCCCCCC)CCCCCCCCCC
0.002845758,2.06E-08,351.4002769,,2.75E-06,,,,Antione Fit,CCCCCCCCCCC(CCCCCCCC)CC1CC(C(C1))CC(CCCCCCCC)CCCCCCCCCC,CCCCCCCCCCC(CCCCCCCC)CC1CC(C(C1))CC(CCCCCCCC)CCCCCCCCCC
0.002858687,1.72E-08,349.8109607,,2.29E-06,,,,Antione Fit,CCCCCCCCCCC(CCCCCCCC)CC1CC(C(C1))CC(CCCCCCCC)CCCCCCCCCC,CCCCCCCCCCC(CCCCCCCC)CC1CC(C(C1))CC(CCCCCCCC)CCCCCCCCCC
0.002871616,1.43E-08,348.2359562,,1.91E-06,,,,Antione Fit,CCCCCCCCCCC(CCCCCCCC)CC1CC(C(C1))CC(CCCCCCCC)CCCCCCCCCC,CCCCCCCCCCC(CCCCCCCC)CC1CC(C(C1))CC(CCCCCCCC)CCCCCCCCCC
0.002884545,1.19E-08,346.6750709,,1.59E-06,,,,Antione Fit,CCCCCCCCCCC(CCCCCCCC)CC1CC(C(C1))CC(CCCCCCCC)CCCCCCCCCC,CCCCCCCCCCC(CCCCCCCC)CC1CC(C(C1))CC(CCCCCCCC)CCCCCCCCCC
0.002897475,9.97E-09,345.1281157,,1.33E-06,,,,Antione Fit,CCCCCCCCCCC(CCCCCCCC)CC1CC(C(C1))CC(CCCCCCCC)CCCCCCCCCC,CCCCCCCCCCC(CCCCCCCC)CC1CC(C(C1))CC(CCCCCCCC)CCCCCCCCCC
0.002910404,8.34E-09,343.5949051,,1.11E-06,,,,Antione Fit,CCCCCCCCCCC(CCCCCCCC)CC1CC(C(C1))CC(CCCCCCCC)CCCCCCCCCC,CCCCCCCCCCC(CCCCCCCC)CC1CC(C(C1))CC(CCCCCCCC)CCCCCCCCCC
0.002923333,6.98E-09,342.0752566,,9.31E-07,,,,Antione Fit,CCCCCCCCCCC(CCCCCCCC)CC1CC(C(C1))CC(CCCCCCCC)CCCCCCCCCC,CCCCCCCCCCC(CCCCCCCC)CC1CC(C(C1))CC(CCCCCCCC)CCCCCCCCCC
0.002936263,5.85E-09,340.568991,,7.80E-07,,,,Antione Fit,CCCCCCCCCCC(CCCCCCCC)CC1CC(C(C1))CC(CCCCCCCC)CCCCCCCCCC,CCCCCCCCCCC(CCCCCCCC)CC1CC(C(C1))CC(CCCCCCCC)CCCCCCCCCC
0.002949192,4.91E-09,339.0759325,,6.54E-07,,,,Antione Fit,CCCCCCCCCCC(CCCCCCCC)CC1CC(C(C1))CC(CCCCCCCC)CCCCCCCCCC,CCCCCCCCCCC(CCCCCCCC)CC1CC(C(C1))CC(CCCCCCCC)CCCCCCCCCC
0.002962121,4.12E-09,337.5959079,,5.49E-07,,,,Antione Fit,CCCCCCCCCCC(CCCCCCCC)CC1CC(C(C1))CC(CCCCCCCC)CCCCCCCCCC,CCCCCCCCCCC(CCCCCCCC)CC1CC(C(C1))CC(CCCCCCCC)CCCCCCCCCC
0.002975051,3.46E-09,336.1287475,,4.62E-07,,,,Antione Fit,CCCCCCCCCCC(CCCCCCCC)CC1CC(C(C1))CC(CCCCCCCC)CCCCCCCCCC,CCCCCCCCCCC(CCCCCCCC)CC1CC(C(C1))CC(CCCCCCCC)CCCCCCCCCC
0.00298798,2.91E-09,334.6742842,,3.89E-07,,,,Antione Fit,CCCCCCCCCCC(CCCCCCCC)CC1CC(C(C1))CC(CCCCCCCC)CCCCCCCCCC,CCCCCCCCCCC(CCCCCCCC)CC1CC(C(C1))CC(CCCCCCCC)CCCCCCCCCC
0.003000909,2.45E-09,333.2323538,,3.27E-07,,,,Antione Fit,CCCCCCCCCCC(CCCCCCCC)CC1CC(C(C1))CC(CCCCCCCC)CCCCCCCCCC,CCCCCCCCCCC(CCCCCCCC)CC1CC(C(C1))CC(CCCCCCCC)CCCCCCCCCC
0.003013838,2.07E-09,331.8027952,,2.76E-07,,,,Antione Fit,CCCCCCCCCCC(CCCCCCCC)CC1CC(C(C1))CC(CCCCCCCC)CCCCCCCCCC,CCCCCCCCCCC(CCCCCCCC)CC1CC(C(C1))CC(CCCCCCCC)CCCCCCCCCC
0.003026768,1.75E-09,330.3854497,,2.33E-07,,,,Antione Fit,CCCCCCCCCCC(CCCCCCCC)CC1CC(C(C1))CC(CCCCCCCC)CCCCCCCCCC,CCCCCCCCCCC(CCCCCCCC)CC1CC(C(C1))CC(CCCCCCCC)CCCCCCCCCC
0.003039697,1.48E-09,328.9801615,,1.97E-07,,,,Antione Fit,CCCCCCCCCCC(CCCCCCCC)CC1CC(C(C1))CC(CCCCCCCC)CCCCCCCCCC,CCCCCCCCCCC(CCCCCCCC)CC1CC(C(C1))CC(CCCCCCCC)CCCCCCCCCC
0.003052626,1.25E-09,327.5867774,,1.66E-07,,,,Antione Fit,CCCCCCCCCCC(CCCCCCCC)CC1CC(C(C1))CC(CCCCCCCC)CCCCCCCCCC,CCCCCCCCCCC(CCCCCCCC)CC1CC(C(C1))CC(CCCCCCCC)CCCCCCCCCC
0.003065556,1.06E-09,326.2051468,,1.41E-07,,,,Antione Fit,CCCCCCCCCCC(CCCCCCCC)CC1CC(C(C1))CC(CCCCCCCC)CCCCCCCCCC,CCCCCCCCCCC(CCCCCCCC)CC1CC(C(C1))CC(CCCCCCCC)CCCCCCCCCC
0.003078485,8.95E-10,324.8351216,,1.19E-07,,,,Antione Fit,CCCCCCCCCCC(CCCCCCCC)CC1CC(C(C1))CC(CCCCCCCC)CCCCCCCCCC,CCCCCCCCCCC(CCCCCCCC)CC1CC(C(C1))CC(CCCCCCCC)CCCCCCCCCC
0.003091414,7.59E-10,323.4765561,,1.01E-07,,,,Antione Fit,CCCCCCCCCCC(CCCCCCCC)CC1CC(C(C1))CC(CCCCCCCC)CCCCCCCCCC,CCCCCCCCCCC(CCCCCCCC)CC1CC(C(C1))CC(CCCCCCCC)CCCCCCCCCC
0.003104343,6.45E-10,322.1293073,,8.59E-08,,,,Antione Fit,CCCCCCCCCCC(CCCCCCCC)CC1CC(C(C1))CC(CCCCCCCC)CCCCCCCCCC,CCCCCCCCCCC(CCCCCCCC)CC1CC(C(C1))CC(CCCCCCCC)CCCCCCCCCC
0.003117273,5.48E-10,320.7932342,,7.30E-08,,,,Antione Fit,CCCCCCCCCCC(CCCCCCCC)CC1CC(C(C1))CC(CCCCCCCC)CCCCCCCCCC,CCCCCCCCCCC(CCCCCCCC)CC1CC(C(C1))CC(CCCCCCCC)CCCCCCCCCC
0.003130202,4.66E-10,319.4681984,,6.21E-08,,,,Antione Fit,CCCCCCCCCCC(CCCCCCCC)CC1CC(C(C1))CC(CCCCCCCC)CCCCCCCCCC,CCCCCCCCCCC(CCCCCCCC)CC1CC(C(C1))CC(CCCCCCCC)CCCCCCCCCC
0.003143131,3.97E-10,318.1540637,,5.29E-08,,,,Antione Fit,CCCCCCCCCCC(CCCCCCCC)CC1CC(C(C1))CC(CCCCCCCC)CCCCCCCCCC,CCCCCCCCCCC(CCCCCCCC)CC1CC(C(C1))CC(CCCCCCCC)CCCCCCCCCC
0.003156061,3.38E-10,316.8506961,,4.51E-08,,,,Antione Fit,CCCCCCCCCCC(CCCCCCCC)CC1CC(C(C1))CC(CCCCCCCC)CCCCCCCCCC,CCCCCCCCCCC(CCCCCCCC)CC1CC(C(C1))CC(CCCCCCCC)CCCCCCCCCC
0.00316899,2.88E-10,315.5579639,,3.84E-08,,,,Antione Fit,CCCCCCCCCCC(CCCCCCCC)CC1CC(C(C1))CC(CCCCCCCC)CCCCCCCCCC,CCCCCCCCCCC(CCCCCCCC)CC1CC(C(C1))CC(CCCCCCCC)CCCCCCCCCC
0.003181919,2.46E-10,314.2757373,,3.28E-08,,,,Antione Fit,CCCCCCCCCCC(CCCCCCCC)CC1CC(C(C1))CC(CCCCCCCC)CCCCCCCCCC,CCCCCCCCCCC(CCCCCCCC)CC1CC(C(C1))CC(CCCCCCCC)CCCCCCCCCC
0.003194848,2.10E-10,313.0038888,,2.80E-08,,,,Antione Fit,CCCCCCCCCCC(CCCCCCCC)CC1CC(C(C1))CC(CCCCCCCC)CCCCCCCCCC,CCCCCCCCCCC(CCCCCCCC)CC1CC(C(C1))CC(CCCCCCCC)CCCCCCCCCC
0.003207778,1.80E-10,311.742293,,2.40E-08,,,,Antione Fit,CCCCCCCCCCC(CCCCCCCC)CC1CC(C(C1))CC(CCCCCCCC)CCCCCCCCCC,CCCCCCCCCCC(CCCCCCCC)CC1CC(C(C1))CC(CCCCCCCC)CCCCCCCCCC
0.003220707,1.54E-10,310.4908264,,2.05E-08,,,,Antione Fit,CCCCCCCCCCC(CCCCCCCC)CC1CC(C(C1))CC(CCCCCCCC)CCCCCCCCCC,CCCCCCCCCCC(CCCCCCCC)CC1CC(C(C1))CC(CCCCCCCC)CCCCCCCCCC
0.003233636,1.32E-10,309.2493674,,1.76E-08,,,,Antione Fit,CCCCCCCCCCC(CCCCCCCC)CC1CC(C(C1))CC(CCCCCCCC)CCCCCCCCCC,CCCCCCCCCCC(CCCCCCCC)CC1CC(C(C1))CC(CCCCCCCC)CCCCCCCCCC
0.003246566,1.13E-10,308.0177966,,1.51E-08,,,,Antione Fit,CCCCCCCCCCC(CCCCCCCC)CC1CC(C(C1))CC(CCCCCCCC)CCCCCCCCCC,CCCCCCCCCCC(CCCCCCCC)CC1CC(C(C1))CC(CCCCCCCC)CCCCCCCCCC
0.003259495,9.70E-11,306.7959962,,1.29E-08,,,,Antione Fit,CCCCCCCCCCC(CCCCCCCC)CC1CC(C(C1))CC(CCCCCCCC)CCCCCCCCCC,CCCCCCCCCCC(CCCCCCCC)CC1CC(C(C1))CC(CCCCCCCC)CCCCCCCCCC
0.003272424,8.33E-11,305.5838504,,1.11E-08,,,,Antione Fit,CCCCCCCCCCC(CCCCCCCC)CC1CC(C(C1))CC(CCCCCCCC)CCCCCCCCCC,CCCCCCCCCCC(CCCCCCCC)CC1CC(C(C1))CC(CCCCCCCC)CCCCCCCCCC
0.003285354,7.16E-11,304.3812452,,9.55E-09,,,,Antione Fit,CCCCCCCCCCC(CCCCCCCC)CC1CC(C(C1))CC(CCCCCCCC)CCCCCCCCCC,CCCCCCCCCCC(CCCCCCCC)CC1CC(C(C1))CC(CCCCCCCC)CCCCCCCCCC
0.003298283,6.16E-11,303.1880685,,8.21E-09,,,,Antione Fit,CCCCCCCCCCC(CCCCCCCC)CC1CC(C(C1))CC(CCCCCCCC)CCCCCCCCCC,CCCCCCCCCCC(CCCCCCCC)CC1CC(C(C1))CC(CCCCCCCC)CCCCCCCCCC
0.003311212,5.30E-11,302.0042098,,7.07E-09,,,,Antione Fit,CCCCCCCCCCC(CCCCCCCC)CC1CC(C(C1))CC(CCCCCCCC)CCCCCCCCCC,CCCCCCCCCCC(CCCCCCCC)CC1CC(C(C1))CC(CCCCCCCC)CCCCCCCCCC
0.003324141,4.57E-11,300.8295603,,6.09E-09,,,,Antione Fit,CCCCCCCCCCC(CCCCCCCC)CC1CC(C(C1))CC(CCCCCCCC)CCCCCCCCCC,CCCCCCCCCCC(CCCCCCCC)CC1CC(C(C1))CC(CCCCCCCC)CCCCCCCCCC
0.003337071,3.94E-11,299.6640131,,5.26E-09,,,,Antione Fit,CCCCCCCCCCC(CCCCCCCC)CC1CC(C(C1))CC(CCCCCCCC)CCCCCCCCCC,CCCCCCCCCCC(CCCCCCCC)CC1CC(C(C1))CC(CCCCCCCC)CCCCCCCCCC
0.00335,3.40E-11,298.5074627,,4.54E-09,,,,Antione Fit,CCCCCCCCCCC(CCCCCCCC)CC1CC(C(C1))CC(CCCCCCCC)CCCCCCCCCC,CCCCCCCCCCC(CCCCCCCC)CC1CC(C(C1))CC(CCCCCCCC)CCCCCCCCCC
0.00207,0.015131178,483.0917874,,2.017324526,,,,GPR,CCCCCCCCCCC(CCCCCCCC)CC1CC(C(C1))CC(CCCCCCCC)CCCCCCCCCC,CCCCCCCCCCC(CCCCCCCC)CC1CC(C(C1))CC(CCCCCCCC)CCCCCCCCCC
0.002137368,0.003699375,467.8650579,,0.493209442,,,,GPR,CCCCCCCCCCC(CCCCCCCC)CC1CC(C(C1))CC(CCCCCCCC)CCCCCCCCCC,CCCCCCCCCCC(CCCCCCCC)CC1CC(C(C1))CC(CCCCCCCC)CCCCCCCCCC
0.002204737,0.000953517,453.5688709,,0.127125096,,,,GPR,CCCCCCCCCCC(CCCCCCCC)CC1CC(C(C1))CC(CCCCCCCC)CCCCCCCCCC,CCCCCCCCCCC(CCCCCCCC)CC1CC(C(C1))CC(CCCCCCCC)CCCCCCCCCC
0.002272105,0.000258348,440.120454,,0.034443592,,,,GPR,CCCCCCCCCCC(CCCCCCCC)CC1CC(C(C1))CC(CCCCCCCC)CCCCCCCCCC,CCCCCCCCCCC(CCCCCCCC)CC1CC(C(C1))CC(CCCCCCCC)CCCCCCCCCC
0.002339474,7.34E-05,427.4465692,,0.009783344,,,,GPR,CCCCCCCCCCC(CCCCCCCC)CC1CC(C(C1))CC(CCCCCCCC)CCCCCCCCCC,CCCCCCCCCCC(CCCCCCCC)CC1CC(C(C1))CC(CCCCCCCC)CCCCCCCCCC
0.002406842,2.18E-05,415.482178,,0.002905869,,,,GPR,CCCCCCCCCCC(CCCCCCCC)CC1CC(C(C1))CC(CCCCCCCC)CCCCCCCCCC,CCCCCCCCCCC(CCCCCCCC)CC1CC(C(C1))CC(CCCCCCCC)CCCCCCCCCC
0.002474211,6.75E-06,404.1693257,,0.000900448,,,,GPR,CCCCCCCCCCC(CCCCCCCC)CC1CC(C(C1))CC(CCCCCCCC)CCCCCCCCCC,CCCCCCCCCCC(CCCCCCCC)CC1CC(C(C1))CC(CCCCCCCC)CCCCCCCCCC
0.002541579,2.18E-06,393.4562021,,0.000290462,,,,GPR,CCCCCCCCCCC(CCCCCCCC)CC1CC(C(C1))CC(CCCCCCCC)CCCCCCCCCC,CCCCCCCCCCC(CCCCCCCC)CC1CC(C(C1))CC(CCCCCCCC)CCCCCCCCCC
0.002608947,7.30E-07,383.2963486,,9.73E-05,,,,GPR,CCCCCCCCCCC(CCCCCCCC)CC1CC(C(C1))CC(CCCCCCCC)CCCCCCCCCC,CCCCCCCCCCC(CCCCCCCC)CC1CC(C(C1))CC(CCCCCCCC)CCCCCCCCCC
0.002676316,2.54E-07,373.6479843,,3.38E-05,,,,GPR,CCCCCCCCCCC(CCCCCCCC)CC1CC(C(C1))CC(CCCCCCCC)CCCCCCCCCC,CCCCCCCCCCC(CCCCCCCC)CC1CC(C(C1))CC(CCCCCCCC)CCCCCCCCCC
0.002743684,9.12E-08,364.4734318,,1.22E-05,,,,GPR,CCCCCCCCCCC(CCCCCCCC)CC1CC(C(C1))CC(CCCCCCCC)CCCCCCCCCC,CCCCCCCCCCC(CCCCCCCC)CC1CC(C(C1))CC(CCCCCCCC)CCCCCCCCCC
0.002811053,3.39E-08,355.7386257,,4.52E-06,,,,GPR,CCCCCCCCCCC(CCCCCCCC)CC1CC(C(C1))CC(CCCCCCCC)CCCCCCCCCC,CCCCCCCCCCC(CCCCCCCC)CC1CC(C(C1))CC(CCCCCCCC)CCCCCCCCCC
0.002878421,1.30E-08,347.4126897,,1.73E-06,,,,GPR,CCCCCCCCCCC(CCCCCCCC)CC1CC(C(C1))CC(CCCCCCCC)CCCCCCCCCC,CCCCCCCCCCC(CCCCCCCC)CC1CC(C(C1))CC(CCCCCCCC)CCCCCCCCCC
0.002945789,5.14E-09,339.4675719,,6.85E-07,,,,GPR,CCCCCCCCCCC(CCCCCCCC)CC1CC(C(C1))CC(CCCCCCCC)CCCCCCCCCC,CCCCCCCCCCC(CCCCCCCC)CC1CC(C(C1))CC(CCCCCCCC)CCCCCCCCCC
0.003013158,2.09E-09,331.8777293,,2.78E-07,,,,GPR,CCCCCCCCCCC(CCCCCCCC)CC1CC(C(C1))CC(CCCCCCCC)CCCCCCCCCC,CCCCCCCCCCC(CCCCCCCC)CC1CC(C(C1))CC(CCCCCCCC)CCCCCCCCCC
0.003080526,8.72E-10,324.6198531,,1.16E-07,,,,GPR,CCCCCCCCCCC(CCCCCCCC)CC1CC(C(C1))CC(CCCCCCCC)CCCCCCCCCC,CCCCCCCCCCC(CCCCCCCC)CC1CC(C(C1))CC(CCCCCCCC)CCCCCCCCCC
0.003147895,3.74E-10,317.67263,,4.98E-08,,,,GPR,CCCCCCCCCCC(CCCCCCCC)CC1CC(C(C1))CC(CCCCCCCC)CCCCCCCCCC,CCCCCCCCCCC(CCCCCCCC)CC1CC(C(C1))CC(CCCCCCCC)CCCCCCCCCC
0.003215263,1.64E-10,311.016533,,2.19E-08,,,,GPR,CCCCCCCCCCC(CCCCCCCC)CC1CC(C(C1))CC(CCCCCCCC)CCCCCCCCCC,CCCCCCCCCCC(CCCCCCCC)CC1CC(C(C1))CC(CCCCCCCC)CCCCCCCCCC
0.003282632,7.39E-11,304.633638,,9.85E-09,,,,GPR,CCCCCCCCCCC(CCCCCCCC)CC1CC(C(C1))CC(CCCCCCCC)CCCCCCCCCC,CCCCCCCCCCC(CCCCCCCC)CC1CC(C(C1))CC(CCCCCCCC)CCCCCCCCCC
0.00335,3.40E-11,298.5074627,,4.54E-09,,,,GPR,CCCCCCCCCCC(CCCCCCCC)CC1CC(C(C1))CC(CCCCCCCC)CCCCCCCCCC,CCCCCCCCCCC(CCCCCCCC)CC1CC(C(C1))CC(CCCCCCCC)CCCCCCCCCC
0.002583979,1.09E-06,387,,0.000145338,,,,GNN,CCCCCCCCCCC(CCCCCCCC)CC1CC(C(C1))CC(CCCCCCCC)CCCCCCCCCC,CCCCCCCCCCC(CCCCCCCC)CC1CC(C(C1))CC(CCCCCCCC)CCCCCCCCCC
