smiles,label,pred,sub_name
FC1(F)C(F)(F)C(F)(F)C(F)(F)C(F)(F)C1(F)F,5.769345760345459,6.069332122802734,noname
FC(F)(F)C(F)(F)C(F)(F)C(F)(C(F)(F)F)C(F)(F)F,5.695925712585449,5.98903226852417,noname
C1CCCCC1,5.393435955047607,5.01909875869751,noname
Fc1ccccc1F,5.250658988952637,5.014861106872559,noname
Fc1cccc(C(F)(F)F)c1,5.171600818634033,5.23886775970459,noname
FC(F)(F)C(F)(F)C1CCCCC1,5.165766716003418,5.003396511077881,noname
FC(F)(F)c1ccccc1,5.151424407958984,5.169108867645264,noname
CCOC(=O)C(C)C,5.052701950073242,4.686695575714111,noname
Cc1ccccc1F,5.003963470458984,4.661047458648682,noname
CCCC(C)C(C)C,4.984836101531982,4.745800495147705,noname
Cc1cccc(F)c1,4.975672721862793,4.695456027984619,noname
Cc1ccc(F)cc1,4.971044540405273,4.70631742477417,noname
COC(=O)CC(C)C,4.966152191162109,4.646951198577881,noname
CCC(C)C(C)CC,4.959893703460693,4.8318071365356445,noname
CCCC(C)CCC,4.958568096160889,4.896338939666748,noname
CC(=O)OCC(C)C,4.950448513031006,4.675041198730469,noname
CCCC(CC)CC,4.949071407318115,4.888515949249268,noname
C1CCCCCC1,4.9462385177612305,4.833681583404541,noname
CCCCC(C)CC,4.945469856262207,4.840542316436768,noname
CC1(C)CCCCC1,4.938451290130615,4.837100505828857,noname
CC(C)OC(=O)C(C)C,4.919091701507568,4.487546443939209,noname
C=CCCCCCC,4.913527488708496,4.813403606414795,noname
CCC1(C)CCCC1,4.91262674331665,4.8369364738464355,noname
CC(C)(C)CC(C)(C)C,4.905585289001465,4.616166114807129,noname
CCCC(C)(C)O,4.901496410369873,4.854634761810303,noname
CCCOC(=O)CC,4.892363548278809,4.700920581817627,noname
CCCCC=C(C)C,4.890552997589111,4.673554420471191,noname
CCCC(=O)CC,4.882236957550049,4.775466442108154,noname
CC(C)CCC(C)(C)C,4.881007671356201,4.693238735198975,noname
CC(C)C(=O)C(C)C,4.863340377807617,4.693340301513672,noname
CCCCCCCC,4.85799503326416,4.745326042175293,noname
CC(C)C1CCCC1,4.853968620300293,4.833084583282471,noname
CCCCOC(C)=O,4.8452324867248535,4.721490383148193,noname
CCC1CCCC1C,4.832879543304443,4.709852695465088,noname
CCC(C)(C)CC(C)C,4.8022236824035645,4.687638759613037,noname
CCCCC(C)=O,4.778812885284424,4.690464496612549,noname
CC(C)C(C)C(C)(C)C,4.7750701904296875,4.698365688323975,noname
CC1(C)CCOCO1,4.757310390472412,4.740808486938477,noname
CCCOC(=O)C(C)C,4.748588562011719,4.538900852203369,noname
CC(C)CC(C)O,4.7335309982299805,4.8038835525512695,noname
CC1CCCC(C)(C)C1,4.73215389251709,4.580842971801758,noname
CCOC(=O)CC(C)C,4.728819370269775,4.4823126792907715,noname
CCc1ccccc1,4.727301120758057,4.452600955963135,noname
Cc1ccc(C)cc1,4.6995086669921875,4.4131903648376465,noname
Cc1cccc(C)c1,4.688720703125,4.391362190246582,noname
CCC(=O)OCC(C)C,4.688567638397217,4.479420185089111,noname
CCC(C)(C)C(C)(C)C,4.687201023101807,4.616571426391602,noname
CC(C)C(C)(C)C(C)C,4.670161724090576,4.668262004852295,noname
CCCCOCCCC,4.666065692901611,4.510177135467529,noname
CC(C)C(=O)C(C)(C)C,4.64398193359375,4.46337366104126,noname
Cc1ccccc1C,4.621394157409668,4.3920722007751465,noname
CCC(CC)(CC)CC,4.612053871154785,4.559179782867432,noname
CCCCC(C)O,4.599154472351074,4.655892848968506,noname
C=CCCCCCCC,4.58465576171875,4.527650356292725,noname
CCC1CCCC(C)C1,4.579743385314941,4.4394025802612305,noname
C=CC(=O)OCCCC,4.570823669433594,4.523497104644775,noname
CCCCCCC=O,4.558885097503662,4.609898567199707,noname
CCOC(OCC)OCC,4.55245304107666,4.400042533874512,noname
C1CCCCCCC1,4.547328948974609,4.6350297927856445,noname
CC(C)COC(=O)C(C)C,4.544200897216797,4.276731491088867,noname
CCCCCCCCC,4.530849456787109,4.4618024826049805,noname
CC1=CCC2CC1C2(C)C,4.484323978424072,4.383638858795166,noname
CCCC(=O)CCC,4.481906890869141,4.524867057800293,noname
O=C1CCCCC1,4.4789934158325195,4.729584217071533,noname
CCCC1CCCCC1,4.471815586090088,4.433913707733154,noname
CCCC(=O)OCC(C)C,4.4314422607421875,4.315620422363281,noname
CCCc1ccccc1,4.431095600128174,4.457007884979248,noname
CC(C)CCCCC(C)C,4.430050849914551,4.285944938659668,noname
CCCOC(=O)CC(C)C,4.429283618927002,4.328719615936279,noname
CCc1cccc(C)c1,4.3969902992248535,4.1854567527771,noname
CCc1ccc(C)cc1,4.391651630401611,4.201919078826904,noname
C=C1C2CCC(C2)C1(C)C,4.3768768310546875,4.200968265533447,noname
CCOC(=O)CCC(C)C,4.37042236328125,4.304450035095215,noname
C=C1CCC2CC1C2(C)C,4.359120845794678,4.292991638183594,noname
CCc1ccccc1C,4.347921848297119,4.190639972686768,noname
Cc1cc(C)cc(C)c1,4.346189975738525,4.111476898193359,noname
CC(C)COCCO,4.343913555145264,4.263815879821777,noname
CCCCCCO,4.321189880371094,4.389410972595215,noname
C=C(C)c1ccccc1,4.317361831665039,4.062536239624023,noname
CC(C)(C)c1ccccc1,4.301779747009277,3.953528881072998,noname
CCC(=O)OC(=O)CC,4.293845176696777,4.201078414916992,noname
Cc1ccc(C)c(C)c1,4.289081573486328,4.111697673797607,noname
CC(C)(C)C1CCCCC1,4.288193225860596,4.325443267822266,noname
OC1CCCCC1,4.2880706787109375,4.544764518737793,noname
CC(C)CC1CCCCC1,4.282882213592529,4.30496883392334,noname
CC(C)CCOC(=O)C(C)C,4.272119998931885,4.0742902755737305,noname
C=Cc1cccc(C)c1,4.267396450042725,4.008259296417236,noname
C=CCCCCCCCC,4.262726306915283,4.209919452667236,noname
C=Cc1ccc(C)cc1,4.256554126739502,4.030221939086914,noname
CC(C)Cc1ccccc1,4.255597114562988,4.20077657699585,noname
C=CC(=C)CCC=C(C)C,4.249150276184082,4.2231669425964355,noname
CCC(C)c1ccccc1,4.2469964027404785,4.212558269500732,noname
Cc1cccc(C(C)C)c1,4.211244583129883,3.9642670154571533,noname
CCCCCCCCCC,4.209539890289307,4.161038875579834,noname
CC(C)CCOCCC(C)C,4.199781894683838,4.082639217376709,noname
Cc1cccc(C)c1C,4.199004650115967,4.109651565551758,noname
Cc1ccc(C(C)C)cc1,4.1878156661987305,3.983754873275757,noname
CCCCOCCO,4.18754768371582,4.060815811157227,noname
CC1=CCC(C(C)C)C=C1,4.177365779876709,4.280902862548828,noname
CCC(C)C1CCCCC1,4.175253868103027,4.222501277923584,noname
CCCCCCC(C)=O,4.164096832275391,4.186107158660889,noname
CC=Cc1ccccc1,4.162111282348633,3.906342029571533,noname
O=Cc1ccccc1,4.148319721221924,4.061100482940674,noname
CCCC(=O)OCCC(C)C,4.137315273284912,4.111069679260254,noname
C1=Cc2ccccc2C1,4.11134147644043,3.6898558139801025,noname
CCCCc1ccccc1,4.102290630340576,4.370303630828857,noname
CCc1ccccc1CC,4.096376895904541,3.9156973361968994,noname
CCc1ccc(CC)cc1,4.0940093994140625,3.914977788925171,noname
C1CCC2CCCCC2C1,4.0938520431518555,4.09199333190918,noname
C1CCC2(CC1)CCCC2,4.090922832489014,4.079108715057373,noname
CC1=CCC(=C(C)C)CC1,4.067671775817871,4.198525428771973,noname
CCOCc1ccccc1,4.043905258178711,4.2682366371154785,noname
CCC(CO)CC(C)C,4.0378570556640625,4.051085472106934,noname
CCCCCCCO,4.02193021774292,4.118206977844238,noname
CCCCCC(=O)OCCC,4.006162166595459,3.9460277557373047,noname
Oc1ccccc1,4.005874156951904,3.6611533164978027,noname
CCCOc1ccccc1,3.9992055892944336,4.0735554695129395,noname
CCc1ccccc1OC,3.988658905029297,3.727492094039917,noname
C=Cc1cccc(CC)c1,3.97655987739563,3.776540994644165,noname
CCCC(C)c1ccccc1,3.9615578651428223,4.2666778564453125,noname
C=Cc1cc(C)ccc1C,3.9573283195495605,3.7143547534942627,noname
CC(C)CCOC(=O)CC(C)C,3.95296049118042,3.8063395023345947,noname
C=CCCCCCCCCC,3.9449291229248047,3.8783133029937744,noname
CC(C)=CCCC(C)O,3.9316933155059814,4.223989009857178,noname
CCCCC(CC)CO,3.9203550815582275,3.8871355056762695,noname
Cc1cc(C)c(C)cc1C,3.911346912384033,3.7725393772125244,noname
CCCCCCCC(C)=O,3.906723737716675,3.8637325763702393,noname
CCCCCCCCCCC,3.892554759979248,3.8477141857147217,noname
O=Cc1ccccc1O,3.876021385192871,3.214512348175049,noname
C=Cc1cccc(C=C)c1,3.8694798946380615,3.6492717266082764,noname
Cc1cc(C)c(C)c(C)c1,3.8683319091796875,3.7736170291900635,noname
CCOC(=O)c1ccco1,3.8450756072998047,3.730884313583374,noname
CC(=O)Oc1ccccc1,3.829331874847412,3.533370018005371,noname
C=Cc1ccc(C(C)C)cc1,3.8277978897094727,3.65283465385437,noname
CC12CCC(C1)C(C)(C)C2O,3.812310218811035,3.9241347312927246,noname
CC(=O)c1ccccc1,3.808396816253662,3.866503953933716,noname
COC(=O)CCC(C)=O,3.8025450706481934,4.08293342590332,noname
CCOC(=O)C(=O)OCC,3.79298996925354,3.870260715484619,noname
CC(C)=CC(=O)C=C(C)C,3.774634838104248,3.7956302165985107,noname
Cc1ccc(C)c(C)c1C,3.7654988765716553,3.7847964763641357,noname
CC1(C)CCC(=O)O1,3.753344774246216,4.566673755645752,noname
CCOC(=O)CC(=O)OCC,3.7508649826049805,3.688524007797241,noname
CCc1cc(C)c(C)cc1C,3.740898370742798,3.628115177154541,noname
CCCCCCCCO,3.7196364402770996,3.786076784133911,noname
O=CC(=O)c1ccccc1,3.6995534896850586,3.3612418174743652,noname
C=Cc1ccc(OC)cc1,3.6881983280181885,3.619701862335205,noname
CCOCCOCCO,3.6786673069000244,3.8190572261810303,noname
Cc1cccc(O)c1C,3.663632392883301,3.3674585819244385,noname
CCc1ccccc1O,3.6617207527160645,3.393948793411255,noname
CCOC(=O)CCC(C)=O,3.6588997840881348,3.8711798191070557,noname
CC(=O)CCC(=O)OC(C)C,3.64963436126709,3.607947826385498,noname
CC1(C)C2CCC1(C)C(OC=O)C2,3.601414203643799,3.5244522094726562,noname
CCc1ccc(CC)c(CC)c1,3.5995304584503174,3.4728524684906006,noname
CCOC(=O)C(CC)C(=O)OCC,3.573376178741455,3.400967836380005,noname
CC1CCC(C(C)C)C(OC=O)C1,3.5724570751190186,3.499892234802246,noname
CCCCCCCCCC=O,3.57155442237854,3.602733850479126,noname
COC(=O)C=C(C)C(=O)OC,3.567934274673462,3.561155319213867,noname
C=Cc1cc(C)c(C)cc1C,3.5677285194396973,3.488816499710083,noname
C=CC(=O)OCC(CC)CCCC,3.5585365295410156,3.5998566150665283,noname
C=CCc1ccc(OC)cc1,3.5294349193573,3.469900369644165,noname
COC(=O)c1ccccc1O,3.51473331451416,2.89811110496521,noname
Cc1cc(C)c(O)c(C)c1,3.4977636337280273,3.2057666778564453,noname
CC1CCC(C(C)C)C(O)C1,3.492544412612915,3.6128499507904053,noname
CCc1cccc(O)c1,3.492116928100586,3.392312526702881,noname
CCCCCC(=O)O,3.4794812202453613,3.245110273361206,noname
C=CC(C)(CCC=C(C)C)OC(C)=O,3.4757912158966064,3.2835934162139893,noname
CC(C)c1ccccc1O,3.472090244293213,3.286285161972046,noname
CC(C)(C)c1ccccc1O,3.470280170440674,3.137430429458618,noname
CCOC(=O)CCC(=O)OCC,3.4700050354003906,3.5671448707580566,noname
CCCOC(=O)c1ccccc1,3.429128408432007,3.3828506469726562,noname
CC(C)(C)C(=O)c1ccccc1,3.4197192192077637,3.337747573852539,noname
CCCCCCCCCO,3.4195311069488525,3.4387171268463135,noname
OCCc1ccccc1,3.4113681316375732,3.3711493015289307,noname
CC(C)CCCC(C)CCO,3.3987176418304443,3.4827935695648193,noname
C=C(C)C1CC=C(C)C(=O)C1,3.3873391151428223,3.7374613285064697,noname
CC(C)CC(=O)c1ccccc1,3.3717312812805176,3.411163330078125,noname
C=CC(=O)OCCCCCCCC,3.351282835006714,3.358128309249878,noname
CCCc1ccccc1O,3.327928066253662,3.397927761077881,noname
CC(C)c1cccc(O)c1,3.3165314197540283,3.2877590656280518,noname
CC(C)=CCCC(C)=CCOC=O,3.3156654834747314,3.4009640216827393,noname
CCC(=O)c1ccc(C)cc1,3.3109335899353027,3.459942579269409,noname
CC(=O)CCC(=O)OCC(C)C,3.2999703884124756,3.511113405227661,noname
C=C(CC(=O)OC)C(=O)OC,3.297084331512451,3.576716423034668,noname
CC(C)COC(=O)C(=O)OCC(C)C,3.295290946960449,3.1990034580230713,noname
Cc1cc(C)c(O)cc1C,3.27584171295166,3.216583490371704,noname
Cc1cc(C)c(C)c(O)c1,3.272726535797119,3.2124249935150146,noname
CC(C)=CCCC(C)CCO,3.268636465072632,3.6479504108428955,noname
Cc1ccc(C(C)C)c(O)c1,3.2566840648651123,3.1413919925689697,noname
C=CCc1ccc2c(c1)OCO2,3.251715660095215,2.98547101020813,noname
CCC(=O)OC1CC2CCC1(C)C2(C)C,3.241222381591797,3.261308193206787,noname
CC(=O)OC(C)(C)C1CC=C(C)CC1,3.2395780086517334,3.3991949558258057,noname
CC(C)c1ccc(O)cc1,3.2380101680755615,3.302790403366089,noname
CCCCCCCCCC(C)=O,3.234856128692627,3.429600477218628,noname
CC(C)COC(=O)c1ccccc1,3.2340822219848633,3.175579071044922,noname
CCCCOCCOCCO,3.2278506755828857,3.361201524734497,noname
Cc1cc(C)c(C)c(O)c1C,3.2190630435943604,3.044203758239746,noname
CCOC(=O)CCCC(=O)OCC,3.208571672439575,3.48123836517334,noname
CCCCCCCc1ccccc1,3.205415964126587,3.4108636379241943,noname
c1ccc(C2CCCCC2)cc1,3.182612657546997,3.5456063747406006,noname
CCc1cc(C)cc(O)c1,3.1735026836395264,3.2436492443084717,noname
Cc1ccc(O)c(C(C)(C)C)c1,3.1614298820495605,2.983983278274536,noname
CCCCCCC(=O)O,3.151472806930542,3.0073704719543457,noname
CC(=O)OCCC(C)CCC=C(C)C,3.1507647037506104,3.3537282943725586,noname
CCCCCCCCCC(C)O,3.149319887161255,3.168673276901245,noname
Cc1ccc(C(C)C)cc1O,3.144801616668701,3.1414692401885986,noname
CCCCCCCCCCO,3.1217942237854004,3.2149012088775635,noname
CC(C)C(=O)OC1CC2CCC1(C)C2(C)C,3.12140154838562,3.131442070007324,noname
CCC(C)c1ccc(O)cc1,3.1057040691375732,3.265346050262451,noname
CC(C)Cc1ccc(O)cc1,3.0982859134674072,3.257240056991577,noname
Cc1cc(C)c(O)c(C(C)(C)C)c1,3.0979301929473877,2.8024699687957764,noname
CC(O)COCC(C)O,3.0771775245666504,3.6638219356536865,noname
OCCCc1ccccc1,3.0757339000701904,3.3567583560943604,noname
CCc1cccc2ccccc12,3.0706093311309814,2.9450981616973877,noname
OCC=Cc1ccccc1,3.054218053817749,2.9897875785827637,noname
CC(=O)OCC=C(C)CCC=C(C)C,3.05362868309021,3.2343926429748535,noname
CC(C)c1ccc(CO)cc1,3.0423548221588135,3.075923204421997,noname
CC(=O)CCC(=O)OCCC(C)C,3.0252294540405273,3.4097697734832764,noname
O=CC=Cc1ccccc1,2.998878240585327,3.36579966545105,noname
CC(C)CCOC(=O)c1ccccc1,2.9833383560180664,3.130178213119507,noname
OCCOc1ccccc1,2.9828073978424072,3.131700277328491,noname
CCc1ccc(O)c(C(C)(C)C)c1,2.9811220169067383,2.8278567790985107,noname
CCCOC(=O)CCC(=O)OCCC,2.9605002403259277,3.3458359241485596,noname
Cc1ccc2ccc(C)cc2c1,2.9580256938934326,2.9120943546295166,noname
COC(=O)C=Cc1ccccc1,2.9429924488067627,2.96439528465271,noname
CCCCCCCCCCCC=O,2.9340338706970215,3.133023977279663,noname
CCC(C)(C)c1ccc(O)cc1,2.905627727508545,3.0121090412139893,noname
CCOC(=O)CC(O)C(=O)OCC,2.8954055309295654,3.0808475017547607,noname
Cc1cc2ccccc2cc1C,2.853363513946533,2.9016058444976807,noname
C=CCc1ccc(OC)c(O)c1,2.8426098823547363,2.8312089443206787,noname
Cc1cc(O)c(C(C)(C)C)cc1C,2.836888551712036,2.803593397140503,noname
CC(=O)OCCOc1ccccc1,2.834691286087036,2.8850748538970947,noname
C=CCc1ccc(OC)c(OC)c1,2.8302345275878906,2.9126389026641846,noname
CCCCCCCCCC(=O)OCCC,2.817044734954834,2.763005018234253,noname
CC(C)(C)c1ccc(O)c(C(C)(C)C)c1,2.796099901199341,2.4915549755096436,noname
CC(C)CCOC(=O)C(=O)OCCC(C)C,2.7759804725646973,3.0349791049957275,noname
CCCCCCCCCCCC(C)=O,2.7568674087524414,2.9463775157928467,noname
CC=Cc1ccc(O)c(OC)c1,2.755323648452759,2.7507903575897217,noname
c1cc2c3c(cccc3c1)CC2,2.752110719680786,2.810147523880005,noname
O=Cc1ccc2c(c1)OCO2,2.7519097328186035,3.016448497772217,noname
Cc1cccc2cccc(C)c12,2.7471301555633545,2.8789308071136475,noname
CCOC(=O)C=Cc1ccccc1,2.72442364692688,2.848207473754883,noname
CCc1cc(CC)c(CC)c(CC)c1CC,2.7164175510406494,2.7590219974517822,noname
C=C(c1ccccc1)c1ccccc1,2.713771104812622,2.402117967605591,noname
c1ccc(CCc2ccccc2)cc1,2.7080392837524414,2.4934747219085693,noname
CC(C)=CCCC(C)=CCOC(=O)C(C)C,2.6976935863494873,2.9150660037994385,noname
O=C(O)c1ccccc1,2.6527223587036133,2.8526222705841064,noname
CC(=O)C1C(=O)C=C(C)OC1=O,2.647174835205078,3.27443265914917,noname
O=C1OC(=O)c2ccccc21,2.619960069656372,2.986703395843506,noname
CCCC(=O)OCC=C(C)CCC=C(C)C,2.558802366256714,2.997931718826294,noname
c1ccc(COc2ccccc2)cc1,2.539957046508789,2.383965253829956,noname
CCCCCCCCCCCCO,2.5392024517059326,2.636317253112793,noname
CC(C)=CCCC(C)CC(=O)O,2.498307704925537,2.8723814487457275,noname
CC(=O)Oc1ccccc1OC(C)=O,2.486781358718872,2.5929648876190186,noname
CCCCCCCCCCCCCC=O,2.4557247161865234,2.611555814743042,noname
C=CCc1ccc(OC(C)=O)c(OC)c1,2.4188480377197266,2.5839803218841553,noname
CCCCCCCCCCC(=O)O,2.415195941925049,1.8499314785003662,noname
O=C(O)CCc1ccccc1,2.3986310958862305,2.5864627361297607,noname
CC(C)OC(=O)C(O)C(O)C(=O)OC(C)C,2.376899480819702,2.501610517501831,noname
CCOC(=O)CC(O)(CC(=O)OCC)C(=O)OCC,2.2936859130859375,2.2986669540405273,noname
O=C(Oc1ccccc1)c1ccccc1,2.2786409854888916,2.18649959564209,noname
CCOC(=O)c1ccccc1C(=O)OCC,2.246889114379883,2.559504270553589,noname
OC(c1ccccc1)c1ccccc1,2.2066683769226074,2.251772165298462,noname
OCCOCCOCCO,2.124411106109619,2.884242296218872,noname
O=C(O)c1ccccc1O,2.1163535118103027,2.258845090866089,noname
CCCCCCCCCCCC(=O)O,1.5977414846420288,1.621091365814209,noname
CCCCCCCCCCCCCC(=O)O,0.9468695521354675,1.2826664447784424,noname
CCCCCCCCCCCCCCCCCCCCCCCCCCC,-0.8860105276107788,-0.36277976632118225,noname
CCCCCCCCCCC(CCCCCCCC)CC1CC(C(C1)CC(CCCCCCCC)CCCCCCCCCC)CC(CCCCCCCC)CCCCCCCCCC,-4.814165115356445,-5.797608375549316,noname
