smiles,label,sub_name,group,sub_pred_mean,sub_pred_std,mol_pred_mean,mol_pred_std,attribution,attribution_normalized
FC1(F)C(F)(F)C(F)(F)C(F)(F)C(F)(F)C1(F)F,5.769345760345459,-X,training,5.626069736480713,0.378121460901336,5.653916692733764,0.3676376993429587,0.027846956253051225,0.02783976048336766
FC1(F)C(F)(F)C(F)(F)C(F)(F)C(F)(F)C1(F)F,5.769345760345459,-X,training,5.626069736480713,0.378121460901336,5.653916692733764,0.3676376993429587,0.027846956253051225,0.02783976048336766
FC1(F)C(F)(F)C(F)(F)C(F)(F)C(F)(F)C1(F)F,5.769345760345459,-X,training,5.626069784164429,0.378121579844631,5.653916692733764,0.3676376993429587,0.027846908569335582,0.0278397128366093
FC1(F)C(F)(F)C(F)(F)C(F)(F)C(F)(F)C1(F)F,5.769345760345459,-X,training,5.626069784164429,0.378121579844631,5.653916692733764,0.3676376993429587,0.027846908569335582,0.0278397128366093
FC1(F)C(F)(F)C(F)(F)C(F)(F)C(F)(F)C1(F)F,5.769345760345459,-X,training,5.626069784164429,0.3781216079974286,5.653916692733764,0.3676376993429587,0.027846908569335582,0.0278397128366093
FC1(F)C(F)(F)C(F)(F)C(F)(F)C(F)(F)C1(F)F,5.769345760345459,-X,training,5.626069784164429,0.3781216079974286,5.653916692733764,0.3676376993429587,0.027846908569335582,0.0278397128366093
FC1(F)C(F)(F)C(F)(F)C(F)(F)C(F)(F)C1(F)F,5.769345760345459,-X,training,5.626069355010986,0.3781217967232473,5.653916692733764,0.3676376993429587,0.027847337722778143,0.027840141657431563
FC1(F)C(F)(F)C(F)(F)C(F)(F)C(F)(F)C1(F)F,5.769345760345459,-X,training,5.626069355010986,0.3781217967232473,5.653916692733764,0.3676376993429587,0.027847337722778143,0.027840141657431563
FC1(F)C(F)(F)C(F)(F)C(F)(F)C(F)(F)C1(F)F,5.769345760345459,-X,training,5.626069974899292,0.3781212649944766,5.653916692733764,0.3676376993429587,0.027846717834472123,0.027839522249573888
FC1(F)C(F)(F)C(F)(F)C(F)(F)C(F)(F)C1(F)F,5.769345760345459,-X,training,5.626069974899292,0.3781212649944766,5.653916692733764,0.3676376993429587,0.027846717834472123,0.027839522249573888
FC1(F)C(F)(F)C(F)(F)C(F)(F)C(F)(F)C1(F)F,5.769345760345459,-X,training,5.626070070266724,0.3781214519142247,5.653916692733764,0.3676376993429587,0.02784662246703995,0.027839426956054854
FC1(F)C(F)(F)C(F)(F)C(F)(F)C(F)(F)C1(F)F,5.769345760345459,-X,training,5.626070070266724,0.3781214519142247,5.653916692733764,0.3676376993429587,0.02784662246703995,0.027839426956054854
FC(F)(F)C(F)(F)C(F)(F)C(F)(C(F)(F)F)C(F)(F)F,5.695925712585449,-X,training,5.645825624465942,0.3259451861318935,5.670703268051147,0.326216729106519,0.024877643585204723,0.02487251262117577
FC(F)(F)C(F)(F)C(F)(F)C(F)(C(F)(F)F)C(F)(F)F,5.695925712585449,-X,training,5.645825624465942,0.3259451861318935,5.670703268051147,0.326216729106519,0.024877643585204723,0.02487251262117577
FC(F)(F)C(F)(F)C(F)(F)C(F)(C(F)(F)F)C(F)(F)F,5.695925712585449,-X,training,5.644184875488281,0.3253292448572052,5.670703268051147,0.326216729106519,0.026518392562866033,0.02651217817742775
FC(F)(F)C(F)(F)C(F)(F)C(F)(C(F)(F)F)C(F)(F)F,5.695925712585449,-X,training,5.644184875488281,0.3253292448572052,5.670703268051147,0.326216729106519,0.026518392562866033,0.02651217817742775
FC(F)(F)C(F)(F)C(F)(F)C(F)(C(F)(F)F)C(F)(F)F,5.695925712585449,-X,training,5.6404948234558105,0.3234719369858146,5.670703268051147,0.326216729106519,0.03020844459533656,0.03019925904160408
FC(F)(F)C(F)(F)C(F)(F)C(F)(C(F)(F)F)C(F)(F)F,5.695925712585449,-CF3,training,5.547733163833618,0.3513912102672163,5.670703268051147,0.326216729106519,0.1229701042175293,0.12235399377446947
FC(F)(F)C(F)(F)C(F)(F)C(F)(C(F)(F)F)C(F)(F)F,5.695925712585449,-CF3,training,5.545638370513916,0.3472203424801039,5.670703268051147,0.326216729106519,0.12506489753723127,0.12441689523906654
FC(F)(F)C(F)(F)C(F)(F)C(F)(C(F)(F)F)C(F)(F)F,5.695925712585449,-CF3,training,5.545638370513916,0.3472203424801039,5.670703268051147,0.326216729106519,0.12506489753723127,0.12441689523906654
Fc1ccccc1F,5.250658988952637,-X,training,4.957414817810059,0.2379035549795336,4.967696142196656,0.283267057316926,0.010281324386597568,0.010280962137286524
Fc1ccccc1F,5.250658988952637,-X,training,4.957414865493774,0.2379034253620915,4.967696142196656,0.283267057316926,0.010281276702881925,0.01028091445861096
Fc1cccc(C(F)(F)F)c1,5.171600818634033,-X,training,5.110198879241944,0.2387992900520473,5.111395406723022,0.2333428155849323,0.0011965274810785687,0.0011965269100648942
Fc1cccc(C(F)(F)F)c1,5.171600818634033,-CF3,training,4.999681663513184,0.2272113121544555,5.111395406723022,0.2333428155849323,0.11171374320983851,0.1112513237653279
FC(F)(F)C(F)(F)C1CCCCC1,5.165766716003418,-X,training,5.014122295379639,0.3355896039646658,5.022383165359497,0.3337303415696107,0.008260869979857866,0.00826068207229894
FC(F)(F)C(F)(F)C1CCCCC1,5.165766716003418,-X,training,5.014122295379639,0.3355896039646658,5.022383165359497,0.3337303415696107,0.008260869979857866,0.00826068207229894
FC(F)(F)C(F)(F)C1CCCCC1,5.165766716003418,-CF3,training,4.9904803276062015,0.3155764293566242,5.022383165359497,0.3337303415696107,0.03190283775329572,0.031892018683578945
FC(F)(F)c1ccccc1,5.151424407958984,-CF3,training,4.898172092437744,0.2747149513821256,5.1013061046600345,0.2550840720033421,0.20313401222229022,0.2003853688788797
CCOC(=O)C(C)C,5.052701950073242,-OEt,training,5.026648902893067,0.130438487166707,4.763751125335693,0.0593447719619168,-0.26289777755737376,-0.2570039185003244
CCOC(=O)C(C)C,5.052701950073242,=O,training,4.916346168518066,0.0891504509687594,4.763751125335693,0.0593447719619168,-0.15259504318237305,-0.1514215674069128
Cc1ccccc1F,5.003963470458984,-X,training,4.628673696517945,0.2009959454234348,4.667746877670288,0.209819280799974,0.03907318115234304,0.03905330877050102
Cc1cccc(F)c1,4.975672721862793,-X,training,4.668089389801025,0.2115684121890953,4.71648645401001,0.2083650486033059,0.048397064208984375,0.0483593131534599
Cc1ccc(F)cc1,4.971044540405273,-X,training,4.645112323760986,0.1990980247372513,4.697122192382812,0.1934320296684192,0.052009868621825994,0.05196302328517138
COC(=O)CC(C)C,4.966152191162109,-C(=O)OMe,training,5.094114923477173,0.1884037837805574,4.7238054275512695,0.0604882793981619,-0.3703094959259037,-0.3542623957630348
CC(=O)OCC(C)C,4.950448513031006,-C(=O)CH3,training,5.057441997528076,0.1142829807497852,4.736524677276611,0.0608630279712352,-0.320917320251465,-0.31033613153836265
CC(C)OC(=O)C(C)C,4.919091701507568,=O,training,4.803836250305176,0.0849570322494449,4.612519788742065,0.0701143869317704,-0.19131646156311088,-0.1890159493903869
CC(C)(C)CC(C)(C)C,4.905585289001465,-tBu,training,4.910146188735962,0.2239141304614147,4.651240587234497,0.1392158855872041,-0.258905601501465,-0.25327162019293475
CC(C)(C)CC(C)(C)C,4.905585289001465,-tBu,training,4.9101461410522464,0.2239141491929014,4.651240587234497,0.1392158855872041,-0.2589055538177494,-0.2532715755679627
CCCC(C)(C)O,4.901496410369873,-O,training,4.944773674011231,0.1521691036498597,4.803789901733398,0.1510518160443763,-0.1409837722778331,-0.14005705509675637
CCCOC(=O)CC,4.892363548278809,=O,training,4.894189310073853,0.0721319670634771,4.690000820159912,0.0660221827295826,-0.20418848991394078,-0.20139729056507444
CCCC(=O)CC,4.882236957550049,=O,training,5.020816421508789,0.1216645048682345,4.820846033096314,0.0715464445098624,-0.19997038841247505,-0.19734686205018037
CC(C)CCC(C)(C)C,4.881007671356201,-tBu,training,5.059342861175537,0.1499546877647399,4.684875059127807,0.0693430759825714,-0.37446780204772967,-0.35789345683505924
CC(C)C(=O)C(C)C,4.863340377807617,=O,training,4.9380354404449465,0.1277472646015014,4.751590204238892,0.0757650880249058,-0.1864452362060547,-0.18431446679064678
CCCCOC(C)=O,4.8452324867248535,-C(=O)CH3,training,5.089329433441162,0.1269250659710673,4.652731323242188,0.0853522481971425,-0.43659811019897443,-0.4108206589398664
CCCCC(C)=O,4.778812885284424,-C(=O)CH3,training,5.139894962310791,0.1509580230004993,4.781902027130127,0.0758739311394606,-0.3579929351806639,-0.343444933332745
CC(C)C(C)C(C)(C)C,4.775070190429688,-tBu,training,4.988131999969482,0.1876219302401321,4.643498229980469,0.1718101779888039,-0.34463376998901385,-0.33160793514028525
CCCOC(=O)C(C)C,4.748588562011719,=O,training,4.792411470413208,0.054800714195734,4.560479736328125,0.0697061285144895,-0.23193173408508372,-0.22786059407175685
CC(C)CC(C)O,4.7335309982299805,-O,training,4.958919763565064,0.10215487153149,4.728298091888428,0.0962003966149273,-0.23062167167663628,-0.22661818052943414
CCOC(=O)CC(C)C,4.728819370269775,-OEt,training,4.96641354560852,0.1087449991162814,4.54347505569458,0.0727415451897976,-0.4229384899139399,-0.3994030606296049
CCOC(=O)CC(C)C,4.728819370269775,=O,training,4.765990400314331,0.0708770695898843,4.54347505569458,0.0727415451897976,-0.22251534461975098,-0.2189141765588687
CCC(=O)OCC(C)C,4.688567638397217,=O,training,4.778673696517944,0.058251815361337,4.550517845153808,0.075197473106826,-0.22815585136413574,-0.22427769126998753
CCC(C)(C)C(C)(C)C,4.687201023101807,-tBu,training,4.914309215545655,0.2184635827289019,4.659615612030029,0.140930903144912,-0.2546936035156264,-0.24932562101711633
CC(C)C(=O)C(C)(C)C,4.64398193359375,-tBu,training,4.9723179817199705,0.1432380219572663,4.562483882904052,0.1748348275002511,-0.40983409881591815,-0.3883318062716689
CC(C)C(=O)C(C)(C)C,4.64398193359375,=O,training,4.755983829498291,0.173196540824378,4.562483882904052,0.1748348275002511,-0.19349994659423864,-0.19112055304524353
CCCCC(C)O,4.599154472351074,-O,training,4.935368871688842,0.1106204100280476,4.587321376800537,0.1147227981003098,-0.34804749488830566,-0.33464282645873344
C=CC(=O)OCCCC,4.570823669433594,=O,training,4.674728059768677,0.1064436014197925,4.333045816421508,0.1360189109409216,-0.3416822433471687,-0.32897840363329406
CCCCCCC=O,4.558885097503662,=O,training,4.895433664321899,0.1091861763071498,4.579130077362061,0.0989199452322653,-0.3163035869598385,-0.30616079138663715
CCOC(OCC)OCC,4.55245304107666,-OEt,training,4.893705606460571,0.1232764449721553,4.318494653701782,0.1459017093159463,-0.5752109527587894,-0.5191759425544025
CCOC(OCC)OCC,4.55245304107666,-OEt,training,4.893705606460571,0.1232764320974806,4.318494653701782,0.1459017093159463,-0.5752109527587894,-0.5191759425544025
CCOC(OCC)OCC,4.55245304107666,-OEt,training,4.893705606460571,0.1232764320974806,4.318494653701782,0.1459017093159463,-0.5752109527587894,-0.5191759425544025
CC(C)COC(=O)C(C)C,4.544200897216797,=O,training,4.660788869857788,0.0604749446893908,4.37889723777771,0.0989066389698394,-0.28189163208007795,-0.2746549237954015
CCCC(=O)CCC,4.481906890869141,=O,training,4.897303199768066,0.1097014080323643,4.576816272735596,0.0815586060943393,-0.32048692703247017,-0.30994713691829956
O=C1CCCCC1,4.47899341583252,=O,training,4.973717212677002,0.1172175481832796,4.671316862106323,0.1250832935136737,-0.3024003505706787,-0.29350772282812965
CCCC(=O)OCC(C)C,4.431442260742188,=O,training,4.579082727432251,0.0663828851907532,4.2635941982269285,0.084539452872232,-0.31548852920532244,-0.3054219483999772
CCCOC(=O)CC(C)C,4.429283618927002,=O,training,4.581104564666748,0.0641690680612476,4.271359920501709,0.0878830222128433,-0.3097446441650389,-0.3002047725372958
CCOC(=O)CCC(C)C,4.37042236328125,-OEt,training,4.856424236297608,0.0955240051061189,4.269007349014283,0.086675458412339,-0.5874168872833252,-0.5280352630994413
CCOC(=O)CCC(C)C,4.37042236328125,=O,training,4.57485613822937,0.0666889203080388,4.269007349014283,0.086675458412339,-0.3058487892150872,-0.296655890699415
CC(C)COCCO,4.343913555145264,-O,training,4.70319447517395,0.1070616241770106,4.21317150592804,0.1367883095355647,-0.49002296924590993,-0.45423466289386766
CCCCCCO,4.321189880371094,-O,training,4.912487506866455,0.0847616624170419,4.423389434814453,0.0916232401148378,-0.48909807205200195,-0.45350029061702296
CC(C)(C)c1ccccc1,4.301779747009277,-tBu,training,4.579352807998657,0.2700242183900862,4.24696261882782,0.2830270760248208,-0.3323901891708374,-0.3206668303405309
CCC(=O)OC(=O)CC,4.293845176696777,=O,training,4.515202808380127,0.1104343985122175,4.137740278244019,0.0781006878186338,-0.37746253013610787,-0.36050179361511125
CCC(=O)OC(=O)CC,4.293845176696777,=O,training,4.515202713012696,0.1104344866087377,4.137740278244019,0.0781006878186338,-0.37746243476867747,-0.36050171064177644
CC(C)(C)C1CCCCC1,4.288193225860596,-tBu,training,5.030337905883789,0.0910194120289028,4.452861356735229,0.1429411690773659,-0.5774765491485594,-0.5208289146773991
OC1CCCCC1,4.2880706787109375,-O,training,4.911878871917724,0.0876930351837739,4.44236946105957,0.1097422812432677,-0.4695094108581541,-0.4378028427503964
CC(C)CCOC(=O)C(C)C,4.272119998931885,=O,training,4.438443565368653,0.083275672007228,4.118276214599609,0.1246547232742662,-0.3201673507690437,-0.30965823285391664
CCCCOCCO,4.18754768371582,-O,training,4.618006944656372,0.1241255157787974,4.044189977645874,0.1637750890188391,-0.5738169670104982,-0.5181569600238082
CCCCCCC(C)=O,4.164096832275391,-C(=O)CH3,training,5.04599962234497,0.1148302911153359,4.263240718841553,0.0959354186668329,-0.7827589035034173,-0.6542873942774545
O=Cc1ccccc1,4.148319721221924,=O,training,4.333524918556213,0.2741070294345609,4.059560465812683,0.1979730746108139,-0.2739644527435301,-0.2673098957990229
CCCC(=O)OCCC(C)C,4.137315273284912,=O,training,4.339141511917115,0.0907543354689803,3.9891342639923097,0.1287523911220165,-0.35000724792480487,-0.33638197215359655
CCOCc1ccccc1,4.043905258178711,-OEt,training,4.365561485290527,0.316527874051237,3.867563819885254,0.2147663684793238,-0.49799766540527335,-0.4605409693964503
CCC(CO)CC(C)C,4.037857055664063,-O,training,4.650576639175415,0.0907705261129712,4.110734748840332,0.1166850467774147,-0.539841890335083,-0.4928682742018584
CCCCCCCO,4.02193021774292,-O,training,4.697583770751953,0.0874176970623878,4.126642918586731,0.1202603452945211,-0.5709408521652222,-0.5160499092924147
CCCCCC(=O)OCCC,4.006162166595459,=O,training,4.162224435806275,0.1126084081216444,3.834072494506836,0.1433210147145478,-0.3281519412994389,-0.316859237729254
Oc1ccccc1,4.005874156951904,-O,training,4.038873529434204,0.2708351198284159,3.542361283302307,0.1908366229495132,-0.4965122461318967,-0.45936980422855095
CCc1ccccc1OC,3.988658905029297,-OMe,training,4.17604169845581,0.274169745488953,3.752883267402649,0.0827099211442465,-0.4231584310531611,-0.39958789990118104
CC(C)CCOC(=O)CC(C)C,3.95296049118042,=O,training,4.154221725463867,0.0856501152596177,3.812981629371643,0.14601392041792,-0.3412400960922244,-0.3285840512209042
CC(C)=CCCC(C)O,3.931693315505981,-O,training,4.499887704849243,0.1472822223745986,3.985612916946411,0.1291003392859109,-0.5142747879028322,-0.47326920847890974
CCCCC(CC)CO,3.920355081558228,-O,training,4.530400180816651,0.0887390854596257,3.950585675239563,0.1155872606414829,-0.5798145055770876,-0.5225305954011044
CCCCCCCC(C)=O,3.906723737716675,-C(=O)CH3,training,4.906336307525635,0.0994053684613879,3.9536406993865967,0.1134064872332012,-0.9526956081390381,-0.7410009780889558
O=Cc1ccccc1O,3.876021385192871,-O,training,3.483544182777405,0.1746785169234089,3.199331784248352,0.1690169931067084,-0.284212398529053,-0.27679925180230364
O=Cc1ccccc1O,3.876021385192871,=O,training,3.301342272758484,0.1617575406264871,3.199331784248352,0.1690169931067084,-0.10201048851013184,-0.1016581100635486
CCOC(=O)c1ccco1,3.8450756072998047,-OEt,training,4.17594895362854,0.2907650149166882,3.632016158103943,0.1536582232515187,-0.5439327955245967,-0.4959591708908113
CCOC(=O)c1ccco1,3.8450756072998047,=O,training,3.95996823310852,0.209628483215388,3.632016158103943,0.1536582232515187,-0.327952075004577,-0.3166794265807804
CC(=O)Oc1ccccc1,3.829331874847412,-C(=O)CH3,training,4.183478236198425,0.3576687095862095,3.4308345317840576,0.1527012441361341,-0.7526437044143677,-0.636723501356183
CC12CCC(C1)C(C)(C)C2O,3.812310218811035,-O,training,4.061274242401123,0.3430284473816021,3.703072357177734,0.3222963219670113,-0.358201885223389,-0.3436292235660337
CC(=O)c1ccccc1,3.808396816253662,-C(=O)CH3,training,4.511755418777466,0.3088307244462747,3.862929964065552,0.1597533391266712,-0.6488254547119139,-0.5708787389832124
COC(=O)CCC(C)=O,3.802545070648194,-C(=O)OMe,training,4.999675464630127,0.1255575266345941,4.066814088821412,0.0944621570026889,-0.9328613758087148,-0.731925175982666
COC(=O)CCC(C)=O,3.802545070648194,-C(=O)CH3,training,4.906187534332275,0.1206998553775525,4.066814088821412,0.0944621570026889,-0.839373445510863,-0.685477055043845
CCOC(=O)C(=O)OCC,3.79298996925354,-OEt,training,4.588570642471313,0.1452837883501734,3.8133246660232554,0.1435357256699851,-0.7752459764480579,-0.6499695475213185
CCOC(=O)C(=O)OCC,3.79298996925354,-OEt,training,4.588570547103882,0.1452837153144918,3.8133246660232554,0.1435357256699851,-0.7752458810806266,-0.6499694924428483
CCOC(=O)C(=O)OCC,3.79298996925354,=O,training,4.17356653213501,0.1617951091319218,3.8133246660232554,0.1435357256699851,-0.36024186611175457,-0.3454270586118417
CCOC(=O)C(=O)OCC,3.79298996925354,=O,training,4.17356653213501,0.161795239085896,3.8133246660232554,0.1435357256699851,-0.36024186611175457,-0.3454270586118417
CC(C)=CC(=O)C=C(C)C,3.774634838104248,=O,training,4.316188907623291,0.1105253011111562,3.940994071960449,0.1387147024918495,-0.3751948356628416,-0.3585272013550133
CC1(C)CCC(=O)O1,3.753344774246216,=O,training,4.804114294052124,0.1647585579777267,4.6050124168396,0.152931641050266,-0.1991018772125246,-0.19651203282167154
CCOC(=O)CC(=O)OCC,3.750864982604981,-OEt,training,4.385541677474976,0.1418944104468862,3.639884471893311,0.1167883584418901,-0.7456572055816646,-0.6325509530847626
CCOC(=O)CC(=O)OCC,3.750864982604981,-OEt,training,4.385541582107544,0.1418943673507935,3.639884471893311,0.1167883584418901,-0.7456571102142333,-0.632550895875812
CCOC(=O)CC(=O)OCC,3.750864982604981,=O,training,3.9865840673446655,0.1304160560701778,3.639884471893311,0.1167883584418901,-0.34669959545135454,-0.3334453332253359
CCOC(=O)CC(=O)OCC,3.750864982604981,=O,training,3.986584043502808,0.1304161005713029,3.639884471893311,0.1167883584418901,-0.34669957160949716,-0.3334453120343542
CCCCCCCCO,3.7196364402771,-O,training,4.423341941833496,0.0972236369566574,3.817876839637756,0.1202482642357938,-0.6054651021957405,-0.540926993222793
O=CC(=O)c1ccccc1,3.6995534896850586,=O,training,3.659749603271485,0.1980802300539552,3.350323939323425,0.1489433545618682,-0.3094256639480597,-0.2999145119589236
O=CC(=O)c1ccccc1,3.6995534896850586,=O,training,3.683669400215149,0.1874612920862518,3.350323939323425,0.1489433545618682,-0.3333454608917239,-0.3215236114165736
C=Cc1ccc(OC)cc1,3.688198328018189,-OMe,training,4.092743730545044,0.2354664668246833,3.6629202127456666,0.0737359857570684,-0.429823517799377,-0.40517380938189274
CCOCCOCCO,3.678667306900024,-OEt,training,4.465115404129028,0.1432822792544061,3.738152647018433,0.2088360416816389,-0.726962757110595,-0.6212036787477485
CCOCCOCCO,3.678667306900024,-O,training,4.268224668502808,0.2001215202384843,3.738152647018433,0.2088360416816389,-0.5300720214843748,-0.48543614227773074
Cc1cccc(O)c1C,3.663632392883301,-O,training,3.640971088409424,0.1694106506202695,3.3316879272460938,0.1355579661308015,-0.30928316116333043,-0.29978482157457653
CCc1ccccc1O,3.661720752716065,-O,training,3.713145399093628,0.1870268158508034,3.3295467853546143,0.1624490685473354,-0.3835986137390135,-0.36582857226747695
CCOC(=O)CCC(C)=O,3.658899784088135,-C(=O)CH3,training,4.772739267349243,0.0979962193050962,3.8317689657211305,0.1020195642817568,-0.9409703016281123,-0.7356677383465505
CCOC(=O)CCC(C)=O,3.658899784088135,-OEt,training,4.601531982421875,0.1338715806545631,3.8317689657211305,0.1020195642817568,-0.7697630167007445,-0.6467916277239117
CCOC(=O)CCC(C)=O,3.658899784088135,=O,training,4.22067346572876,0.103931551901156,3.8317689657211305,0.1020195642817568,-0.38890450000762966,-0.37041542256335236
CC(=O)CCC(=O)OC(C)C,3.64963436126709,-C(=O)CH3,training,4.645099687576294,0.0896295698548128,3.676483154296875,0.0959489177334459,-0.9686165332794188,-0.748095703751164
CC(=O)CCC(=O)OC(C)C,3.64963436126709,=O,training,4.04618091583252,0.0942527712706329,3.676483154296875,0.0959489177334459,-0.3696977615356447,-0.3537273192753517
CC1(C)C2CCC1(C)C(OC=O)C2,3.601414203643799,=O,training,3.723415231704712,0.2768184492026799,3.5325401782989503,0.2093321676173176,-0.19087505340576172,-0.18859027594748723
CCOC(=O)C(CC)C(=O)OCC,3.573376178741455,-OEt,training,4.021880793571472,0.1233888780871092,3.363573455810547,0.105188842540956,-0.6583073377609252,-0.5772358507199039
CCOC(=O)C(CC)C(=O)OCC,3.573376178741455,-OEt,training,4.021880650520325,0.1233889215905383,3.363573455810547,0.105188842540956,-0.6583071947097783,-0.5772357553335667
CCOC(=O)C(CC)C(=O)OCC,3.573376178741455,=O,training,3.631645703315735,0.1067186302775695,3.363573455810547,0.105188842540956,-0.26807224750518843,-0.2618301481810505
CCOC(=O)C(CC)C(=O)OCC,3.573376178741455,=O,training,3.631645750999451,0.1067185974999483,3.363573455810547,0.105188842540956,-0.2680722951889041,-0.2618301925958072
CC1CCC(C(C)C)C(OC=O)C1,3.5724570751190186,=O,training,3.701587200164795,0.2703838105879382,3.385531854629517,0.2496768778050158,-0.31605534553527814,-0.3059358016355532
CCCCCCCCCC=O,3.57155442237854,=O,training,4.0406283140182495,0.1494000861032845,3.648317837715149,0.1273170357625515,-0.3923104763031007,-0.3733503589342832
COC(=O)C=C(C)C(=O)OC,3.567934274673462,-C(=O)OMe,training,4.64067234992981,0.116968546336173,3.4853915691375734,0.1176914191560781,-1.1552807807922365,-0.8194959476378447
COC(=O)C=C(C)C(=O)OC,3.567934274673462,-C(=O)OMe,training,4.65323576927185,0.1200143253952609,3.4853915691375734,0.1176914191560781,-1.1678442001342768,-0.823579844794082
C=CC(=O)OCC(CC)CCCC,3.558536529541016,=O,training,3.6402538776397706,0.1590009807120415,3.3679892301559446,0.1699489290380003,-0.27226464748382595,-0.2657308334456252
C=CCc1ccc(OC)cc1,3.5294349193573,-OMe,training,3.8741227626800536,0.2172600829849045,3.3873680353164675,0.0888751856555452,-0.48675472736358616,-0.45163690726675293
COC(=O)c1ccccc1O,3.51473331451416,-C(=O)OMe,training,3.375755786895752,0.1553206069279834,2.9412060022354125,0.084409925747859,-0.43454978466033944,-0.4091166051360323
COC(=O)c1ccccc1O,3.51473331451416,-O,training,3.2258920431137086,0.144581065231261,2.9412060022354125,0.084409925747859,-0.2846860408782961,-0.2772365473407134
Cc1cc(C)c(O)c(C)c1,3.497763633728028,-O,training,3.4769445419311524,0.1424967918904747,3.211239504814148,0.1174269908877305,-0.2657050371170042,-0.25962385861104414
CC1CCC(C(C)C)C(O)C1,3.492544412612915,-O,training,4.080950808525086,0.1805046789497928,3.520492100715637,0.1901062630639655,-0.5604587078094485,-0.5083176959426554
CCc1cccc(O)c1,3.492116928100586,-O,training,3.745286321640015,0.1878479320805889,3.3426478624343874,0.1607636888975626,-0.4026384592056278,-0.38220426415896697
CCCCCC(=O)O,3.4794812202453613,-C(=O)O,training,5.067483520507812,0.1228512984741014,3.501742887496948,0.2178943417816266,-1.565740633010864,-0.9163455979274095
C=CC(C)(CCC=C(C)C)OC(C)=O,3.4757912158966064,-C(=O)CH3,training,3.847218704223633,0.1607249655998164,3.173415184020996,0.1693224598936377,-0.6738035202026369,-0.5874762664553367
CC(C)c1ccccc1O,3.472090244293213,-O,training,3.6584753036499023,0.15778086978788,3.291016674041748,0.1178796093397807,-0.3674586296081541,-0.3517668047551293
CC(C)(C)c1ccccc1O,3.470280170440674,-tBu,training,3.4313157320022585,0.1375830718546585,3.2560461521148683,0.1709161847253332,-0.17526957988739023,-0.17349663529891193
CC(C)(C)c1ccccc1O,3.470280170440674,-O,training,3.5646206855773928,0.2689977455604594,3.2560461521148683,0.1709161847253332,-0.3085745334625245,-0.2991397419807763
CCOC(=O)CCC(=O)OCC,3.47000503540039,-OEt,training,4.14541871547699,0.13081250254572,3.4490195751190185,0.1103270239610006,-0.6963991403579715,-0.6020771939776803
CCOC(=O)CCC(=O)OCC,3.47000503540039,-OEt,training,4.145418739318847,0.1308125653622124,3.4490195751190185,0.1103270239610006,-0.6963991641998288,-0.6020772091769371
CCOC(=O)CCC(=O)OCC,3.47000503540039,=O,training,3.7478354930877686,0.104021887021221,3.4490195751190185,0.1103270239610006,-0.2988159179687502,-0.29022864182286007
CCOC(=O)CCC(=O)OCC,3.47000503540039,=O,training,3.7478354930877686,0.1040219273025739,3.4490195751190185,0.1103270239610006,-0.2988159179687502,-0.29022864182286007
CCCOC(=O)c1ccccc1,3.429128408432007,=O,training,3.502816200256348,0.201229454546238,3.208955907821655,0.1419834828131186,-0.2938602924346929,-0.2856839425556838
CC(C)(C)C(=O)c1ccccc1,3.419719219207764,-tBu,training,4.100408744812012,0.2660457332967031,3.774841547012329,0.4409989482347011,-0.3255671977996828,-0.3145321011572093
CC(C)(C)C(=O)c1ccccc1,3.419719219207764,=O,training,4.0105643510818485,0.35321809678387,3.774841547012329,0.4409989482347011,-0.2357228040695194,-0.23145171065744244
CCCCCCCCCO,3.4195311069488525,-O,training,4.111346912384033,0.135824248888493,3.5155593872070314,0.1304499918438028,-0.595787525177002,-0.5340452847476767
OCCc1ccccc1,3.411368131637573,-O,training,3.8808955907821656,0.2396042634645625,3.355884861946106,0.1321515711454113,-0.5250107288360595,-0.48155803924576224
CC(C)CCCC(C)CCO,3.3987176418304443,-O,training,4.04587607383728,0.1202434472031816,3.5297466993331907,0.1278380510831752,-0.5161293745040894,-0.4747071340873919
C=C(C)C1CC=C(C)C(=O)C1,3.3873391151428223,=O,training,3.928892135620117,0.1267297790384933,3.5918072700500487,0.0968461435952745,-0.33708486557006845,-0.3248724041539738
CC(C)CC(=O)c1ccccc1,3.3717312812805176,=O,training,3.801446199417114,0.098598920357076,3.4603851318359373,0.1996186217176444,-0.3410610675811765,-0.32842434257351166
C=CC(=O)OCCCCCCCC,3.351282835006714,=O,training,3.545026755332947,0.1628900825936984,3.2602335691452025,0.1386272303290619,-0.2847931861877444,-0.27733545451224617
CCCc1ccccc1O,3.327928066253662,-O,training,3.655667948722839,0.1716141725155045,3.2514300107955934,0.1359117654523054,-0.4042379379272458,-0.38356925524897306
CC(C)c1cccc(O)c1,3.3165314197540283,-O,training,3.702711033821106,0.1618350723545932,3.320174980163574,0.1431658191855089,-0.38253605365753174,-0.36490785763110356
CC(C)=CCCC(C)=CCOC=O,3.3156654834747314,=O,training,3.487320399284363,0.1375524277543953,3.269938015937805,0.1169106848909681,-0.2173823833465578,-0.21402174978270208
CCC(=O)c1ccc(C)cc1,3.3109335899353027,=O,training,3.852858710289001,0.095974207156845,3.5382174968719484,0.1657374189278549,-0.3146412134170524,-0.30465347371436313
CC(=O)CCC(=O)OCC(C)C,3.299970388412476,-C(=O)CH3,training,4.416334438323974,0.1058832118196598,3.4702011585235595,0.0986445996911362,-0.946133279800415,-0.7380274926093245
CC(=O)CCC(=O)OCC(C)C,3.299970388412476,=O,training,3.787461471557618,0.0911268342476247,3.4702011585235595,0.0986445996911362,-0.3172603130340583,-0.3070275851286843
C=C(CC(=O)OC)C(=O)OC,3.297084331512451,-C(=O)OMe,training,4.645857620239258,0.1379884373307138,3.5078540563583376,0.1161944514131005,-1.13800356388092,-0.8137407405347051
C=C(CC(=O)OC)C(=O)OC,3.297084331512451,-C(=O)OMe,training,4.624245405197144,0.1460659738299387,3.5078540563583376,0.1161944514131005,-1.1163913488388069,-0.8063100474467639
CC(C)COC(=O)C(=O)OCC(C)C,3.295290946960449,=O,training,3.457851123809814,0.0655352122265131,3.209224939346313,0.0776080014983241,-0.24862618446350115,-0.243626821542954
CC(C)COC(=O)C(=O)OCC(C)C,3.295290946960449,=O,training,3.457851123809814,0.0655351437553477,3.209224939346313,0.0776080014983241,-0.24862618446350115,-0.243626821542954
Cc1cc(C)c(O)cc1C,3.27584171295166,-O,training,3.483675241470337,0.1520329569900352,3.214841938018799,0.1143008498426349,-0.268833303451538,-0.2625388885511526
Cc1cc(C)c(C)c(O)c1,3.272726535797119,-O,training,3.4791447162628173,0.1491095242239421,3.21038703918457,0.1090531777444482,-0.26875767707824716,-0.26246847345383767
CC(C)=CCCC(C)CCO,3.268636465072632,-O,training,3.9206798791885378,0.1378319362592512,3.412340497970581,0.1396933611048853,-0.5083393812179566,-0.46865031596531437
Cc1ccc(C(C)C)c(O)c1,3.2566840648651123,-O,training,3.493334197998047,0.1831487974068948,3.205767512321472,0.1226902990095471,-0.2875666856765746,-0.279893656112652
CCC(=O)OC1CC2CCC1(C)C2(C)C,3.241222381591797,=O,training,3.4162526369094848,0.1697193147383167,3.241442322731018,0.1372218080155711,-0.1748103141784667,-0.17305115852022476
CC(=O)OC(C)(C)C1CC=C(C)CC1,3.2395780086517334,-C(=O)CH3,training,4.003029632568359,0.1585746517222963,3.2577378511428834,0.253262796547916,-0.7452917814254758,-0.6323316920284576
CC(C)c1ccc(O)cc1,3.238010168075561,-O,training,3.7446833848953247,0.1534672207665219,3.3440033912658693,0.1672491735544672,-0.4006799936294554,-0.3805306408050788
CCCCCCCCCC(C)=O,3.234856128692627,-C(=O)CH3,training,4.375181484222412,0.1297756511725146,3.391611194610596,0.1235273874173285,-0.9835702896118161,-0.754607302912505
CC(C)COC(=O)c1ccccc1,3.234082221984864,=O,training,3.440009975433349,0.1564377851065145,3.171663212776184,0.1366986904606187,-0.26834676265716517,-0.2620858255559325
CCCCOCCOCCO,3.2278506755828857,-O,training,3.654716372489929,0.2345293255820888,3.189379024505615,0.1720560176295641,-0.46533734798431414,-0.434424293256077
Cc1cc(C)c(C)c(O)c1C,3.2190630435943604,-O,training,3.3225950717926027,0.1247318818001142,3.087563419342041,0.119778492568245,-0.2350316524505618,-0.23079747940566497
CCOC(=O)CCCC(=O)OCC,3.208571672439575,-OEt,training,3.9107555866241457,0.1307407354667693,3.276110315322876,0.1171975877942331,-0.6346452713012698,-0.5612425526319631
CCOC(=O)CCCC(=O)OCC,3.208571672439575,-OEt,training,3.910755681991577,0.1307408689931052,3.276110315322876,0.1171975877942331,-0.6346453666687011,-0.5612426179592982
CCOC(=O)CCCC(=O)OCC,3.208571672439575,=O,training,3.524162006378174,0.1147200340923886,3.276110315322876,0.1171975877942331,-0.24805169105529812,-0.2430863510468141
CCOC(=O)CCCC(=O)OCC,3.208571672439575,=O,training,3.5241618871688845,0.1147200763804655,3.276110315322876,0.1171975877942331,-0.24805157184600857,-0.24308623888171432
CCc1cc(C)cc(O)c1,3.1735026836395264,-O,training,3.529410982131958,0.1716426091107623,3.248899507522583,0.1277493171428469,-0.2805114746093751,-0.27337839587589896
Cc1ccc(O)c(C(C)(C)C)c1,3.1614298820495605,-tBu,training,3.349055337905884,0.1434685236730129,3.1764074087142946,0.1763732977329077,-0.17264792919158944,-0.1709527478739493
Cc1ccc(O)c(C(C)(C)C)c1,3.1614298820495605,-O,training,3.431641721725464,0.2139502126338338,3.1764074087142946,0.1763732977329077,-0.25523431301116917,-0.24983264984148668
CCCCCCC(=O)O,3.151472806930542,-C(=O)O,training,4.986875057220459,0.0970466756864005,3.249377512931824,0.2006770295419835,-1.737497544288635,-0.9399357370806062
CC(=O)OCCC(C)CCC=C(C)C,3.1507647037506104,-C(=O)CH3,training,3.890463781356812,0.1556169307599315,3.157074046134949,0.1724082028928917,-0.7333897352218632,-0.6251347756178288
CCCCCCCCCC(C)O,3.149319887161255,-O,training,3.617476963996887,0.1488587107543419,3.160605359077453,0.1259258636213596,-0.4568716049194341,-0.4275310562850108
Cc1ccc(C(C)C)cc1O,3.144801616668701,-O,training,3.503904390335083,0.1785519445044882,3.2187647581100465,0.1306667865740277,-0.28513963222503635,-0.27765522293169326
CCCCCCCCCCO,3.1217942237854004,-O,training,3.7869881629943847,0.1387874222267393,3.261285901069641,0.1394890632344518,-0.5257022619247436,-0.4820890301821652
CC(C)C(=O)OC1CC2CCC1(C)C2(C)C,3.12140154838562,=O,training,3.3125847816467284,0.1616751243295553,3.146476173400879,0.1425163344810051,-0.1661086082458496,-0.16459752353842277
CCC(C)c1ccc(O)cc1,3.105704069137573,-O,training,3.631236219406128,0.1253259226986925,3.2235541105270387,0.1497997695258087,-0.4076821088790892,-0.38650281420283955
CC(C)Cc1ccc(O)cc1,3.0982859134674072,-O,training,3.692579174041748,0.1476702509611999,3.268750476837158,0.1580213929584372,-0.42382869720458993,-0.4001509934301485
Cc1cc(C)c(O)c(C(C)(C)C)c1,3.097930192947388,-tBu,training,3.2409837007522584,0.1421802308607501,3.0871822357177736,0.2078541917978255,-0.15380146503448477,-0.1526001119600812
Cc1cc(C)c(O)c(C(C)(C)C)c1,3.097930192947388,-O,training,3.250534272193909,0.1405238188085149,3.0871822357177736,0.2078541917978255,-0.16335203647613517,-0.1619144231680342
CC(O)COCC(C)O,3.0771775245666504,-O,training,3.8512277126312258,0.2108558469062715,3.4388054847717284,0.1495535484375408,-0.41242222785949734,-0.39052742971584764
CC(O)COCC(C)O,3.0771775245666504,-O,training,3.851227807998657,0.2108559672468566,3.4388054847717284,0.1495535484375408,-0.4124223232269286,-0.3905275105386293
OCCCc1ccccc1,3.0757339000701904,-O,training,3.7172799825668337,0.2357371630466832,3.2153340578079224,0.1279874619249563,-0.5019459247589113,-0.4636461485072067
OCC=Cc1ccccc1,3.054218053817749,-O,training,3.502711606025696,0.1571597306133341,3.0702839851379395,0.101273301530535,-0.43242762088775644,-0.40734810871295746
CC(=O)OCC=C(C)CCC=C(C)C,3.05362868309021,-C(=O)CH3,training,3.7460381507873537,0.1371170375836266,3.1097649574279784,0.1149558474589394,-0.6362731933593753,-0.5623566713979685
CC(C)c1ccc(CO)cc1,3.042354822158813,-O,training,3.668704128265381,0.1040881750018206,3.1817525386810304,0.1868753356029862,-0.4869515895843506,-0.45179360040599764
CC(=O)CCC(=O)OCCC(C)C,3.025229454040528,-C(=O)CH3,training,4.146778178215027,0.1324506402084003,3.26233856678009,0.1130582916879525,-0.8844396114349369,-0.708636472220615
CC(=O)CCC(=O)OCCC(C)C,3.025229454040528,=O,training,3.53624210357666,0.0959571929998774,3.26233856678009,0.1130582916879525,-0.27390353679656965,-0.26725333165450316
O=CC=Cc1ccccc1,2.998878240585327,=O,training,3.791947507858276,0.1759485844723709,3.473677706718445,0.1514619874492256,-0.31826980113983083,-0.3079416292812654
CC(C)CCOC(=O)c1ccccc1,2.9833383560180664,=O,training,3.296722388267517,0.1663895734767838,3.010167503356933,0.1371480379053279,-0.2865548849105841,-0.27896085643541796
OCCOc1ccccc1,2.9828073978424072,-O,training,3.542046332359314,0.1812021068070446,3.0996121883392336,0.0923131840253286,-0.4424341440200803,-0.41566006651471643
CCc1ccc(O)c(C(C)(C)C)c1,2.9811220169067383,-tBu,training,3.275351476669312,0.1447918260792979,3.12817223072052,0.2102626968747408,-0.14717924594879195,-0.1461256549986819
CCc1ccc(O)c(C(C)(C)C)c1,2.9811220169067383,-O,training,3.341379880905152,0.1931117583317685,3.12817223072052,0.2102626968747408,-0.21320765018463161,-0.21003470236556213
CCCOC(=O)CCC(=O)OCCC,2.960500240325928,=O,training,3.301073455810547,0.134481896069685,3.0843541383743287,0.1280630303828082,-0.21671931743621808,-0.21338896610559605
CCCOC(=O)CCC(=O)OCCC,2.960500240325928,=O,training,3.301073408126831,0.13448193263194,3.0843541383743287,0.1280630303828082,-0.21671926975250244,-0.2133889205931508
COC(=O)C=Cc1ccccc1,2.9429924488067627,-C(=O)OMe,training,4.022427129745483,0.2495944615169364,3.026278567314148,0.1247932753756566,-0.9961485624313351,-0.7599719005678952
CCCCCCCCCCCC=O,2.934033870697021,=O,training,3.425249934196472,0.1858060087949349,3.102791166305542,0.166721042528131,-0.3224587678909301,-0.3117284575000317
CCC(C)(C)c1ccc(O)cc1,2.905627727508545,-O,training,3.6565883636474608,0.2918664808484186,3.3016108751296995,0.2767011277085969,-0.35497748851776123,-0.34078242260644503
CCOC(=O)CC(O)C(=O)OCC,2.895405530929565,-OEt,training,3.336886596679688,0.0924980171669797,2.921147966384888,0.1795528647542201,-0.41573863029480007,-0.39333439634344824
CCOC(=O)CC(O)C(=O)OCC,2.895405530929565,-OEt,training,3.3397291898727417,0.0908419070244375,2.921147966384888,0.1795528647542201,-0.41858122348785365,-0.3957345163940473
CCOC(=O)CC(O)C(=O)OCC,2.895405530929565,-O,training,3.239278173446656,0.1034433995492879,2.921147966384888,0.1795528647542201,-0.31813020706176776,-0.30781526720591995
CCOC(=O)CC(O)C(=O)OCC,2.895405530929565,=O,training,3.121506881713868,0.1241306192141537,2.921147966384888,0.1795528647542201,-0.20035891532897976,-0.1977202288348081
CCOC(=O)CC(O)C(=O)OCC,2.895405530929565,=O,training,3.1227859020233155,0.1217609857344737,2.921147966384888,0.1795528647542201,-0.20163793563842747,-0.19894893663810007
C=CCc1ccc(OC)c(O)c1,2.8426098823547363,-OMe,training,3.0952996492385862,0.1490905716609939,2.8872458934783936,0.0876437534900123,-0.2080537557601927,-0.20510287478979716
C=CCc1ccc(OC)c(O)c1,2.8426098823547363,-O,training,3.139300322532654,0.117490896139693,2.8872458934783936,0.0876437534900123,-0.25205442905426034,-0.24684888228001564
Cc1cc(O)c(C(C)(C)C)cc1C,2.836888551712036,-tBu,training,3.237775611877441,0.136249200791427,3.087246942520141,0.2130354675365583,-0.1505286693572998,-0.14940194336281398
Cc1cc(O)c(C(C)(C)C)cc1C,2.836888551712036,-O,training,3.259887933731079,0.1599122618280486,3.087246942520141,0.2130354675365583,-0.17264099121093812,-0.17094601264669804
CC(=O)OCCOc1ccccc1,2.834691286087036,-C(=O)CH3,training,3.576272892951965,0.1803060364611918,2.939265370368957,0.1640858094914299,-0.6370075225830081,-0.5628585653074976
C=CCc1ccc(OC)c(OC)c1,2.83023452758789,-OMe,training,3.2949235677719115,0.1393798301778346,2.9725048542022705,0.1453001511133473,-0.322418713569641,-0.3116922949911342
C=CCc1ccc(OC)c(OC)c1,2.83023452758789,-OMe,training,3.297908449172973,0.1397779250955746,2.9725048542022705,0.1453001511133473,-0.3254035949707026,-0.3143846760435838
CCCCCCCCCC(=O)OCCC,2.817044734954834,=O,training,3.0345476865768437,0.2158060205653263,2.7587618827819824,0.2327307246374903,-0.2757858037948613,-0.26900027811779786
CC(C)(C)c1ccc(O)c(C(C)(C)C)c1,2.796099901199341,-tBu,training,3.150904083251953,0.1214062484701109,2.9495667934417726,0.2301807586249587,-0.2013372898101804,-0.19866017331284158
CC(C)(C)c1ccc(O)c(C(C)(C)C)c1,2.796099901199341,-tBu,training,3.1468706846237184,0.1206356924954843,2.9495667934417726,0.2301807586249587,-0.1973038911819458,-0.19478287048545354
CC(C)(C)c1ccc(O)c(C(C)(C)C)c1,2.796099901199341,-O,training,3.139919114112854,0.2107834996944442,2.9495667934417726,0.2301807586249587,-0.19035232067108154,-0.1880860852196182
CC(C)CCOC(=O)C(=O)OCCC(C)C,2.7759804725646973,=O,training,3.06728069782257,0.1255881635011496,2.857858419418335,0.1358263967766784,-0.20942227840423522,-0.2064134588494815
CC(C)CCOC(=O)C(=O)OCCC(C)C,2.7759804725646973,=O,training,3.06728060245514,0.1255880908393,2.857858419418335,0.1358263967766784,-0.20942218303680482,-0.20641336754532325
CCCCCCCCCCCC(C)=O,2.7568674087524414,-C(=O)CH3,training,3.734488749504089,0.1526019137387004,2.8647260427474976,0.1838040237512732,-0.8697627067565912,-0.7012535482665491
CC=Cc1ccc(O)c(OC)c1,2.755323648452759,-OMe,training,3.1092450857162475,0.1513313766361121,2.899627995491028,0.1261198896070106,-0.20961709022521946,-0.20659996291547897
CC=Cc1ccc(O)c(OC)c1,2.755323648452759,-O,training,3.1410732746124266,0.1499356026259586,2.899627995491028,0.1261198896070106,-0.24144527912139857,-0.236860410589633
O=Cc1ccc2c(c1)OCO2,2.7519097328186035,=O,training,3.204715132713318,0.1829877291202117,3.0054064750671388,0.0833640432908641,-0.1993086576461791,-0.1967108199391362
CCOC(=O)C=Cc1ccccc1,2.72442364692688,-OEt,training,3.4148138999938964,0.1762339928551113,2.905487823486328,0.0952600011522164,-0.5093260765075684,-0.46941994415388116
CCOC(=O)C=Cc1ccccc1,2.72442364692688,=O,training,3.1802562713623046,0.100308045004704,2.905487823486328,0.0952600011522164,-0.27476844787597665,-0.26805628122575786
CC(C)=CCCC(C)=CCOC(=O)C(C)C,2.697693586349488,=O,training,3.04436457157135,0.1577284829275144,2.8383429765701296,0.1531553073016173,-0.20602159500122053,-0.20315539228824886
O=C(O)c1ccccc1,2.6527223587036133,-C(=O)O,training,4.297907733917237,0.2905384083460963,2.879609966278076,0.1569124169533249,-1.4182977676391606,-0.8892432771371149
CC(=O)C1C(=O)C=C(C)OC1=O,2.647174835205078,-C(=O)CH3,training,3.6316450119018553,0.1541064823993003,2.98781807422638,0.1715048435538416,-0.6438269376754753,-0.5674996370341647
CC(=O)C1C(=O)C=C(C)OC1=O,2.647174835205078,=O,training,3.2111767768859862,0.1293580918439455,2.98781807422638,0.1715048435538416,-0.22335870265960622,-0.21971696959554082
CC(=O)C1C(=O)C=C(C)OC1=O,2.647174835205078,=O,training,3.2104638814926147,0.1254121635443329,2.98781807422638,0.1715048435538416,-0.22264580726623473,-0.21903838344151288
O=C1OC(=O)c2ccccc21,2.619960069656372,=O,training,3.066146588325501,0.2116524236542414,2.8657219886779783,0.1689452523849265,-0.20042459964752268,-0.19778334451752905
O=C1OC(=O)c2ccccc21,2.619960069656372,=O,training,3.066146731376648,0.211652409626752,2.8657219886779783,0.1689452523849265,-0.2004247426986696,-0.19778348197276133
CCCC(=O)OCC=C(C)CCC=C(C)C,2.558802366256714,=O,training,2.941891241073608,0.187447878946884,2.731882762908936,0.1934460910426512,-0.21000847816467205,-0.20697461471658218
CCCCCCCCCCCCO,2.5392024517059326,-O,training,3.2192654848098754,0.1656074050633806,2.7411689519882203,0.1619877721020706,-0.4780965328216551,-0.4447178927675812
CC(C)=CCCC(C)CC(=O)O,2.498307704925537,-C(=O)O,training,4.30738205909729,0.1493452720048895,2.834652090072632,0.2045033393664591,-1.472729969024658,-0.9000969465451558
CC(=O)Oc1ccccc1OC(C)=O,2.486781358718872,-C(=O)CH3,training,3.04432590007782,0.1179469711114582,2.6248071908950807,0.1762438101303461,-0.41951870918273926,-0.3965248929270532
CC(=O)Oc1ccccc1OC(C)=O,2.486781358718872,-C(=O)CH3,training,3.044325971603393,0.1179469274557373,2.6248071908950807,0.1762438101303461,-0.4195187807083123,-0.3965249532065163
CCCCCCCCCCCCCC=O,2.4557247161865234,=O,training,2.864292788505554,0.2244123518108296,2.523301792144776,0.2495632797567648,-0.340990996360778,-0.3283618279749906
C=CCc1ccc(OC(C)=O)c(OC)c1,2.4188480377197266,-C(=O)CH3,training,2.9946929454803466,0.0851949088828628,2.5820528507232665,0.2105211461426623,-0.4126400947570801,-0.39071205365703027
C=CCc1ccc(OC(C)=O)c(OC)c1,2.4188480377197266,-OMe,training,2.8452158689498903,0.1019132661369177,2.5820528507232665,0.2105211461426623,-0.2631630182266238,-0.2572516228630904
CCCCCCCCCCC(=O)O,2.415195941925049,-C(=O)O,training,3.8980273723602297,0.159304033006074,2.27978036403656,0.2286430502316247,-1.6182470083236695,-0.9243694997833398
O=C(O)CCc1ccccc1,2.3986310958862305,-C(=O)O,training,3.995097970962525,0.2504726329082421,2.6773270845413206,0.1849087315214994,-1.3177708864212043,-0.8662285081142127
CC(C)OC(=O)C(O)C(O)C(=O)OC(C)C,2.376899480819702,-O,training,2.538416767120361,0.1830431939084641,2.3129278302192686,0.1827095197375084,-0.22548893690109217,-0.22174341407456882
CC(C)OC(=O)C(O)C(O)C(=O)OC(C)C,2.376899480819702,-O,training,2.5384168148040773,0.1830432076942979,2.3129278302192686,0.1827095197375084,-0.2254889845848087,-0.22174345941366974
CC(C)OC(=O)C(O)C(O)C(=O)OC(C)C,2.376899480819702,=O,training,2.469018244743347,0.1726821516049476,2.3129278302192686,0.1827095197375084,-0.15609041452407846,-0.15483497462700993
CC(C)OC(=O)C(O)C(O)C(=O)OC(C)C,2.376899480819702,=O,training,2.469018340110779,0.1726822033579067,2.3129278302192686,0.1827095197375084,-0.1560905098915102,-0.15483506770811395
CCOC(=O)CC(O)(CC(=O)OCC)C(=O)OCC,2.293685913085937,-OEt,training,2.570008707046509,0.2546554981778376,2.2206976890563963,0.2778788930801749,-0.34931101799011266,-0.3357643780669239
CCOC(=O)CC(O)(CC(=O)OCC)C(=O)OCC,2.293685913085937,-OEt,training,2.570008707046509,0.254655475895752,2.2206976890563963,0.2778788930801749,-0.34931101799011266,-0.3357643780669239
CCOC(=O)CC(O)(CC(=O)OCC)C(=O)OCC,2.293685913085937,-OEt,training,2.571202802658081,0.2546284287002638,2.2206976890563963,0.2778788930801749,-0.35050511360168457,-0.3368234289509992
CCOC(=O)CC(O)(CC(=O)OCC)C(=O)OCC,2.293685913085937,-O,training,2.432435941696167,0.2513242600917075,2.2206976890563963,0.2778788930801749,-0.21173825263977086,-0.20862969406190546
CCOC(=O)CC(O)(CC(=O)OCC)C(=O)OCC,2.293685913085937,=O,training,2.3706122517585757,0.2708100203313019,2.2206976890563963,0.2778788930801749,-0.1499145627021794,-0.1488014891304847
CCOC(=O)CC(O)(CC(=O)OCC)C(=O)OCC,2.293685913085937,=O,training,2.370612299442292,0.2708100850937056,2.2206976890563963,0.2778788930801749,-0.14991461038589549,-0.14880153575839328
CCOC(=O)CC(O)(CC(=O)OCC)C(=O)OCC,2.293685913085937,=O,training,2.371087682247162,0.2698258429528065,2.2206976890563963,0.2778788930801749,-0.15038999319076574,-0.14926635977054897
O=C(Oc1ccccc1)c1ccccc1,2.278640985488892,=O,training,2.372564363479614,0.1586860299988647,2.1898886919021607,0.1461291432761433,-0.18267567157745335,-0.18067044659152556
CCOC(=O)c1ccccc1C(=O)OCC,2.246889114379883,-OEt,training,2.8600175857543944,0.1467313577740455,2.597417569160461,0.2403518991368283,-0.2626000165939333,-0.25672580367576403
CCOC(=O)c1ccccc1C(=O)OCC,2.246889114379883,-OEt,training,2.8600176572799683,0.146731288928493,2.597417569160461,0.2403518991368283,-0.2626000881195072,-0.25672587048721934
CCOC(=O)c1ccccc1C(=O)OCC,2.246889114379883,=O,training,2.7051383018493653,0.2082214400656465,2.597417569160461,0.2403518991368283,-0.10772073268890425,-0.1073060025119778
CCOC(=O)c1ccccc1C(=O)OCC,2.246889114379883,=O,training,2.705138254165649,0.2082213704688151,2.597417569160461,0.2403518991368283,-0.10772068500518772,-0.10730595537731889
OC(c1ccccc1)c1ccccc1,2.2066683769226074,-O,training,2.472067952156067,0.2080994222604649,2.185690581798553,0.1885364353630928,-0.28637737035751387,-0.27879714781058507
OCCOCCOCCO,2.124411106109619,-O,training,3.3294108867645265,0.2140642123962404,2.9277390480041503,0.1982052334080756,-0.40167183876037615,-0.381378542921964
OCCOCCOCCO,2.124411106109619,-O,training,3.329410934448242,0.2140641185115663,2.9277390480041503,0.1982052334080756,-0.4016718864440918,-0.3813785836701018
O=C(O)c1ccccc1O,2.1163535118103027,-C(=O)O,training,3.3187668085098267,0.1684414876817664,2.630388760566712,0.1582883603183315,-0.688378047943115,-0.5969390193986911
O=C(O)c1ccccc1O,2.1163535118103027,-O,training,2.8983651638031005,0.1287547226021385,2.630388760566712,0.1582883603183315,-0.2679764032363887,-0.2617408722785396
CCCCCCCCCCCC(=O)O,1.5977414846420288,-C(=O)O,training,3.5934792280197145,0.1579971863354208,2.0252034425735475,0.2493305386561672,-1.568275785446167,-0.9167510672986814
CCCCCCCCCCCCCC(=O)O,0.9468695521354676,-C(=O)O,training,3.0293811321258546,0.1907950856186851,1.519036316871643,0.2897601743499994,-1.5103448152542116,-0.9070002232900863
FC(F)(F)C(F)(F)C(F)(F)C(F)(F)C(F)(F)C(F)(F)F,5.731635570526123,-X,val,5.636426019668579,0.3359441952010777,5.661843442916871,0.3359630103480501,0.025417423248292437,0.02541195105923922
FC(F)(F)C(F)(F)C(F)(F)C(F)(F)C(F)(F)C(F)(F)F,5.731635570526123,-X,val,5.636426019668579,0.3359441952010777,5.661843442916871,0.3359630103480501,0.025417423248292437,0.02541195105923922
FC(F)(F)C(F)(F)C(F)(F)C(F)(F)C(F)(F)C(F)(F)F,5.731635570526123,-X,val,5.635898542404175,0.335440818599197,5.661843442916871,0.3359630103480501,0.02594490051269638,0.025939080581445482
FC(F)(F)C(F)(F)C(F)(F)C(F)(F)C(F)(F)C(F)(F)F,5.731635570526123,-X,val,5.635898542404175,0.335440818599197,5.661843442916871,0.3359630103480501,0.02594490051269638,0.025939080581445482
FC(F)(F)C(F)(F)C(F)(F)C(F)(F)C(F)(F)C(F)(F)F,5.731635570526123,-X,val,5.63589825630188,0.3354402222524966,5.661843442916871,0.3359630103480501,0.025945186614991123,0.025939366491238236
FC(F)(F)C(F)(F)C(F)(F)C(F)(F)C(F)(F)C(F)(F)F,5.731635570526123,-X,val,5.63589825630188,0.3354402222524966,5.661843442916871,0.3359630103480501,0.025945186614991123,0.025939366491238236
FC(F)(F)C(F)(F)C(F)(F)C(F)(F)C(F)(F)C(F)(F)F,5.731635570526123,-X,val,5.636426067352295,0.3359440286054841,5.661843442916871,0.3359630103480501,0.025417375564576794,0.02541190340631609
FC(F)(F)C(F)(F)C(F)(F)C(F)(F)C(F)(F)C(F)(F)F,5.731635570526123,-X,val,5.636426067352295,0.3359440286054841,5.661843442916871,0.3359630103480501,0.025417375564576794,0.02541190340631609
FC(F)(F)C(F)(F)C(F)(F)C(F)(F)C(F)(F)C(F)(F)F,5.731635570526123,-CF3,val,5.5398351669311525,0.3645116291954782,5.661843442916871,0.3359630103480501,0.12200827598571884,0.12140645337430311
FC(F)(F)C(F)(F)C(F)(F)C(F)(F)C(F)(F)C(F)(F)F,5.731635570526123,-CF3,val,5.539835834503174,0.3645112123998828,5.661843442916871,0.3359630103480501,0.12200760841369718,0.12140579564192387
CC(=O)CC(C)C,4.977569103240967,-C(=O)CH3,val,5.096537637710571,0.1898871745783387,4.840881490707398,0.0847228888803809,-0.2556561470031733,-0.25022811279370094
CCCC(=O)OCC,4.914625644683838,-OEt,val,5.042606401443481,0.1187853230361873,4.679279422760009,0.0692180405602473,-0.36332697868347186,-0.34814115503275156
CCCC(=O)OCC,4.914625644683838,=O,val,4.888364267349243,0.0769820389066405,4.679279422760009,0.0692180405602473,-0.20908484458923393,-0.20609037942321157
CCCOC(=O)CCC,4.619198322296143,=O,val,4.71096248626709,0.0816697279105137,4.417070627212524,0.1011882601957319,-0.2938918590545656,-0.28571293259448693
O=C(OC1CCCCC1)C(F)(F)F,4.546325206756592,-CF3,val,4.807629251480103,0.1945646634922172,4.920358037948608,0.2479498490670998,0.11272878646850515,0.11225369044227974
O=C(OC1CCCCC1)C(F)(F)F,4.546325206756592,=O,val,4.967980289459229,0.2719498901753854,4.920358037948608,0.2479498490670998,-0.04762225151062083,-0.04758628363975658
CCCCCC(C)=O,4.384169578552246,-C(=O)CH3,val,5.117827701568603,0.1420058933910323,4.53961215019226,0.0872045631600558,-0.578215551376343,-0.5213672458241562
CC(C)COC(=O)CC(C)C,4.261975288391113,=O,val,4.421053314208985,0.0912193694633123,4.096145343780518,0.1291629360477611,-0.324907970428467,-0.3139379683353531
CC(=O)CC(C)(C)O,4.219344139099121,-C(=O)CH3,val,4.879783058166504,0.1770999618063526,4.411908531188965,0.1351795925657125,-0.46787452697753906,-0.4364803738482642
CC(=O)CC(C)(C)O,4.219344139099121,-O,val,4.732186365127563,0.1345828203371614,4.411908531188965,0.1351795925657125,-0.3202778339385981,-0.3097581185711739
Cc1ccc(OC(=O)C(F)(F)F)cc1,4.216983795166016,-CF3,val,4.160715579986572,0.3444600581089549,4.701679849624634,0.3799801701493507,0.5409642696380619,0.493717535939017
Cc1ccc(OC(=O)C(F)(F)F)cc1,4.216983795166016,=O,val,4.768600034713745,0.3355584874352302,4.701679849624634,0.3799801701493507,-0.0669201850891108,-0.06682046724147575
CC(=O)OC1CCCCC1,4.181352138519287,-C(=O)CH3,val,4.852576494216919,0.1276302923850487,3.999762749671936,0.1563596909108848,-0.8528137445449828,-0.6925365780119227
CCCCCCCC(=O)OC,3.8877320289611816,-C(=O)OMe,val,4.905832099914551,0.1015558020201578,3.7738008975982655,0.1328169349197585,-1.132031202316285,-0.8117132922743765
CCc1ccc(OC)cc1,3.885455846786499,-OMe,val,4.212013936042785,0.2492428115933069,3.778718852996826,0.0732001230394405,-0.4332950830459592,-0.408071374968385
COC(=O)c1ccccc1,3.873721837997437,-C(=O)OMe,val,4.497051048278808,0.3119426525597907,3.492207837104797,0.1686388035514894,-1.0048432111740113,-0.7636206895412236
CC(=O)OCCOC(C)=O,3.84643030166626,-C(=O)CH3,val,4.701225185394288,0.1487111467882197,3.8457210779190074,0.1546062457139037,-0.8555041074752809,-0.6939340172403268
CC(=O)OCCOC(C)=O,3.84643030166626,-C(=O)CH3,val,4.701225090026855,0.1487111095658758,3.8457210779190074,0.1546062457139037,-0.8555040121078479,-0.6939339677965457
CC1=CC(=O)CC(C)(C)C1,3.717131137847901,=O,val,4.46784086227417,0.0839978903090032,4.200481963157654,0.1802696222792583,-0.2673588991165161,-0.2611655793972152
CC(C)CCC(=O)O,3.588667392730713,-C(=O)O,val,5.063241243362427,0.0956190033208147,3.679688453674317,0.2681477981802549,-1.38355278968811,-0.8817443404700394
CCCOC(=O)C(=O)OCCC,3.529447793960572,=O,val,3.665914368629456,0.1735842484599475,3.3982924699783323,0.1224181037778283,-0.26762189865112385,-0.2614106235647646
CCCOC(=O)C(=O)OCCC,3.529447793960572,=O,val,3.6659143924713136,0.1735842547622711,3.3982924699783323,0.1224181037778283,-0.2676219224929812,-0.2614106457773762
CC1=CCC(C(C)(C)O)CC1,3.5228302478790283,-O,val,4.201107311248779,0.1259149047819771,3.8331908226013183,0.1764607027503228,-0.36791648864746085,-0.3521679437342801
C=C(CC(=O)OCC)C(=O)OCC,3.4809770584106445,-OEt,val,3.74083080291748,0.1142113156691402,3.2485233545303345,0.0888849680863171,-0.49230744838714546,-0.4560459047859722
C=C(CC(=O)OCC)C(=O)OCC,3.4809770584106445,-OEt,val,3.7591305494308473,0.112428530579249,3.2485233545303345,0.0888849680863171,-0.5106071949005129,-0.4704181607396508
C=C(CC(=O)OCC)C(=O)OCC,3.4809770584106445,=O,val,3.4581881046295164,0.1005028266091876,3.2485233545303345,0.0888849680863171,-0.20966475009918195,-0.2066455880477982
C=C(CC(=O)OCC)C(=O)OCC,3.4809770584106445,=O,val,3.459023356437683,0.0998967701990047,3.2485233545303345,0.0888849680863171,-0.21050000190734863,-0.20744503442870163
CC(C)c1ccc(C=O)cc1,3.355067014694214,=O,val,3.9231372833251954,0.1153250874804932,3.627852368354797,0.1452005240580399,-0.2952849149703982,-0.28699176091824546
CC(=O)C=Cc1ccccc1,2.8574862480163574,-C(=O)CH3,val,4.051976609230041,0.239619069585315,3.300116872787476,0.1345045296651029,-0.7518597364425652,-0.6362571344830831
Cc1cc(C(C)(C)C)c(O)c(C(C)(C)C)c1,2.7789814472198486,-tBu,val,3.051477432250977,0.140288575716739,2.8735002994537355,0.217334827489083,-0.17797713279724148,-0.17612144851186015
Cc1cc(C(C)(C)C)c(O)c(C(C)(C)C)c1,2.7789814472198486,-tBu,val,3.0514775037765505,0.140288440148781,2.8735002994537355,0.217334827489083,-0.17797720432281494,-0.17612151781879776
Cc1cc(C(C)(C)C)c(O)c(C(C)(C)C)c1,2.7789814472198486,-O,val,2.997816228866577,0.1622931187992485,2.8735002994537355,0.217334827489083,-0.12431592941284153,-0.12367945223434675
CCc1cc(C(C)(C)C)c(O)c(C(C)(C)C)c1,2.6691699028015137,-tBu,val,3.009584975242615,0.1879914264211783,2.830772113800049,0.2319450145048966,-0.17881286144256592,-0.17693113452106493
CCc1cc(C(C)(C)C)c(O)c(C(C)(C)C)c1,2.6691699028015137,-tBu,val,3.009585070610046,0.187991449850771,2.830772113800049,0.2319450145048966,-0.1788129568099972,-0.17693122690305285
CCc1cc(C(C)(C)C)c(O)c(C(C)(C)C)c1,2.6691699028015137,-O,val,2.9102581262588503,0.1729197629715256,2.830772113800049,0.2319450145048966,-0.07948601245880127,-0.07931903619447651
C=CCCCCCCCCC(=O)O,2.130692720413208,-C(=O)O,val,3.821449875831604,0.2005118989581035,2.302034819126129,0.2119750327148672,-1.519415056705475,-0.9085956670016953
CCOCCOCC,4.949150085449219,-OEt,test,5.081778430938721,0.1287906147726448,4.693457174301147,0.1378317402772268,-0.3883212566375738,-0.3699120959249364
CCOCCOCC,4.949150085449219,-OEt,test,5.081778717041016,0.1287904814092174,4.693457174301147,0.1378317402772268,-0.3883215427398685,-0.3699123428784094
CC(=O)C=C(C)C,4.805098056793213,-C(=O)CH3,test,5.070195484161377,0.1904451624821588,4.822029495239258,0.0837620654222183,-0.2481659889221186,-0.2431938919529386
CCCC(O)CC,4.6765899658203125,-O,test,4.94634518623352,0.0874441276851979,4.586216783523559,0.092210613592747,-0.36012840270996094,-0.34532712973033386
COc1ccccc1,4.483533382415772,-OMe,test,4.505839443206787,0.313740566325298,4.161183428764343,0.1905761345622048,-0.3446560144424433,-0.3316277333625393
CCCC(C)CO,4.469986438751221,-O,test,4.9305946826934814,0.0817593842006683,4.522864151000976,0.0613737517813577,-0.40773053169250506,-0.3865440026312012
COCCOCCOC,4.363679885864258,-OMe,test,4.823306179046631,0.1527203459292247,4.324608993530274,0.1746963730176428,-0.4986971855163578,-0.4610919451109399
COCCOCCOC,4.363679885864258,-OMe,test,4.823306131362915,0.152720364311176,4.324608993530274,0.1746963730176428,-0.49869713783264125,-0.46109190756505636
CCOC(=O)CC(C)=O,4.044071674346924,-C(=O)CH3,test,4.915981864929199,0.1135449115358381,4.077363181114197,0.094011837986464,-0.8386186838150023,-0.6850767328232106
CCOC(=O)CC(C)=O,4.044071674346924,-OEt,test,4.789891958236694,0.1249851788601498,4.077363181114197,0.094011837986464,-0.7125287771224977,-0.6122601143291656
CCOC(=O)CC(C)=O,4.044071674346924,=O,test,4.46731219291687,0.0792050057631353,4.077363181114197,0.094011837986464,-0.38994901180267316,-0.3713162705485607
CC12CCC(C1)C(C)(C)C2=O,3.973424911499024,=O,test,4.186316776275635,0.2684622930761688,3.899484133720398,0.2418812173924474,-0.28683264255523655,-0.2792169793617502
CCc1cccc(OC)c1,3.8813443183898926,-OMe,test,4.192932343482971,0.2746989860745219,3.769776582717896,0.0860596088042956,-0.4231557607650749,-0.3995856559769071
COC(=O)C=CC(=O)OC,3.669018268585205,-C(=O)OMe,test,4.825017738342285,0.1072672609774918,3.668972706794739,0.123884327379024,-1.1560450315475461,-0.8197467906039587
COC(=O)C=CC(=O)OC,3.669018268585205,-C(=O)OMe,test,4.825017690658569,0.1072671769146807,3.668972706794739,0.123884327379024,-1.1560449838638305,-0.8197467749629747
CCOC(=O)c1ccccc1,3.651588201522827,-OEt,test,3.944553518295288,0.2665713915566114,3.3551377773284914,0.1294362135816492,-0.5894157409667966,-0.5294752721248852
CCOC(=O)c1ccccc1,3.651588201522827,=O,test,3.672308325767517,0.183592816090322,3.3551377773284914,0.1294362135816492,-0.3171705484390257,-0.3069462800368376
CC(=O)OCc1ccccc1,3.592261552810669,-C(=O)CH3,test,4.092231321334839,0.2399665915687906,3.3547648906707765,0.1745276503207352,-0.7374664306640621,-0.6276119981443966
CCOC(=O)C=CC(=O)OCC,3.4919888973236084,-OEt,test,3.973213529586792,0.1006561238469036,3.377777028083801,0.0835158184007055,-0.595436501502991,-0.5337943275233488
CCOC(=O)C=CC(=O)OCC,3.4919888973236084,-OEt,test,3.973213458061218,0.1006561519649539,3.377777028083801,0.0835158184007055,-0.5954364299774171,-0.5337942763780112
CCOC(=O)C=CC(=O)OCC,3.4919888973236084,=O,test,3.616403651237488,0.1106734933524936,3.377777028083801,0.0835158184007055,-0.23862662315368688,-0.23419811889641806
CCOC(=O)C=CC(=O)OCC,3.4919888973236084,=O,test,3.6164036273956297,0.1106734372846851,3.377777028083801,0.0835158184007055,-0.2386265993118286,-0.23419809636225608
CCCCCCCCCC(=O)OC,3.283463954925537,-C(=O)OMe,test,4.37628927230835,0.1387560306336065,3.226622033119201,0.1790274866673548,-1.149667239189149,-0.8176438115439778
CC1=C(O)C(=O)C(C(C)C)CC1,3.219944477081299,-O,test,3.1733773708343507,0.1808908258464225,2.7382301807403566,0.1829745150229038,-0.43514719009399405,-0.40961389739928605
CC1=C(O)C(=O)C(C(C)C)CC1,3.219944477081299,=O,test,2.9459564685821533,0.1546245164069219,2.7382301807403566,0.1829745150229038,-0.2077262878417967,-0.20478916146707699
CCOC(=O)CCCCC(=O)OCC,2.960500240325928,-OEt,test,3.653777742385864,0.1167333979237407,3.0889164209365845,0.1457476191422202,-0.5648613214492797,-0.5115754203844676
CCOC(=O)CCCCC(=O)OCC,2.960500240325928,-OEt,test,3.653777813911438,0.1167333391823802,3.0889164209365845,0.1457476191422202,-0.5648613929748536,-0.511575473191124
CCOC(=O)CCCCC(=O)OCC,2.960500240325928,=O,test,3.3064717769622805,0.1477724011540115,3.0889164209365845,0.1457476191422202,-0.21755535602569598,-0.2141867932832157
CCOC(=O)CCCCC(=O)OCC,2.960500240325928,=O,test,3.306471872329712,0.147772400560254,3.0889164209365845,0.1457476191422202,-0.2175554513931277,-0.2141868842755709
C=CCc1ccc(O)c(OC)c1,2.944141864776612,-OMe,test,3.098870682716369,0.1508643047027756,2.8851058006286623,0.0869114233612687,-0.21376488208770672,-0.21056728983127354
C=CCc1ccc(O)c(OC)c1,2.944141864776612,-O,test,3.1386600732803345,0.1197734763502347,2.8851058006286623,0.0869114233612687,-0.2535542726516722,-0.24825681153168375
CCCCCOC(=O)CCC(C)=O,2.9178948402404785,-C(=O)CH3,test,3.983628702163697,0.175468521755468,3.137553858757019,0.1345007083726528,-0.846074843406678,-0.6890133109112607
CCCCCOC(=O)CCC(C)=O,2.9178948402404785,=O,test,3.3963589429855348,0.1372791560187487,3.137553858757019,0.1345007083726528,-0.2588050842285159,-0.2531775483580213
CCCCCCCCCCCC(=O)OC,2.738122940063477,-C(=O)OMe,test,3.7371158838272094,0.1610361470578551,2.725395464897156,0.2490382825337021,-1.0117204189300533,-0.7664726612708918
O=C1OCc2ccccc21,2.538478374481201,=O,test,3.5747047662734985,0.260386338160824,3.3061573266983038,0.1163944381233395,-0.2685474395751948,-0.2622727083496319
O=c1ccc2ccccc2o1,2.3108060359954834,=O,test,3.1078288078308107,0.2261170773418153,2.940794897079468,0.1517043525270407,-0.16703391075134277,-0.16549762008559624
CC(CCC(CCC(C)CC(C)(C)C)CCC(C)CC(C)(C)C)CC(C)(C)C,0.6827195286750793,-tBu,test,2.1184434235095977,0.8972701964518012,1.633317244052887,1.1117720794964985,-0.48512617945671077,-0.45033959083302466
CC(CCC(CCC(C)CC(C)(C)C)CCC(C)CC(C)(C)C)CC(C)(C)C,0.6827195286750793,-tBu,test,2.1184434473514555,0.8972703006418932,1.633317244052887,1.1117720794964985,-0.4851262032985686,-0.4503396098396166
CC(CCC(CCC(C)CC(C)(C)C)CCC(C)CC(C)(C)C)CC(C)(C)C,0.6827195286750793,-tBu,test,2.118443375825882,0.8972701297263499,1.633317244052887,1.1117720794964985,-0.48512613177299513,-0.4503395528198398
