smiles,label,sub_name,group,pred_1,pred_2,pred_3,pred_4,pred_5,pred_6,pred_7,pred_8,pred_9,pred_10,pred_mean,pred_std
FC1(F)C(F)(F)C(F)(F)C(F)(F)C(F)(F)C1(F)F,5.769345760345459,-X,training,5.272181034088135,5.631898880004883,6.072092056274414,5.902284622192383,5.836948394775391,5.371450901031494,5.232587814331055,6.057930946350098,5.0129218101501465,5.870400905609131,5.626069736480713,0.378121460901336
FC1(F)C(F)(F)C(F)(F)C(F)(F)C(F)(F)C1(F)F,5.769345760345459,-X,training,5.272181034088135,5.631898880004883,6.072092056274414,5.902284622192383,5.836948394775391,5.371450901031494,5.232587814331055,6.057930946350098,5.0129218101501465,5.870400905609131,5.626069736480713,0.378121460901336
FC1(F)C(F)(F)C(F)(F)C(F)(F)C(F)(F)C1(F)F,5.769345760345459,-X,training,5.272181034088135,5.631897926330566,6.072092056274414,5.902286529541016,5.836948394775391,5.371450901031494,5.232587814331055,6.057930946350098,5.0129218101501465,5.870400428771973,5.626069784164429,0.378121579844631
FC1(F)C(F)(F)C(F)(F)C(F)(F)C(F)(F)C1(F)F,5.769345760345459,-X,training,5.272181034088135,5.631897926330566,6.072092056274414,5.902286529541016,5.836948394775391,5.371450901031494,5.232587814331055,6.057930946350098,5.0129218101501465,5.870400428771973,5.626069784164429,0.378121579844631
FC1(F)C(F)(F)C(F)(F)C(F)(F)C(F)(F)C1(F)F,5.769345760345459,-X,training,5.272179126739502,5.631898880004883,6.072092056274414,5.902286529541016,5.836948394775391,5.371450901031494,5.232587814331055,6.057930946350098,5.012922763824463,5.870400428771973,5.626069784164429,0.37812160799742867
FC1(F)C(F)(F)C(F)(F)C(F)(F)C(F)(F)C1(F)F,5.769345760345459,-X,training,5.272179126739502,5.631898880004883,6.072092056274414,5.902286529541016,5.836948394775391,5.371450901031494,5.232587814331055,6.057930946350098,5.012922763824463,5.870400428771973,5.626069784164429,0.37812160799742867
FC1(F)C(F)(F)C(F)(F)C(F)(F)C(F)(F)C1(F)F,5.769345760345459,-X,training,5.272179126739502,5.631898403167725,6.072091102600098,5.902286529541016,5.836948394775391,5.371448993682861,5.232587814331055,6.057930946350098,5.0129218101501465,5.870400428771973,5.626069355010986,0.3781217967232473
FC1(F)C(F)(F)C(F)(F)C(F)(F)C(F)(F)C1(F)F,5.769345760345459,-X,training,5.272179126739502,5.631898403167725,6.072091102600098,5.902286529541016,5.836948394775391,5.371448993682861,5.232587814331055,6.057930946350098,5.0129218101501465,5.870400428771973,5.626069355010986,0.3781217967232473
FC1(F)C(F)(F)C(F)(F)C(F)(F)C(F)(F)C1(F)F,5.769345760345459,-X,training,5.272182941436768,5.631898880004883,6.072091102600098,5.902286529541016,5.836948871612549,5.371448993682861,5.232589244842529,6.057930946350098,5.0129218101501465,5.870400428771973,5.626069974899292,0.3781212649944766
FC1(F)C(F)(F)C(F)(F)C(F)(F)C(F)(F)C1(F)F,5.769345760345459,-X,training,5.272182941436768,5.631898880004883,6.072091102600098,5.902286529541016,5.836948871612549,5.371448993682861,5.232589244842529,6.057930946350098,5.0129218101501465,5.870400428771973,5.626069974899292,0.3781212649944766
FC1(F)C(F)(F)C(F)(F)C(F)(F)C(F)(F)C1(F)F,5.769345760345459,-X,training,5.272182941436768,5.631898880004883,6.072092056274414,5.902286529541016,5.836947917938232,5.371448993682861,5.232589244842529,6.057931900024414,5.0129218101501465,5.870400428771973,5.6260700702667235,0.37812145191422475
FC1(F)C(F)(F)C(F)(F)C(F)(F)C(F)(F)C1(F)F,5.769345760345459,-X,training,5.272182941436768,5.631898880004883,6.072092056274414,5.902286529541016,5.836947917938232,5.371448993682861,5.232589244842529,6.057931900024414,5.0129218101501465,5.870400428771973,5.6260700702667235,0.37812145191422475
FC(F)(F)C(F)(F)C(F)(F)C(F)(C(F)(F)F)C(F)(F)F,5.695925712585449,-X,training,5.295311450958252,5.684277057647705,5.990260124206543,5.890048980712891,5.755683898925781,5.360314846038818,5.427268981933594,6.174754142761231,5.168289661407471,5.712047100067139,5.645825624465942,0.32594518613189355
FC(F)(F)C(F)(F)C(F)(F)C(F)(C(F)(F)F)C(F)(F)F,5.695925712585449,-X,training,5.295311450958252,5.684277057647705,5.990260124206543,5.890048980712891,5.755683898925781,5.360314846038818,5.427268981933594,6.174754142761231,5.168289661407471,5.712047100067139,5.645825624465942,0.32594518613189355
FC(F)(F)C(F)(F)C(F)(F)C(F)(C(F)(F)F)C(F)(F)F,5.695925712585449,-X,training,5.2933526039123535,5.690380573272705,5.982120037078857,5.885576248168945,5.737685680389404,5.36059045791626,5.428884983062744,6.181666374206543,5.169022083282471,5.712569713592529,5.644184875488281,0.3253292448572052
FC(F)(F)C(F)(F)C(F)(F)C(F)(C(F)(F)F)C(F)(F)F,5.695925712585449,-X,training,5.2933526039123535,5.690380573272705,5.982120037078857,5.885576248168945,5.737685680389404,5.36059045791626,5.428884983062744,6.181666374206543,5.169022083282471,5.712569713592529,5.644184875488281,0.3253292448572052
FC(F)(F)C(F)(F)C(F)(F)C(F)(C(F)(F)F)C(F)(F)F,5.695925712585449,-X,training,5.299452304840088,5.6648149490356445,5.983002662658691,5.894101142883301,5.735537052154541,5.358054637908936,5.419595241546631,6.177437782287598,5.177612781524658,5.695339679718018,5.6404948234558105,0.3234719369858146
FC(F)(F)C(F)(F)C(F)(F)C(F)(C(F)(F)F)C(F)(F)F,5.695925712585449,-CF3,training,5.24390172958374,5.568739891052246,5.9610209465026855,5.836206436157227,5.843644142150879,5.372908115386963,5.0949530601501465,5.832602500915527,4.980244159698486,5.743110656738281,5.547733163833618,0.35139121026721637
FC(F)(F)C(F)(F)C(F)(F)C(F)(C(F)(F)F)C(F)(F)F,5.695925712585449,-CF3,training,5.246166706085205,5.539316654205322,5.951721668243408,5.8408203125,5.834418296813965,5.371084690093994,5.10840368270874,5.8443450927734375,4.985785961151123,5.734320640563965,5.545638370513916,0.34722034248010397
FC(F)(F)C(F)(F)C(F)(F)C(F)(C(F)(F)F)C(F)(F)F,5.695925712585449,-CF3,training,5.246166706085205,5.539316654205322,5.951721668243408,5.8408203125,5.834418296813965,5.371084690093994,5.10840368270874,5.8443450927734375,4.985785961151123,5.734320640563965,5.545638370513916,0.34722034248010397
Fc1ccccc1F,5.250658988952637,-X,training,5.13043212890625,4.375396251678467,4.956798553466797,5.069797515869141,5.20945930480957,4.775321006774902,5.033422946929932,5.0440673828125,4.9002461433410645,5.079206943511963,4.957414817810059,0.23790355497953367
Fc1ccccc1F,5.250658988952637,-X,training,5.13043212890625,4.375396728515625,4.956798553466797,5.069797515869141,5.20945930480957,4.775321006774902,5.033422946929932,5.0440673828125,4.9002461433410645,5.079206943511963,4.957414865493774,0.23790342536209158
Fc1cccc(C(F)(F)F)c1,5.171600818634033,-X,training,5.075962543487549,4.761412620544434,5.200933933258057,5.065762996673584,5.407597541809082,5.474193572998047,4.901098728179932,4.846338748931885,5.052214622497559,5.316473484039307,5.110198879241944,0.23879929005204736
Fc1cccc(C(F)(F)F)c1,5.171600818634033,-CF3,training,5.246616840362549,4.75665283203125,5.050512790679932,4.674140930175781,5.238937854766846,5.01978874206543,4.839231014251709,5.357623100280762,4.846645832061768,4.9666666984558105,4.999681663513184,0.22721131215445556
FC(F)(F)C(F)(F)C1CCCCC1,5.165766716003418,-X,training,5.11668062210083,4.568826198577881,4.929177284240723,5.024518013000488,5.463650226593018,5.103001117706299,5.037330627441406,4.40927267074585,5.004532814025879,5.484233379364014,5.0141222953796385,0.3355896039646658
FC(F)(F)C(F)(F)C1CCCCC1,5.165766716003418,-X,training,5.11668062210083,4.568826198577881,4.929177284240723,5.024518013000488,5.463650226593018,5.103001117706299,5.037330627441406,4.40927267074585,5.004532814025879,5.484233379364014,5.0141222953796385,0.3355896039646658
FC(F)(F)C(F)(F)C1CCCCC1,5.165766716003418,-CF3,training,5.099128723144531,4.450948238372803,5.413446426391602,4.857377529144287,5.252126693725586,5.249789714813232,4.850839614868164,4.525897979736328,5.119819641113281,5.085428714752197,4.9904803276062015,0.3155764293566242
FC(F)(F)c1ccccc1,5.151424407958984,-CF3,training,5.2794718742370605,4.513333320617676,4.904473781585693,4.648689270019531,4.839751243591309,5.04740047454834,4.8526716232299805,5.352303981781006,4.602222919464111,4.941402435302734,4.898172092437744,0.27471495138212565
CCOC(=O)C(C)C,5.052701950073242,-OEt,training,5.048844814300537,4.967214584350586,4.933829784393311,4.850680828094482,5.0570831298828125,5.253112316131592,4.942434787750244,5.241638660430908,5.00405740737915,4.967592716217041,5.026648902893067,0.13043848716670706
CCOC(=O)C(C)C,5.052701950073242,=O,training,4.862670421600342,4.86308479309082,4.856735706329346,4.774639129638672,4.888955593109131,5.090567588806152,4.908027172088623,4.958164215087891,5.003486156463623,4.9571309089660645,4.916346168518066,0.08915045096875947
Cc1ccccc1F,5.003963470458984,-X,training,4.881981372833252,4.2133965492248535,4.687829494476318,4.488300800323486,4.597285270690918,4.511910438537598,4.831530570983887,4.845982551574707,4.627714157104492,4.600805759429932,4.628673696517945,0.20099594542343482
Cc1cccc(F)c1,4.975672721862793,-X,training,4.956512928009033,4.235922813415527,4.702197551727295,4.522406578063965,4.644719123840332,4.549187183380127,4.863462924957275,4.8958353996276855,4.707569122314453,4.6030802726745605,4.668089389801025,0.21156841218909533
Cc1ccc(F)cc1,4.971044540405273,-X,training,4.871501445770264,4.237181186676025,4.712977886199951,4.500917434692383,4.601696968078613,4.539731502532959,4.858358860015869,4.874979019165039,4.656347274780273,4.597431659698486,4.645112323760986,0.19909802473725136
COC(=O)CC(C)C,4.966152191162109,-C(=O)OMe,training,5.151285171508789,4.846480846405029,5.229121685028076,4.886698722839356,5.145298480987549,5.438265323638916,5.071343898773193,5.267351150512695,4.920931339263916,4.984372615814209,5.094114923477173,0.18840378378055747
CC(=O)OCC(C)C,4.950448513031006,-C(=O)CH3,training,5.080848217010498,4.897170066833496,5.023468017578125,4.908146381378174,5.073425769805908,5.278271198272705,5.056622505187988,5.18504524230957,5.064157009124756,5.007265567779541,5.057441997528076,0.11428298074978524
CC(C)OC(=O)C(C)C,4.919091701507568,=O,training,4.821054935455322,4.7433929443359375,4.77933931350708,4.611240386962891,4.80367374420166,4.914656639099121,4.798725605010986,4.819299697875977,4.896582126617432,4.850397109985352,4.803836250305176,0.0849570322494449
CC(C)(C)CC(C)(C)C,4.905585289001465,-tBu,training,5.04127311706543,4.572109222412109,4.993053913116455,4.650444030761719,5.146867752075195,5.305674076080322,4.746880531311035,4.830982685089111,4.91127347946167,4.902903079986572,4.910146188735962,0.22391413046141478
CC(C)(C)CC(C)(C)C,4.905585289001465,-tBu,training,5.04127311706543,4.572109222412109,4.993053913116455,4.650444030761719,5.146867752075195,5.305674076080322,4.746880531311035,4.830982208251953,4.91127347946167,4.902903079986572,4.9101461410522464,0.2239141491929014
CCCC(C)(C)O,4.901496410369873,-O,training,4.934746742248535,4.874363899230957,4.860503673553467,4.888400554656982,5.067714691162109,5.188985824584961,4.708978652954102,4.811286926269531,5.1563239097595215,4.956431865692139,4.9447736740112305,0.1521691036498597
CCCOC(=O)CC,4.892363548278809,=O,training,4.8364434242248535,4.789481163024902,4.835148334503174,4.84732723236084,4.87969970703125,5.025171756744385,4.897823333740234,4.970022201538086,4.906978130340576,4.953797817230225,4.894189310073853,0.07213196706347716
CCCC(=O)CC,4.882236957550049,=O,training,4.967463493347168,4.92302131652832,4.927660465240479,4.8418402671813965,5.036107063293457,5.22778844833374,5.005170822143555,5.160555839538574,5.143828868865967,4.974727630615234,5.020816421508789,0.12166450486823452
CC(C)CCC(C)(C)C,4.881007671356201,-tBu,training,5.127441883087158,4.776183128356934,5.1685404777526855,4.9121294021606445,5.183048248291016,5.29634428024292,4.978696823120117,5.093084335327148,5.0677490234375,4.990211009979248,5.059342861175537,0.1499546877647399
CC(C)C(=O)C(C)C,4.863340377807617,=O,training,4.92470121383667,4.723021984100342,4.815971374511719,4.789425373077393,5.033411979675293,5.074661731719971,4.992683410644531,4.954967498779297,5.117444515228272,4.954065322875977,4.9380354404449465,0.12774726460150143
CCCCOC(C)=O,4.8452324867248535,-C(=O)CH3,training,5.067017555236816,4.961181640625,5.173152446746826,4.939824104309082,5.033169269561768,5.326536178588867,5.04566764831543,5.262969017028809,5.078715801239014,5.00506067276001,5.089329433441162,0.12692506597106734
CCCCC(C)=O,4.778812885284424,-C(=O)CH3,training,5.146356105804443,4.959301471710205,5.264124393463135,4.976311206817627,5.156844139099121,5.408212184906006,5.081136226654053,5.323884963989258,5.016353607177734,5.066425323486328,5.139894962310791,0.15095802300049932
CC(C)C(C)C(C)(C)C,4.775070190429688,-tBu,training,5.131312847137451,4.72395133972168,5.082645416259766,4.855543613433838,5.169299125671387,5.292253017425537,4.743328094482422,4.87633752822876,5.033437252044678,4.973211765289307,4.988131999969482,0.1876219302401321
CCCOC(=O)C(C)C,4.748588562011719,=O,training,4.798410892486572,4.697958946228027,4.82004976272583,4.768834590911865,4.749924659729004,4.897305965423584,4.795050144195557,4.763405799865723,4.785555839538574,4.847618103027344,4.792411470413208,0.05480071419573409
CC(C)CC(C)O,4.7335309982299805,-O,training,4.984265804290772,4.893282890319824,4.880598545074463,4.827669143676758,4.864215850830078,5.108906269073486,4.961828231811523,4.97325325012207,5.142998218536377,4.952179431915283,4.9589197635650635,0.10215487153149005
CCOC(=O)CC(C)C,4.728819370269775,-OEt,training,4.9637370109558105,4.961410999298096,4.837966442108154,4.782611846923828,4.911484718322754,5.17241907119751,5.001893520355225,5.0589799880981445,4.986717700958252,4.986914157867432,4.96641354560852,0.10874499911628147
CCOC(=O)CC(C)C,4.728819370269775,=O,training,4.79154634475708,4.668152809143066,4.7811689376831055,4.639498233795166,4.7403645515441895,4.880345344543457,4.78748893737793,4.757455825805664,4.78313684463501,4.830746173858643,4.765990400314331,0.07087706958988431
CCC(=O)OCC(C)C,4.688567638397217,=O,training,4.791564464569092,4.676249980926514,4.776149272918701,4.734917640686035,4.735100269317627,4.888696193695068,4.79077672958374,4.759315490722656,4.801146507263184,4.832820415496826,4.778673696517944,0.05825181536133709
CCC(C)(C)C(C)(C)C,4.687201023101807,-tBu,training,5.0288615226745605,4.581536769866943,4.998994827270508,4.651690483093262,5.179919719696045,5.270267009735107,4.757949352264404,4.826901435852051,4.927036762237549,4.919934272766113,4.9143092155456545,0.21846358272890198
CC(C)C(=O)C(C)(C)C,4.64398193359375,-tBu,training,5.005277156829834,4.9003753662109375,4.915947437286377,4.803122043609619,5.0271711349487305,5.241084098815918,4.756540298461914,5.110662460327148,5.033822536468506,4.929177284240723,4.9723179817199705,0.14323802195726631
CC(C)C(=O)C(C)(C)C,4.64398193359375,=O,training,4.816675662994385,4.581851959228516,4.779210567474365,4.642454147338867,4.894289016723633,4.915935039520264,4.391257286071777,4.757738590240479,4.956407070159912,4.824018955230713,4.755983829498291,0.17319654082437802
CCCCC(C)O,4.599154472351074,-O,training,4.956192970275879,4.848265171051025,5.115086555480957,4.789650917053223,4.861632823944092,5.043783664703369,4.812337398529053,4.898427963256836,5.049313545227051,4.978997707366943,4.935368871688842,0.11062041002804765
C=CC(=O)OCCCC,4.570823669433594,=O,training,4.666312217712402,4.467777729034424,4.751040935516357,4.606760025024414,4.661092758178711,4.7022318840026855,4.755277156829834,4.785586357116699,4.555376052856445,4.795825481414795,4.674728059768677,0.10644360141979257
CCCCCCC=O,4.558885097503662,=O,training,4.886557579040527,4.816824436187744,4.935450077056885,4.625185012817383,4.960361957550049,4.977321147918701,4.915969371795654,5.009982109069824,4.887896537780762,4.938788414001465,4.895433664321899,0.10918617630714988
CCOC(OCC)OCC,4.55245304107666,-OEt,training,4.8337273597717285,4.82513952255249,4.795182704925537,4.641445159912109,4.910984039306641,5.068945407867432,4.944258213043213,5.015230178833008,4.961556911468506,4.940586566925049,4.893705606460571,0.12327644497215538
CCOC(OCC)OCC,4.55245304107666,-OEt,training,4.8337273597717285,4.825139045715332,4.795183181762695,4.641445159912109,4.910984039306641,5.068945407867432,4.944258213043213,5.015230178833008,4.961556911468506,4.940586566925049,4.893705606460571,0.12327643209748068
CCOC(OCC)OCC,4.55245304107666,-OEt,training,4.8337273597717285,4.825139045715332,4.795183181762695,4.641445159912109,4.910984039306641,5.068945407867432,4.944258213043213,5.015230178833008,4.961556911468506,4.940586566925049,4.893705606460571,0.12327643209748068
CC(C)COC(=O)C(C)C,4.544200897216797,=O,training,4.704274654388428,4.592287063598633,4.586596965789795,4.623897552490234,4.603725433349609,4.751266956329346,4.717930316925049,4.625272274017334,4.711605072021484,4.691032409667969,4.660788869857788,0.0604749446893908
CCCC(=O)CCC,4.481906890869141,=O,training,4.883337020874023,4.816409587860107,4.815959453582764,4.667337417602539,5.008160591125488,4.981833934783936,4.88101053237915,5.031431198120117,4.94923734664917,4.938314914703369,4.897303199768066,0.10970140803236433
O=C1CCCCC1,4.47899341583252,=O,training,4.939911365509033,4.912149429321289,5.088127136230469,4.755346298217773,5.000041961669922,5.102718830108643,5.025343894958496,5.102835178375244,4.8281121253967285,4.982585906982422,4.973717212677002,0.1172175481832796
CCCC(=O)OCC(C)C,4.431442260742188,=O,training,4.622344017028809,4.48513126373291,4.615035533905029,4.498082637786865,4.5203142166137695,4.667425155639648,4.647486686706543,4.575284957885742,4.529090881347656,4.630631923675537,4.579082727432251,0.06638288519075324
CCCOC(=O)CC(C)C,4.429283618927002,=O,training,4.6259613037109375,4.488714218139648,4.63405179977417,4.498861789703369,4.527316093444824,4.667260646820068,4.626495838165283,4.578089714050293,4.534419059753418,4.629875183105469,4.581104564666748,0.06416906806124761
CCOC(=O)CCC(C)C,4.37042236328125,-OEt,training,4.871208667755127,4.801614761352539,4.84274435043335,4.649826049804688,4.87969970703125,5.01007080078125,4.9473795890808105,4.847147941589356,4.815313816070557,4.899236679077148,4.856424236297608,0.0955240051061189
CCOC(=O)CCC(C)C,4.37042236328125,=O,training,4.623372077941895,4.491863250732422,4.604965686798096,4.471669673919678,4.524579048156738,4.6624932289123535,4.6294684410095215,4.575843334197998,4.5276875495910645,4.636619091033936,4.57485613822937,0.0666889203080388
CC(C)COCCO,4.343913555145264,-O,training,4.585209846496582,4.72670841217041,4.65886116027832,4.5534443855285645,4.70050573348999,4.8636250495910645,4.6402668952941895,4.6728105545043945,4.749865531921387,4.8806471824646,4.70319447517395,0.10706162417701064
CCCCCCO,4.321189880371094,-O,training,4.841299533843994,4.914239883422852,4.941544532775879,4.775145530700684,4.825657844543457,5.068809986114502,4.89427661895752,4.988266944885254,4.921241760253906,4.954392433166504,4.912487506866455,0.08476166241704193
CC(C)(C)c1ccccc1,4.301779747009277,-tBu,training,4.924777507781982,4.146613121032715,4.722697734832764,4.660023212432861,4.330118179321289,4.525769233703613,4.687301635742188,4.9964704513549805,4.338522434234619,4.4612345695495605,4.579352807998657,0.2700242183900862
CCC(=O)OC(=O)CC,4.293845176696777,=O,training,4.522928714752197,4.381937980651856,4.5467963218688965,4.408604145050049,4.464841365814209,4.519422054290772,4.62050199508667,4.685470581054688,4.365612506866455,4.635912418365479,4.515202808380127,0.11043439851221754
CCC(=O)OC(=O)CC,4.293845176696777,=O,training,4.522928714752197,4.381937503814697,4.5467963218688965,4.408604145050049,4.464840888977051,4.519422054290772,4.62050199508667,4.685470581054688,4.365612506866455,4.635912418365479,4.5152027130126955,0.11043448660873775
CC(C)(C)C1CCCCC1,4.288193225860596,-tBu,training,5.049977779388428,4.878595352172852,5.135226726531982,4.896556854248047,5.094117164611816,5.147876739501953,5.014614582061768,5.025637626647949,5.075652599334717,4.985123634338379,5.030337905883789,0.09101941202890287
OC1CCCCC1,4.2880706787109375,-O,training,4.940124988555908,4.883313179016113,4.99030351638794,4.729681015014648,4.820001602172852,4.94392204284668,4.927935123443604,5.022714614868164,4.877699375152588,4.98309326171875,4.911878871917724,0.08769303518377398
CC(C)CCOC(=O)C(C)C,4.272119998931885,=O,training,4.470816135406494,4.431693077087402,4.425825595855713,4.383819580078125,4.381308078765869,4.508194923400879,4.6018967628479,4.296900749206543,4.40155029296875,4.482430458068848,4.438443565368653,0.08327567200722803
CCCCOCCO,4.18754768371582,-O,training,4.437999248504639,4.600600242614746,4.658021926879883,4.423069000244141,4.525893211364746,4.754502773284912,4.614681720733643,4.762184143066406,4.654226779937744,4.748890399932861,4.618006944656372,0.12412551577879749
CCCCCCC(C)=O,4.164096832275391,-C(=O)CH3,training,4.990095615386963,4.896377086639404,5.179244518280029,4.874062538146973,5.0906524658203125,5.222946166992188,5.040806293487549,5.141819000244141,5.034584999084473,4.989407539367676,5.04599962234497,0.11483029111533591
O=Cc1ccccc1,4.148319721221924,=O,training,4.512824535369873,3.912673950195313,4.430029392242432,4.4547319412231445,4.223130702972412,4.294583320617676,4.762028694152832,4.60851001739502,3.94714093208313,4.189595699310303,4.333524918556213,0.27410702943456094
CCCC(=O)OCCC(C)C,4.137315273284912,=O,training,4.327793598175049,4.311086654663086,4.444190502166748,4.194251537322998,4.325061798095703,4.386406898498535,4.493090152740479,4.302202224731445,4.228936672210693,4.378395080566406,4.339141511917115,0.09075433546898032
CCOCc1ccccc1,4.043905258178711,-OEt,training,4.531017780303955,3.857854843139648,4.563016414642334,4.421597003936768,4.215964317321777,4.32474422454834,4.834038257598877,4.732589721679688,3.943414688110352,4.231377601623535,4.365561485290527,0.316527874051237
CCC(CO)CC(C)C,4.037857055664063,-O,training,4.708506107330322,4.606634616851807,4.661967754364014,4.554728031158447,4.581851005554199,4.6792707443237305,4.590047359466553,4.548065185546875,4.822122097015381,4.752573490142822,4.650576639175415,0.09077052611297123
CCCCCCCO,4.02193021774292,-O,training,4.604066371917725,4.664525032043457,4.663503170013428,4.551215171813965,4.648336887359619,4.799627780914307,4.698692798614502,4.818320274353027,4.754456043243408,4.773094177246094,4.697583770751953,0.0874176970623878
CCCCCC(=O)OCCC,4.006162166595459,=O,training,4.141565322875977,4.0533881187438965,4.068705558776856,4.025698184967041,4.118101119995117,4.272560119628906,4.334030628204346,4.262662410736084,4.071474075317383,4.274058818817139,4.162224435806275,0.1126084081216444
Oc1ccccc1,4.005874156951904,-O,training,4.280745029449463,3.7604823112487793,4.326477527618408,4.391897201538086,4.001533508300781,4.045987606048584,3.731801271438599,4.312251091003418,3.783695936203003,3.75386381149292,4.038873529434204,0.27083511982841596
CCc1ccccc1OC,3.988658905029297,-OMe,training,4.372193813323975,3.8393163681030273,4.37439489364624,4.259786128997803,4.123617649078369,4.20378303527832,4.502589702606201,4.477407455444336,3.802770614624024,3.8045573234558105,4.17604169845581,0.27416974548895306
CC(C)CCOC(=O)CC(C)C,3.95296049118042,=O,training,4.153833866119385,4.2207794189453125,4.186238765716553,4.06477165222168,4.181177616119385,4.218508720397949,4.217250823974609,3.963934898376465,4.108053684234619,4.227667808532715,4.154221725463867,0.08565011525961776
CC(C)=CCCC(C)O,3.931693315505981,-O,training,4.519881725311279,4.345726490020752,4.677945137023926,4.220690727233887,4.379487037658691,4.58423376083374,4.568259716033936,4.538871765136719,4.481506824493408,4.682273864746094,4.499887704849243,0.1472822223745986
CCCCC(CC)CO,3.920355081558228,-O,training,4.59810209274292,4.503478527069092,4.541045188903809,4.371240615844727,4.504597187042236,4.550389766693115,4.512043476104736,4.433696269989014,4.684912204742432,4.604496479034424,4.530400180816651,0.08873908545962575
CCCCCCCC(C)=O,3.906723737716675,-C(=O)CH3,training,4.882094860076904,4.8324384689331055,4.941927433013916,4.662304401397705,4.955682277679443,4.980673789978027,4.972964286804199,5.002121448516846,4.904723644256592,4.928432464599609,4.906336307525635,0.09940536846138795
O=Cc1ccccc1O,3.876021385192871,-O,training,3.4909067153930664,3.457592487335205,3.567239999771118,3.824616432189941,3.308384418487549,3.689264297485352,3.411388635635376,3.4882946014404297,3.34424090385437,3.2535133361816406,3.483544182777405,0.17467851692340894
O=Cc1ccccc1O,3.876021385192871,=O,training,3.452967882156372,3.184656143188477,3.421921491622925,3.6248040199279785,3.1452152729034424,3.154246091842652,3.281935453414917,3.3712470531463623,3.225929021835327,3.1505002975463867,3.301342272758484,0.16175754062648717
CCOC(=O)c1ccco1,3.8450756072998047,-OEt,training,4.481440544128418,3.929510116577149,4.3743510246276855,4.211583137512207,4.044851303100586,4.002187252044678,4.468621253967285,4.569986820220947,3.680153846740722,3.996804237365722,4.17594895362854,0.29076501491668827
CCOC(=O)c1ccco1,3.8450756072998047,=O,training,4.103356838226318,3.818313598632813,4.095322608947754,3.75625228881836,3.895817995071411,3.7171881198883057,4.17979097366333,4.279621124267578,3.69298791885376,4.061030864715576,3.9599682331085204,0.20962848321538805
CC(=O)Oc1ccccc1,3.829331874847412,-C(=O)CH3,training,4.518128871917725,3.611865520477295,4.3830766677856445,4.293272018432617,4.110097408294678,3.9296116828918457,4.609495639801025,4.578077793121338,3.684223890304565,4.11693286895752,4.183478236198425,0.3576687095862095
CC12CCC(C1)C(C)(C)C2O,3.812310218811035,-O,training,4.289045333862305,4.346534729003906,4.148743629455566,4.138974666595459,4.152947902679443,4.171961307525635,3.386266231536865,3.4627161026000977,4.245823383331299,4.269729137420654,4.061274242401123,0.34302844738160215
CC(=O)c1ccccc1,3.808396816253662,-C(=O)CH3,training,4.910550594329834,3.970489978790283,4.71758508682251,4.510417938232422,4.307835102081299,4.471663951873779,4.833120822906494,4.82972526550293,4.2060747146606445,4.360090732574463,4.511755418777466,0.30883072444627474
COC(=O)CCC(C)=O,3.802545070648194,-C(=O)OMe,training,4.912431240081787,5.081069946289063,4.863475799560547,4.902069091796875,5.026579856872559,5.2538838386535645,4.978237152099609,5.126239776611328,4.867218494415283,4.985549449920654,4.999675464630127,0.12555752663459416
COC(=O)CCC(C)=O,3.802545070648194,-C(=O)CH3,training,4.803549766540527,4.889281272888184,4.853419303894043,4.839818000793457,4.979128837585449,5.139129161834717,4.836667537689209,5.025293350219727,4.730139255523682,4.96544885635376,4.906187534332275,0.12069985537755257
CCOC(=O)C(=O)OCC,3.79298996925354,-OEt,training,4.629303455352783,4.373306751251221,4.649657726287842,4.356528282165527,4.584836006164551,4.661014556884766,4.7262282371521,4.748112201690674,4.4469828605651855,4.709736347198486,4.588570642471313,0.14528378835017342
CCOC(=O)C(=O)OCC,3.79298996925354,-OEt,training,4.629302978515625,4.373306751251221,4.649657726287842,4.356528282165527,4.584836006164551,4.661014556884766,4.7262282371521,4.748111724853516,4.4469828605651855,4.709736347198486,4.588570547103882,0.14528371531449186
CCOC(=O)C(=O)OCC,3.79298996925354,=O,training,4.19333028793335,3.9818873405456543,4.312174320220947,3.930008888244629,4.037674427032471,4.155208587646484,4.320791721343994,4.27755880355835,4.101558685302734,4.425472259521484,4.17356653213501,0.16179510913192183
CCOC(=O)C(=O)OCC,3.79298996925354,=O,training,4.19333028793335,3.9818873405456543,4.3121747970581055,3.930008888244629,4.0376739501953125,4.155208110809326,4.320791721343994,4.277559280395508,4.101558685302734,4.425472259521484,4.17356653213501,0.16179523908589605
CC(C)=CC(=O)C=C(C)C,3.774634838104248,=O,training,4.166032314300537,4.41870641708374,4.274081230163574,4.426813125610352,4.263889312744141,4.36423921585083,4.122629165649414,4.369557857513428,4.30767297744751,4.448267459869385,4.316188907623291,0.11052530111115627
CC1(C)CCC(=O)O1,3.753344774246216,=O,training,4.798321723937988,4.845827102661133,4.834519863128662,4.650141716003418,4.900139808654785,5.002034664154053,4.41127347946167,4.882652282714844,4.818210124969482,4.898022174835205,4.804114294052124,0.16475855797772673
CCOC(=O)CC(=O)OCC,3.750864982604981,-OEt,training,4.373769283294678,4.363034248352051,4.4642653465271,4.14989185333252,4.251845836639404,4.576559543609619,4.488327980041504,4.523468017578125,4.211347579956055,4.452907085418701,4.385541677474976,0.1418944104468862
CCOC(=O)CC(=O)OCC,3.750864982604981,-OEt,training,4.373769283294678,4.363033771514893,4.4642653465271,4.14989185333252,4.251845836639404,4.576559543609619,4.488327980041504,4.523467540740967,4.211347579956055,4.452907085418701,4.385541582107544,0.1418943673507935
CCOC(=O)CC(=O)OCC,3.750864982604981,=O,training,3.972624778747559,4.00491189956665,4.0454816818237305,3.789031744003296,3.808277130126953,4.160271644592285,4.07745885848999,3.930209159851074,3.9138846397399902,4.163689136505127,3.9865840673446655,0.1304160560701778
CCOC(=O)CC(=O)OCC,3.750864982604981,=O,training,3.972624778747559,4.00491189956665,4.0454816818237305,3.789031982421875,3.808276891708374,4.160272121429443,4.077458381652832,3.930209159851074,3.913884401321411,4.163689136505127,3.9865840435028077,0.13041610057130296
CCCCCCCCO,3.7196364402771,-O,training,4.353349208831787,4.361809730529785,4.374207973480225,4.258575916290283,4.353329181671143,4.5303568840026855,4.5243821144104,4.5467939376831055,4.437929630279541,4.492684841156006,4.423341941833496,0.09722363695665746
O=CC(=O)c1ccccc1,3.6995534896850586,=O,training,3.556689739227295,3.5693359375,3.684481620788574,3.627950668334961,3.794267416000366,3.638021945953369,3.923095226287842,3.937413454055786,3.252889633178711,3.61335039138794,3.6597496032714845,0.1980802300539552
O=CC(=O)c1ccccc1,3.6995534896850586,=O,training,3.588388442993164,3.5827531814575195,3.696688413619995,3.6900768280029297,3.809574604034424,3.649749994277954,3.9224467277526855,3.939919471740722,3.2875354290008545,3.66956090927124,3.683669400215149,0.18746129208625184
C=Cc1ccc(OC)cc1,3.688198328018189,-OMe,training,4.345032691955566,3.818050384521485,4.217819690704346,4.107343673706055,4.070684909820557,4.07133150100708,4.318211078643799,4.410298824310303,3.808619260787964,3.760045289993286,4.092743730545044,0.2354664668246833
CCOCCOCCO,3.678667306900024,-OEt,training,4.152499198913574,4.504202842712402,4.502439498901367,4.3300323486328125,4.392920017242432,4.650436878204346,4.524028301239014,4.57657527923584,4.451706409454346,4.56631326675415,4.465115404129028,0.14328227925440615
CCOCCOCCO,3.678667306900024,-O,training,3.891077041625977,4.312042713165283,4.341187953948975,4.020617961883545,4.088189125061035,4.4659833908081055,4.40935754776001,4.425460815429688,4.277353763580322,4.450976371765137,4.268224668502808,0.2001215202384843
Cc1cccc(O)c1C,3.663632392883301,-O,training,3.5576939582824707,3.8229904174804688,3.811784029006958,3.856583595275879,3.565807819366455,3.832775354385376,3.446200370788574,3.5118794441223145,3.56074333190918,3.4432525634765625,3.6409710884094237,0.16941065062026958
CCc1ccccc1O,3.661720752716065,-O,training,3.6948647499084473,3.720369815826416,3.888337850570679,4.03326416015625,3.644309282302856,3.867019653320313,3.5014901161193848,3.7768821716308594,3.589642286300659,3.415273904800415,3.713145399093628,0.18702681585080344
CCOC(=O)CCC(C)=O,3.658899784088135,-C(=O)CH3,training,4.709005832672119,4.690517425537109,4.783777713775635,4.751194953918457,4.833362579345703,4.921615123748779,4.787814617156982,4.832042217254639,4.572429180145264,4.845633029937744,4.772739267349243,0.09799621930509624
CCOC(=O)CCC(C)=O,3.658899784088135,-OEt,training,4.490866184234619,4.562835693359375,4.573410034179688,4.658140182495117,4.684511661529541,4.735419750213623,4.7737717628479,4.685415267944336,4.325355052947998,4.525594234466553,4.601531982421875,0.1338715806545631
CCOC(=O)CCC(C)=O,3.658899784088135,=O,training,4.072550296783447,4.200619697570801,4.289611339569092,4.2712812423706055,4.103568077087402,4.3182053565979,4.361111164093018,4.2848663330078125,4.077680587768555,4.227240562438965,4.22067346572876,0.10393155190115602
CC(=O)CCC(=O)OC(C)C,3.64963436126709,-C(=O)CH3,training,4.627884387969971,4.596025466918945,4.589753150939941,4.627749919891357,4.6462178230285645,4.731567859649658,4.787807464599609,4.692302227020264,4.460587978363037,4.691100597381592,4.645099687576294,0.08962956985481285
CC(=O)CCC(=O)OC(C)C,3.64963436126709,=O,training,4.004086494445801,4.1742939949035645,4.014481544494629,4.080639362335205,3.9276745319366455,4.133103370666504,4.169918060302734,3.939483642578125,3.943774938583374,4.074353218078613,4.04618091583252,0.09425277127063292
CC1(C)C2CCC1(C)C(OC=O)C2,3.601414203643799,=O,training,3.790321350097656,4.088113784790039,3.87646484375,3.8200082778930655,3.803201675415039,3.7544021606445312,3.076810836791992,3.453452587127685,3.703953504562378,3.867423295974731,3.723415231704712,0.27681844920267995
CCOC(=O)C(CC)C(=O)OCC,3.573376178741455,-OEt,training,4.020590782165527,4.120654106140137,4.078393459320068,3.872396469116211,3.955251693725586,4.191562175750732,4.14373779296875,3.88842248916626,3.8489387035369873,4.098860263824463,4.021880793571472,0.12338887808710923
CCOC(=O)C(CC)C(=O)OCC,3.573376178741455,-OEt,training,4.020590782165527,4.1206536293029785,4.078393459320068,3.872396469116211,3.955251216888428,4.191562175750732,4.14373779296875,3.8884220123291016,3.8489387035369873,4.098860263824463,4.021880650520325,0.12338892159053835
CCOC(=O)C(CC)C(=O)OCC,3.573376178741455,=O,training,3.6164915561676025,3.754884719848633,3.6579062938690186,3.5606112480163574,3.5112979412078857,3.7571890354156494,3.5500855445861816,3.527807712554932,3.5742557048797607,3.805927276611328,3.6316457033157348,0.10671863027756957
CCOC(=O)C(CC)C(=O)OCC,3.573376178741455,=O,training,3.616491317749024,3.754884719848633,3.65790605545044,3.5606114864349365,3.511298179626465,3.7571890354156494,3.5500855445861816,3.5278079509735107,3.5742557048797607,3.8059275150299072,3.631645750999451,0.10671859749994836
CC1CCC(C(C)C)C(OC=O)C1,3.5724570751190186,=O,training,3.901362895965576,3.7680397033691406,3.6567575931549072,3.357320785522461,3.8341352939605713,3.874000072479248,3.9755358695983887,3.13916540145874,3.598585605621338,3.910968780517578,3.701587200164795,0.27038381058793826
CCCCCCCCCC=O,3.57155442237854,=O,training,4.073151588439941,3.912851333618164,4.049900054931641,3.732712745666504,4.027474403381348,4.2011799812316895,4.233529090881348,4.088511943817139,3.935942888259888,4.151029109954834,4.0406283140182495,0.1494000861032845
COC(=O)C=C(C)C(=O)OC,3.567934274673462,-C(=O)OMe,training,4.679620265960693,4.566242694854736,4.647715091705322,4.442582130432129,4.5864577293396,4.704987049102783,4.701953411102295,4.828845024108887,4.501678466796875,4.746641635894775,4.64067234992981,0.11696854633617303
COC(=O)C=C(C)C(=O)OC,3.567934274673462,-C(=O)OMe,training,4.680366516113281,4.584493637084961,4.658366680145264,4.432439804077148,4.602699279785156,4.7463459968566895,4.701467990875244,4.842560768127441,4.5283684730529785,4.755248546600342,4.65323576927185,0.1200143253952609
C=CC(=O)OCC(CC)CCCC,3.558536529541016,=O,training,3.6506059169769287,3.5801734924316406,3.707656621932984,3.355801820755005,3.498891592025757,3.692141771316528,3.839163303375244,3.5270557403564453,3.659964084625244,3.8910844326019287,3.6402538776397706,0.1590009807120415
C=CCc1ccc(OC)cc1,3.5294349193573,-OMe,training,4.079255104064941,3.5153164863586426,4.026062488555908,3.841830253601074,3.8761203289031982,3.904972553253174,4.116644382476807,4.106636047363281,3.5938165187835693,3.680573463439941,3.8741227626800536,0.21726008298490454
COC(=O)c1ccccc1O,3.51473331451416,-C(=O)OMe,training,3.503066062927246,3.282209873199463,3.6357619762420654,3.602400779724121,3.266512632369995,3.228989601135254,3.3527040481567383,3.409770965576172,3.2305381298065186,3.2456037998199463,3.375755786895752,0.15532060692798344
COC(=O)c1ccccc1O,3.51473331451416,-O,training,3.32207989692688,3.1306214332580566,3.262345552444458,3.4970483779907227,3.081354856491089,3.081094026565552,3.1929311752319336,3.402559757232666,3.205788373947144,3.083096981048584,3.2258920431137086,0.14458106523126105
Cc1cc(C)c(O)c(C)c1,3.497763633728028,-O,training,3.523491144180298,3.547991752624512,3.561009407043457,3.665093421936035,3.428586721420288,3.6699507236480713,3.2921626567840576,3.4439733028411865,3.382213830947876,3.254972457885742,3.4769445419311524,0.14249679189047473
CC1CCC(C(C)C)C(O)C1,3.492544412612915,-O,training,4.250750541687012,4.050913333892822,4.101652145385742,3.828319549560547,4.162868499755859,4.196212768554688,4.054673194885254,3.711683511734009,4.22503662109375,4.227397918701172,4.080950808525086,0.18050467894979283
CCc1cccc(O)c1,3.492116928100586,-O,training,3.73985743522644,3.743916511535645,3.8807296752929688,4.036736488342285,3.647327184677124,3.8775691986083984,3.557804822921753,3.8908047676086426,3.690357446670532,3.3877596855163574,3.7452863216400147,0.18784793208058895
CCCCCC(=O)O,3.4794812202453613,-C(=O)O,training,5.013185024261475,4.980006694793701,5.218122005462647,4.896763801574707,5.047913551330566,5.290063858032227,4.9992852210998535,5.184990882873535,5.000821590423584,5.04368257522583,5.067483520507812,0.12285129847410149
C=CC(C)(CCC=C(C)C)OC(C)=O,3.4757912158966064,-C(=O)CH3,training,3.823330163955689,3.8617467880249023,3.988972425460816,3.763364553451538,3.822232961654663,3.909647941589356,3.655805110931397,3.5921411514282227,3.898289680480957,4.156656265258789,3.847218704223633,0.16072496559981647
CC(C)c1ccccc1O,3.472090244293213,-O,training,3.553129911422729,3.8562936782836914,3.711641311645508,3.8323545455932617,3.668290138244629,3.816606760025024,3.47249436378479,3.704244613647461,3.581505298614502,3.3881924152374268,3.6584753036499023,0.15778086978788
CC(C)(C)c1ccccc1O,3.470280170440674,-tBu,training,3.499906539916992,3.5129165649414062,3.6384313106536874,3.634177207946777,3.3127074241638184,3.3325040340423584,3.4122979640960693,3.413311243057251,3.321446895599365,3.2354581356048584,3.4313157320022585,0.13758307185465854
CC(C)(C)c1ccccc1O,3.470280170440674,-O,training,3.4060630798339844,3.773052215576172,3.503124713897705,3.7905948162078857,3.7703158855438232,3.692746639251709,2.9954395294189453,3.8659801483154297,3.5110411643981934,3.337848663330078,3.5646206855773928,0.2689977455604594
CCOC(=O)CCC(=O)OCC,3.47000503540039,-OEt,training,4.069614410400391,4.149736404418945,4.210815906524658,3.979179620742798,4.018553256988525,4.313521862030029,4.31959867477417,4.222693920135498,3.9660253524780273,4.204447746276856,4.14541871547699,0.13081250254572008
CCOC(=O)CCC(=O)OCC,3.47000503540039,-OEt,training,4.069614410400391,4.149736404418945,4.210816383361816,3.979179620742798,4.018553256988525,4.313521862030029,4.31959867477417,4.222693920135498,3.966025114059448,4.204447746276856,4.145418739318847,0.1308125653622124
CCOC(=O)CCC(=O)OCC,3.47000503540039,=O,training,3.7221102714538574,3.7943739891052246,3.7774291038513184,3.6072707176208496,3.576302289962769,3.854781627655029,3.77289628982544,3.754506826400757,3.697934150695801,3.9207496643066406,3.7478354930877686,0.10402188702122102
CCOC(=O)CCC(=O)OCC,3.47000503540039,=O,training,3.7221102714538574,3.7943735122680655,3.7774293422698975,3.6072707176208496,3.576302051544189,3.854781627655029,3.7728967666625977,3.754506826400757,3.697934150695801,3.9207496643066406,3.7478354930877686,0.10402192730257397
CCCOC(=O)c1ccccc1,3.429128408432007,=O,training,3.3783047199249268,3.3051352500915527,3.763408899307251,3.288413047790528,3.8127946853637695,3.4357364177703857,3.570351839065552,3.6660478115081783,3.2545621395111084,3.5534071922302246,3.5028162002563477,0.201229454546238
CC(C)(C)C(=O)c1ccccc1,3.419719219207764,-tBu,training,4.121033668518066,3.959252834320069,4.145925998687744,4.298890113830566,4.105591773986816,4.015057563781738,4.390759944915772,4.522082328796387,3.6214439868927,3.824049234390259,4.100408744812012,0.2660457332967031
CC(C)(C)C(=O)c1ccccc1,3.419719219207764,=O,training,3.662753105163574,4.3627610206604,3.639170408248901,4.347164154052734,3.9995908737182617,3.935449123382568,3.8344759941101074,4.718667984008789,3.835294246673584,3.770316600799561,4.0105643510818485,0.35321809678387006
CCCCCCCCCO,3.4195311069488525,-O,training,3.9456429481506343,4.0636372566223145,4.088704586029053,3.903385639190674,4.056875705718994,4.2367353439331055,4.330997943878174,4.202832221984863,4.054823875427246,4.229833602905273,4.111346912384033,0.135824248888493
OCCc1ccccc1,3.411368131637573,-O,training,3.7580726146698,3.5447006225585938,4.026793003082275,4.0409369468688965,3.870058298110962,3.786116600036621,4.308989524841309,4.09242057800293,3.563901424407959,3.8169662952423096,3.8808955907821656,0.2396042634645625
CC(C)CCCC(C)CCO,3.3987176418304443,-O,training,4.082845211029053,4.162511348724365,3.9565815925598153,3.819181442260742,4.113368034362793,4.052803993225098,4.153642654418945,3.8836007118225098,4.0777907371521,4.156435012817383,4.04587607383728,0.12024344720318163
C=C(C)C1CC=C(C)C(=O)C1,3.3873391151428223,=O,training,3.93053936958313,3.879959106445313,4.137588024139404,3.742994785308838,3.7681150436401367,4.024154186248779,3.982556581497192,3.936708927154541,3.829655647277832,4.056649684906006,3.928892135620117,0.12672977903849333
CC(C)CC(=O)c1ccccc1,3.3717312812805176,=O,training,3.752732992172241,3.816255569458008,3.768542051315308,3.744160652160645,3.9607183933258057,3.8579254150390634,3.823559522628784,3.935173511505127,3.639084577560425,3.716309309005737,3.8014461994171143,0.09859892035707607
C=CC(=O)OCCCCCCCC,3.351282835006714,=O,training,3.492027997970581,3.3369412422180176,3.589219331741333,3.3148767948150635,3.4451637268066406,3.542370319366455,3.780581951141357,3.603421926498413,3.538251638412476,3.807412624359131,3.545026755332947,0.1628900825936984
CCCc1ccccc1O,3.327928066253662,-O,training,3.6135528087615967,3.616965293884277,3.91724157333374,3.886594772338867,3.638079643249512,3.777613401412964,3.53185510635376,3.644223690032959,3.601116418838501,3.329436779022217,3.655667948722839,0.17161417251550456
CC(C)c1cccc(O)c1,3.3165314197540283,-O,training,3.662573575973511,3.869597911834717,3.7101705074310303,3.8755829334259033,3.671617746353149,3.839844703674317,3.5277702808380127,3.825011730194092,3.674136638641357,3.3708043098449707,3.702711033821106,0.16183507235459324
CC(C)=CCCC(C)=CCOC=O,3.3156654834747314,=O,training,3.2795326709747314,3.429600715637207,3.5902793407440186,3.394169330596924,3.3229517936706543,3.615713119506836,3.4630792140960693,3.607883930206299,3.469249963760376,3.7007439136505127,3.487320399284363,0.13755242775439536
CCC(=O)c1ccc(C)cc1,3.3109335899353027,=O,training,3.8263814449310303,3.909966468811035,3.7827515602111816,3.770485401153565,4.023073196411133,3.8375113010406494,3.94614577293396,3.873001098632813,3.875020742416382,3.6842501163482666,3.8528587102890013,0.09597420715684507
CC(=O)CCC(=O)OCC(C)C,3.299970388412476,-C(=O)CH3,training,4.415728569030762,4.416894435882568,4.428839683532715,4.373440742492676,4.354635238647461,4.509175777435303,4.59109354019165,4.455074310302734,4.183743476867676,4.434718608856201,4.416334438323974,0.10588321181965983
CC(=O)CCC(=O)OCC(C)C,3.299970388412476,=O,training,3.739891767501831,3.931729316711426,3.812266349792481,3.7949001789093018,3.672753572463989,3.894465446472168,3.8363912105560303,3.6596217155456543,3.708204984664917,3.824390172958374,3.7874614715576174,0.09112683424762476
C=C(CC(=O)OC)C(=O)OC,3.297084331512451,-C(=O)OMe,training,4.62222957611084,4.593502044677734,4.701114177703857,4.424710273742676,4.565599918365479,4.797077655792236,4.69299840927124,4.83103084564209,4.459588050842285,4.770725250244141,4.645857620239258,0.1379884373307138
C=C(CC(=O)OC)C(=O)OC,3.297084331512451,-C(=O)OMe,training,4.652841567993164,4.531502723693848,4.684385299682617,4.375293731689453,4.554924964904785,4.741709232330322,4.688259601593018,4.8164262771606445,4.431148052215576,4.765962600708008,4.6242454051971436,0.14606597382993877
CC(C)COC(=O)C(=O)OCC(C)C,3.295290946960449,=O,training,3.461599111557007,3.452913284301758,3.425161600112915,3.466315746307373,3.384985446929932,3.4171957969665527,3.513554573059082,3.431497097015381,3.4108827114105225,3.614405870437622,3.4578511238098146,0.06553521222651315
CC(C)COC(=O)C(=O)OCC(C)C,3.295290946960449,=O,training,3.461598873138428,3.4529128074646,3.425161600112915,3.466315984725952,3.384985446929932,3.417196273803711,3.513554334640503,3.431497097015381,3.4108829498291016,3.614405870437622,3.4578511238098146,0.06553514375534775
Cc1cc(C)c(O)cc1C,3.27584171295166,-O,training,3.483369827270508,3.67636775970459,3.5732216835021973,3.658546447753906,3.4025192260742188,3.631049156188965,3.2988715171813965,3.4414103031158447,3.445831537246704,3.225564956665039,3.483675241470337,0.15203295699003522
Cc1cc(C)c(C)c(O)c1,3.272726535797119,-O,training,3.479820489883423,3.663026809692383,3.563314437866211,3.658344268798828,3.403269529342652,3.636090278625488,3.2986841201782227,3.4456686973571777,3.403423309326172,3.239805221557617,3.4791447162628173,0.14910952422394216
CC(C)=CCCC(C)CCO,3.268636465072632,-O,training,3.875326871871948,3.97953462600708,3.956069231033325,3.691416263580322,3.764786958694458,3.967050075531006,4.173810958862305,3.836266279220581,3.923614740371704,4.038922786712647,3.9206798791885378,0.13783193625925122
Cc1ccc(C(C)C)c(O)c1,3.2566840648651123,-O,training,3.410019636154175,3.845680713653565,3.502016544342041,3.6596274375915527,3.4740028381347656,3.654588460922241,3.337535858154297,3.3766894340515137,3.4584105014801025,3.214770555496216,3.493334197998047,0.1831487974068948
CCC(=O)OC1CC2CCC1(C)C2(C)C,3.241222381591797,=O,training,3.379927396774292,3.733050346374512,3.400527000427246,3.531756639480591,3.392430305480957,3.255483627319336,3.093334197998047,3.386950254440308,3.485363245010376,3.503703355789185,3.4162526369094848,0.1697193147383167
CC(=O)OC(C)(C)C1CC=C(C)CC1,3.2395780086517334,-C(=O)CH3,training,3.9272167682647705,4.160943984985352,4.082124710083008,3.689231395721436,3.925417900085449,3.9722063541412354,4.210155010223389,4.147018909454346,3.86788272857666,4.048098564147949,4.003029632568359,0.15857465172229637
CC(C)c1ccc(O)cc1,3.238010168075561,-O,training,3.730147838592529,3.869882106781006,3.750662326812744,3.929994583129883,3.7041518688201904,3.823231220245361,3.596634864807129,3.934546232223511,3.661144495010376,3.4464383125305176,3.7446833848953247,0.15346722076652194
CCCCCCCCCC(C)=O,3.234856128692627,-C(=O)CH3,training,4.440566062927246,4.247831344604492,4.385270118713379,4.094615936279297,4.372008323669434,4.492244243621826,4.49187707901001,4.5001420974731445,4.296362400054932,4.430897235870361,4.375181484222412,0.12977565117251466
CC(C)COC(=O)c1ccccc1,3.2340822219848637,=O,training,3.379812002182007,3.5040059089660645,3.5053091049194336,3.287720203399658,3.81139087677002,3.396260976791382,3.4428768157958984,3.3370752334594727,3.257786750793457,3.4778618812561035,3.4400099754333495,0.1564377851065145
CCCCOCCOCCO,3.2278506755828857,-O,training,3.250694274902344,3.653128147125244,3.684384822845459,3.3562769889831543,3.4929025173187256,3.826773881912232,3.9829421043396,3.748953104019165,3.633691787719727,3.9174160957336426,3.654716372489929,0.23452932558208886
Cc1cc(C)c(C)c(O)c1C,3.2190630435943604,-O,training,3.336090326309204,3.341498851776123,3.388513565063477,3.590371370315552,3.3394336700439453,3.3315653800964355,3.1883463859558105,3.360015392303467,3.1825437545776367,3.167572021484375,3.3225950717926027,0.12473188180011423
CCOC(=O)CCCC(=O)OCC,3.208571672439575,-OEt,training,3.843739271163941,3.9088711738586426,4.10256814956665,3.798373222351074,3.750361919403076,4.034384250640869,4.056340217590332,3.9313161373138423,3.7235264778137207,3.958075046539306,3.9107555866241457,0.13074073546676937
CCOC(=O)CCCC(=O)OCC,3.208571672439575,-OEt,training,3.843739271163941,3.908871650695801,4.10256814956665,3.798373222351074,3.750361680984497,4.034384727478027,4.056340217590332,3.931316375732422,3.7235262393951416,3.9580752849578857,3.910755681991577,0.13074086899310522
CCOC(=O)CCCC(=O)OCC,3.208571672439575,=O,training,3.397957801818848,3.555232524871826,3.692847490310669,3.444776058197021,3.3332247734069824,3.5657968521118164,3.527848243713379,3.55263614654541,3.4851016998291016,3.686198472976685,3.524162006378174,0.11472003409238864
CCOC(=O)CCCC(=O)OCC,3.208571672439575,=O,training,3.397957563400269,3.555232048034668,3.692847490310669,3.4447755813598637,3.3332247734069824,3.5657973289489746,3.527848243713379,3.55263614654541,3.4851014614105225,3.6861982345581055,3.5241618871688845,0.11472007638046552
CCc1cc(C)cc(O)c1,3.1735026836395264,-O,training,3.473921060562134,3.776367664337158,3.608711004257202,3.682448625564575,3.4349377155303955,3.755501747131348,3.417700290679932,3.4527883529663086,3.4590156078338623,3.232717752456665,3.529410982131958,0.1716426091107623
Cc1ccc(O)c(C(C)(C)C)c1,3.1614298820495605,-tBu,training,3.404632329940796,3.470922470092773,3.502852439880371,3.5598647594451904,3.2635867595672607,3.191377639770508,3.2691092491149902,3.375844240188598,3.348129272460937,3.104234218597412,3.3490553379058836,0.14346852367301297
Cc1ccc(O)c(C(C)(C)C)c1,3.1614298820495605,-O,training,3.3342645168304443,3.539721965789795,3.3347177505493164,3.7403292655944815,3.533996820449829,3.5106453895568848,3.064763307571411,3.661050319671631,3.4512832164764404,3.1456446647644043,3.431641721725464,0.21395021263383382
CCCCCCC(=O)O,3.151472806930542,-C(=O)O,training,4.934886455535889,4.909891128540039,5.065617561340332,4.801749706268311,5.000452995300293,5.145365238189697,4.965582370758057,5.082060813903809,4.961723327636719,5.001420974731445,4.986875057220459,0.09704667568640052
CC(=O)OCCC(C)CCC=C(C)C,3.1507647037506104,-C(=O)CH3,training,3.831219434738159,3.8710741996765137,4.002659320831299,3.5899817943573,3.8216168880462646,3.990546226501465,4.154117107391357,3.823043823242188,3.8062822818756095,4.014096736907959,3.8904637813568117,0.15561693075993158
CCCCCCCCCC(C)O,3.149319887161255,-O,training,3.6046321392059326,3.4825000762939453,3.666014432907105,3.35590934753418,3.612979888916016,3.7155234813690186,3.7595930099487305,3.582711696624756,3.5151867866516118,3.879718780517578,3.617476963996887,0.14885871075434196
Cc1ccc(C(C)C)cc1O,3.144801616668701,-O,training,3.4572055339813232,3.844650268554688,3.5018985271453857,3.6674070358276367,3.471698522567749,3.656172513961792,3.332014322280884,3.392741203308105,3.486044645309448,3.2292113304138184,3.503904390335083,0.1785519445044882
CCCCCCCCCCO,3.1217942237854004,-O,training,3.583620071411133,3.765465259552002,3.797284364700317,3.61138916015625,3.774444818496704,3.912821531295776,3.9733567237854,3.857002258300781,3.647653341293335,3.946844100952149,3.7869881629943847,0.13878742222673932
CC(C)C(=O)OC1CC2CCC1(C)C2(C)C,3.12140154838562,=O,training,3.2710182666778564,3.626711845397949,3.2266509532928467,3.442826509475708,3.179052352905273,3.1980252265930176,3.055842399597168,3.3440520763397217,3.404815196990967,3.3768529891967773,3.3125847816467284,0.1616751243295553
CCC(C)c1ccc(O)cc1,3.105704069137573,-O,training,3.731422662734986,3.66401481628418,3.6895439624786377,3.728254795074463,3.689241409301758,3.6633455753326416,3.446850299835205,3.708351612091065,3.630459785461426,3.360877275466919,3.631236219406128,0.12532592269869253
CC(C)Cc1ccc(O)cc1,3.0982859134674072,-O,training,3.790491342544556,3.777840614318848,3.686185121536255,3.862881660461426,3.8309166431427,3.746748447418213,3.5264668464660645,3.721971035003662,3.5877840518951416,3.3945059776306152,3.692579174041748,0.14767025096119998
Cc1cc(C)c(O)c(C(C)(C)C)c1,3.097930192947388,-tBu,training,3.267905235290528,3.3390979766845703,3.333897113800049,3.498408794403076,3.188249349594116,3.1033477783203125,3.14115834236145,3.361286163330078,3.132194757461548,3.0442914962768555,3.2409837007522584,0.1421802308607501
Cc1cc(C)c(O)c(C(C)(C)C)c1,3.097930192947388,-O,training,3.2345430850982666,3.344491004943848,3.160888195037842,3.5171704292297363,3.380981683731079,3.294643878936768,3.1345057487487797,3.066763401031494,3.271986246109009,3.0993690490722656,3.250534272193909,0.1405238188085149
CC(O)COCC(C)O,3.0771775245666504,-O,training,3.764119863510132,3.7979249954223633,4.113353252410889,3.6023082733154297,3.624452829360962,4.004777908325195,3.7260642051696777,3.665361881256104,4.068029880523682,4.145884037017822,3.8512277126312258,0.21085584690627157
CC(O)COCC(C)O,3.0771775245666504,-O,training,3.764119863510132,3.7979249954223633,4.113353729248047,3.6023082733154297,3.624452829360962,4.004777908325195,3.7260642051696777,3.665361881256104,4.06803035736084,4.145884037017822,3.851227807998657,0.21085596724685665
OCCCc1ccccc1,3.0757339000701904,-O,training,3.4363720417022705,3.479067802429199,4.112111568450928,3.75136947631836,3.8193743228912354,3.650156021118164,3.9863204956054688,3.870431900024414,3.412675619125366,3.6549205780029297,3.7172799825668337,0.23573716304668327
OCC=Cc1ccccc1,3.054218053817749,-O,training,3.418618440628052,3.383967876434326,3.3976190090179443,3.624855518341065,3.6520941257476807,3.350029468536377,3.774293422698975,3.652632236480713,3.330429077148437,3.4425768852233887,3.502711606025696,0.15715973061333413
CC(=O)OCC=C(C)CCC=C(C)C,3.05362868309021,-C(=O)CH3,training,3.668067216873169,3.6760425567626953,3.907206773757935,3.618246078491211,3.548018217086792,3.898139715194702,3.74764347076416,3.849398374557495,3.6300222873687744,3.9175968170166016,3.7460381507873537,0.13711703758362664
CC(C)c1ccc(CO)cc1,3.042354822158813,-O,training,3.552864789962769,3.801968097686768,3.600462913513184,3.687597751617432,3.810367345809937,3.618851661682129,3.768450975418091,3.6157169342041016,3.716176271438599,3.514584541320801,3.6687041282653814,0.10408817500182063
CC(=O)CCC(=O)OCCC(C)C,3.025229454040528,-C(=O)CH3,training,4.116065502166748,4.187624454498291,4.265916347503662,4.043369293212891,4.007506370544434,4.236270904541016,4.395686626434326,4.111929416656494,3.947454690933228,4.15595817565918,4.146778178215027,0.13245064020840033
CC(=O)CCC(=O)OCCC(C)C,3.025229454040528,=O,training,3.4119112491607666,3.680942058563232,3.666133403778076,3.460029363632202,3.4233641624450684,3.570408821105957,3.5823512077331543,3.471921682357788,3.5066912174224854,3.588667869567871,3.5362421035766602,0.09595719299987747
O=CC=Cc1ccccc1,2.998878240585327,=O,training,3.628645181655884,3.683574676513672,3.7059361934661865,3.916991233825684,3.8972373008728023,3.745230674743652,4.021685600280762,4.075493335723877,3.5411136150360107,3.7035672664642334,3.7919475078582763,0.17594858447237097
CC(C)CCOC(=O)c1ccccc1,2.9833383560180664,=O,training,3.191927671432495,3.3927130699157715,3.4651801586151123,3.113788604736328,3.636537790298462,3.277849674224853,3.341480493545532,3.116270065307617,3.173214197158813,3.258262157440185,3.296722388267517,0.16638957347678388
OCCOc1ccccc1,2.9828073978424072,-O,training,3.408278226852417,3.3511080741882324,3.5937039852142334,3.496046543121338,3.635502576828003,3.351299524307251,3.880492687225342,3.745832920074463,3.3623645305633545,3.595834255218506,3.542046332359314,0.18120210680704468
CCc1ccc(O)c(C(C)(C)C)c1,2.9811220169067383,-tBu,training,3.3228743076324463,3.398362636566162,3.3852505683898926,3.4705073833465576,3.1512696743011475,3.119889736175537,3.280083656311035,3.3491973876953125,3.276565790176392,2.999513626098633,3.2753514766693117,0.1447918260792979
CCc1ccc(O)c(C(C)(C)C)c1,2.9811220169067383,-O,training,3.2678005695343018,3.6111979484558105,3.20960021018982,3.587244749069214,3.3879876136779785,3.365306854248047,3.086101055145264,3.4600138664245605,3.403381586074829,3.035164356231689,3.3413798809051514,0.1931117583317685
CCCOC(=O)CCC(=O)OCCC,2.960500240325928,=O,training,3.123145818710327,3.28033447265625,3.529046058654785,3.213247060775757,3.091327428817749,3.3281362056732178,3.3315815925598145,3.376408338546753,3.296290159225464,3.441217422485352,3.301073455810547,0.13448189606968505
CCCOC(=O)CCC(=O)OCCC,2.960500240325928,=O,training,3.123145818710327,3.28033447265625,3.529046058654785,3.2132468223571777,3.09132719039917,3.3281359672546387,3.3315815925598145,3.376408100128174,3.296290636062622,3.441217422485352,3.301073408126831,0.13448193263194005
COC(=O)C=Cc1ccccc1,2.9429924488067627,-C(=O)OMe,training,4.156603813171387,3.706766605377197,4.0765061378479,4.2164483070373535,4.033009052276611,3.8116493225097656,4.346610069274902,4.336818218231201,3.65487003326416,3.884989738464356,4.022427129745483,0.24959446151693646
CCCCCCCCCCCC=O,2.934033870697021,=O,training,3.4691240787506104,3.3025941848754883,3.461513996124268,3.127521753311157,3.390878677368164,3.5502753257751465,3.7177348136901855,3.486083030700684,3.158505439758301,3.5882680416107178,3.425249934196472,0.18580600879493492
CCC(C)(C)c1ccc(O)cc1,2.905627727508545,-O,training,3.3803460597991943,4.103321552276611,3.404390573501587,3.905577182769776,3.837112665176392,3.6186797618865967,3.265183210372925,3.9408175945281982,3.7509779930114746,3.3594770431518555,3.6565883636474608,0.2918664808484186
CCOC(=O)CC(O)C(=O)OCC,2.895405530929565,-OEt,training,3.199558019638061,3.350109577178955,3.51665997505188,3.233375310897827,3.2705447673797607,3.295174121856689,3.354543685913086,3.367755889892578,3.3608591556549072,3.42028546333313,3.3368865966796877,0.09249801716697974
CCOC(=O)CC(O)C(=O)OCC,2.895405530929565,-OEt,training,3.203112363815308,3.352993488311768,3.515064477920532,3.2401556968688965,3.268961191177368,3.3038558959960938,3.357438325881958,3.372774600982666,3.362155675888061,3.4207801818847656,3.3397291898727417,0.09084190702443756
CCOC(=O)CC(O)C(=O)OCC,2.895405530929565,-O,training,3.108222723007202,3.2427802085876465,3.4310481548309326,3.139115333557129,3.1768875122070312,3.22251558303833,3.2705562114715576,3.176712274551392,3.233327388763428,3.3916163444519043,3.2392781734466554,0.10344339954928794
CCOC(=O)CC(O)C(=O)OCC,2.895405530929565,=O,training,2.956328630447388,3.162912368774414,3.3342883586883545,3.016423225402832,3.1120877265930176,2.993777275085449,3.237957000732422,3.021186113357544,3.1457087993621826,3.2343993186950684,3.1215068817138674,0.12413061921415379
CCOC(=O)CC(O)C(=O)OCC,2.895405530929565,=O,training,2.9586446285247803,3.166775703430176,3.330331563949585,3.020508289337158,3.111570358276367,2.9997262954711914,3.236937522888184,3.022789001464844,3.1478271484375,3.232748508453369,3.1227859020233155,0.12176098573447373
C=CCc1ccc(OC)c(O)c1,2.8426098823547363,-OMe,training,3.1359293460845947,2.956521511077881,3.1916043758392334,3.3448824882507324,2.9349966049194336,2.963374614715576,3.155560255050659,3.27748441696167,3.0597972869873047,2.9328455924987797,3.0952996492385862,0.14909057166099393
C=CCc1ccc(OC)c(O)c1,2.8426098823547363,-O,training,3.1601316928863525,3.0837321281433105,3.207233428955078,3.3846030235290527,3.023455619812012,3.1081342697143555,3.17974591255188,3.1639480590820312,3.140934705734253,2.941084384918213,3.139300322532654,0.117490896139693
Cc1cc(O)c(C(C)(C)C)cc1C,2.836888551712036,-tBu,training,3.221336126327514,3.3272852897644043,3.34435772895813,3.489707469940185,3.165661096572876,3.0907206535339355,3.171040296554565,3.33538818359375,3.1984703540802,3.0337889194488525,3.2377756118774412,0.136249200791427
Cc1cc(O)c(C(C)(C)C)cc1C,2.836888551712036,-O,training,3.17254376411438,3.4458227157592773,3.166325807571411,3.5582942962646484,3.3565003871917725,3.2576398849487305,3.1142592430114746,3.113543510437012,3.334613800048828,3.079335927963257,3.259887933731079,0.15991226182804866
CC(=O)OCCOc1ccccc1,2.834691286087036,-C(=O)CH3,training,3.50073766708374,3.4595675468444824,3.6320273876190186,3.2750535011291504,3.762153625488281,3.560488224029541,3.797340631484986,3.811230421066284,3.3752989768981934,3.588830947875977,3.576272892951965,0.18030603646119187
C=CCc1ccc(OC)c(OC)c1,2.83023452758789,-OMe,training,3.224891424179077,3.350204944610596,3.370033025741577,3.3218839168548584,3.169618368148804,3.305348873138428,3.3324220180511475,3.545246362686157,3.317708969116211,3.0118777751922607,3.2949235677719115,0.13937983017783467
C=CCc1ccc(OC)c(OC)c1,2.83023452758789,-OMe,training,3.2260982990264893,3.360839366912842,3.377990961074829,3.319437026977539,3.170937776565552,3.3057749271392822,3.3375606536865234,3.5465574264526367,3.3185384273529053,3.0153496265411377,3.2979084491729735,0.13977792509557466
CCCCCCCCCC(=O)OCCC,2.817044734954834,=O,training,3.026527166366577,2.929241180419922,3.0789220333099365,2.523754119873047,3.015517234802246,3.104765653610229,3.297065019607544,3.0136075019836426,3.057018995285034,3.299057960510254,3.0345476865768433,0.2158060205653263
CC(C)(C)c1ccc(O)c(C(C)(C)C)c1,2.796099901199341,-tBu,training,3.1369545459747314,3.244297504425049,3.119112014770508,3.393759727478028,3.144784450531006,3.057400941848755,3.0754027366638184,3.122995376586914,3.2566044330596924,2.9577291011810303,3.150904083251953,0.12140624847011097
CC(C)(C)c1ccc(O)c(C(C)(C)C)c1,2.796099901199341,-tBu,training,3.131998300552368,3.246981620788574,3.121321439743042,3.362196207046509,3.153531551361084,3.0629663467407227,3.0777370929718018,3.1133270263671875,3.2669618129730225,2.931685447692871,3.1468706846237184,0.12063569249548439
CC(C)(C)c1ccc(O)c(C(C)(C)C)c1,2.796099901199341,-O,training,3.076549768447876,3.21701717376709,2.877681016921997,3.25696873664856,3.3693597316741943,3.1591641902923584,2.7944703102111816,3.289914131164551,3.4130537509918213,2.945012331008911,3.139919114112854,0.21078349969444427
CC(C)CCOC(=O)C(=O)OCCC(C)C,2.7759804725646973,=O,training,2.971013307571411,3.018723487854004,3.248679876327514,3.0227205753326416,2.864340305328369,2.969679832458496,3.08630895614624,3.208885669708252,3.05945348739624,3.223001480102539,3.0672806978225706,0.12558816350114962
CC(C)CCOC(=O)C(=O)OCCC(C)C,2.7759804725646973,=O,training,2.971013307571411,3.0187230110168457,3.248679876327514,3.0227203369140625,2.864340543746948,2.969679832458496,3.08630895614624,3.2088851928710938,3.05945348739624,3.223001480102539,3.0672806024551393,0.12558809083930003
CCCCCCCCCCCC(C)=O,2.7568674087524414,-C(=O)CH3,training,3.741055250167847,3.6435775756835938,3.792060613632202,3.4908270835876465,3.720455884933472,3.869779109954834,3.897172212600708,3.8289716243743896,3.4819135665893555,3.8790745735168457,3.7344887495040893,0.15260191373870047
CC=Cc1ccc(O)c(OC)c1,2.755323648452759,-OMe,training,3.15364670753479,3.104177474975586,3.118797540664673,3.408635139465332,2.9460690021514893,2.983920097351074,3.1292829513549805,3.2786269187927246,3.061829805374145,2.9074652194976807,3.1092450857162475,0.1513313766361121
CC=Cc1ccc(O)c(OC)c1,2.755323648452759,-O,training,3.166032552719116,3.230083465576172,3.1252620220184326,3.4639737606048584,3.00263786315918,3.0108747482299805,3.1455655097961426,3.203433036804199,3.143683671951294,2.9191861152648926,3.1410732746124266,0.14993560262595862
O=Cc1ccc2c(c1)OCO2,2.7519097328186035,=O,training,3.2177438735961914,3.0612382888793945,3.2387428283691406,3.408113718032837,2.992323637008667,3.164300441741944,3.388483762741089,3.490892171859741,3.150216817855835,2.93509578704834,3.204715132713318,0.18298772912021177
CCOC(=O)C=Cc1ccccc1,2.72442364692688,-OEt,training,3.363680839538574,3.484072685241699,3.383615016937256,3.3378899097442627,3.5959136486053467,3.306169986724853,3.5195789337158203,3.735163450241089,3.1015613079071045,3.320493221282959,3.4148138999938964,0.1762339928551113
CCOC(=O)C=Cc1ccccc1,2.72442364692688,=O,training,3.1505696773529053,3.376186847686768,3.125460386276245,3.0316872596740723,3.226003885269165,3.1081643104553223,3.281540632247925,3.1596755981445312,3.1080400943756104,3.235234022140503,3.1802562713623046,0.10030804500470407
CC(C)=CCCC(C)=CCOC(=O)C(C)C,2.6976935863494877,=O,training,2.89868712425232,3.136836528778076,3.1151821613311768,2.7905983924865723,2.791124105453491,3.085057258605957,3.1557393074035645,3.1272106170654297,3.1112546920776367,3.2319555282592773,3.04436457157135,0.15772848292751446
O=C(O)c1ccccc1,2.6527223587036133,-C(=O)O,training,4.64301061630249,3.7284164428710938,4.492096424102783,4.480207443237305,4.264542102813721,4.160819053649902,4.476680278778076,4.527068138122559,3.92271900177002,4.283517837524414,4.297907733917237,0.29053840834609634
CC(=O)C1C(=O)C=C(C)OC1=O,2.647174835205078,-C(=O)CH3,training,3.780791997909546,3.4131550788879395,3.842963933944702,3.55482816696167,3.630377531051636,3.6148719787597656,3.591902732849121,3.5659518241882324,3.454258441925049,3.8673484325408936,3.6316450119018553,0.15410648239930033
CC(=O)C1C(=O)C=C(C)OC1=O,2.647174835205078,=O,training,3.1675145626068115,3.130505084991455,3.4905359745025635,3.2091948986053467,3.259371519088745,3.161272525787353,3.13033390045166,3.2240538597106934,3.012725114822388,3.3262603282928467,3.2111767768859862,0.1293580918439455
CC(=O)C1C(=O)C=C(C)OC1=O,2.647174835205078,=O,training,3.139681100845337,3.135093212127685,3.491873979568481,3.210692405700684,3.2587876319885254,3.1433544158935547,3.131824493408203,3.2239737510681152,3.048414468765259,3.3209433555603027,3.2104638814926147,0.12541216354433293
O=C1OC(=O)c2ccccc21,2.619960069656372,=O,training,2.974809408187866,2.712778091430664,3.2166075706481934,3.2184202671051025,2.8126070499420166,3.0227222442626958,3.3338661193847656,3.3397951126098637,3.0704352855682373,2.9594247341156006,3.0661465883255006,0.2116524236542414
O=C1OC(=O)c2ccccc21,2.619960069656372,=O,training,2.974809408187866,2.7127785682678223,3.2166073322296143,3.2184207439422607,2.8126070499420166,3.0227222442626958,3.3338661193847656,3.339795589447021,3.0704352855682373,2.95942497253418,3.066146731376648,0.21165240962675208
CCCC(=O)OCC=C(C)CCC=C(C)C,2.558802366256714,=O,training,2.8075268268585205,2.8839011192321777,3.2149546146392822,2.66609263420105,2.6795899868011475,2.9721500873565674,3.1185216903686523,2.9544665813446045,2.974811553955078,3.146897315979004,2.941891241073608,0.18744787894688408
CCCCCCCCCCCCO,2.5392024517059326,-O,training,3.103804349899292,3.161417961120605,3.277875661849976,3.0289552211761475,3.206500768661499,3.351991415023804,3.5095365047454834,3.156729221343994,2.9934184551239014,3.4024252891540527,3.2192654848098754,0.16560740506338067
CC(C)=CCCC(C)CC(=O)O,2.498307704925537,-C(=O)O,training,4.285215854644775,4.2246856689453125,4.403773307800293,3.966942310333252,4.382102966308594,4.379815578460693,4.501643657684326,4.27716064453125,4.23130989074707,4.421170711517334,4.30738205909729,0.14934527200488956
CC(=O)Oc1ccccc1OC(C)=O,2.486781358718872,-C(=O)CH3,training,3.0316998958587646,2.9057512283325195,3.131397008895874,3.1952295303344727,2.951772451400757,2.8944787979125977,3.088975429534912,3.177584171295166,3.1437923908233643,2.9225780963897705,3.04432590007782,0.11794697111145822
CC(=O)Oc1ccccc1OC(C)=O,2.486781358718872,-C(=O)CH3,training,3.0316998958587646,2.9057512283325195,3.131397008895874,3.1952292919158936,2.951772689819336,2.8944790363311768,3.088975429534912,3.177584171295166,3.1437928676605225,2.9225780963897705,3.0443259716033935,0.11794692745573734
CCCCCCCCCCCCCC=O,2.4557247161865234,=O,training,2.856445550918579,2.557550430297852,2.9995367527008057,2.5556039810180664,2.754626989364624,3.058016538619995,3.153646469116211,2.9279141426086426,2.6586153507232666,3.1209716796875,2.864292788505554,0.22441235181082964
C=CCc1ccc(OC(C)=O)c(OC)c1,2.4188480377197266,-C(=O)CH3,training,3.01819920539856,2.8565707206726074,3.0771968364715576,3.013929843902588,3.03289532661438,2.9042115211486816,2.962902069091797,3.050703525543213,3.1244404315948486,2.9058799743652344,2.9946929454803466,0.08519490888286284
C=CCc1ccc(OC(C)=O)c(OC)c1,2.4188480377197266,-OMe,training,2.8875842094421387,2.81615686416626,2.867262363433838,2.647748708724976,2.840251207351685,2.790916919708252,2.828489303588867,2.8746824264526367,3.06238865852356,2.836678028106689,2.8452158689498903,0.10191326613691776
CCCCCCCCCCC(=O)O,2.415195941925049,-C(=O)O,training,3.733087539672852,3.7923526763916016,3.9227118492126474,3.647249698638916,3.9421775341033936,4.034688949584961,4.106344699859619,3.981217861175537,3.74395489692688,4.076488018035889,3.8980273723602297,0.15930403300607407
O=C(O)CCc1ccccc1,2.3986310958862305,-C(=O)O,training,3.912622213363648,3.582273483276367,4.170196056365967,4.0638628005981445,4.019855976104736,4.004277229309082,4.422601222991943,4.189187526702881,3.636140584945679,3.949962615966797,3.9950979709625245,0.2504726329082421
CC(C)OC(=O)C(O)C(O)C(=O)OC(C)C,2.376899480819702,-O,training,2.42683219909668,2.579306125640869,2.7407095432281494,2.263869285583496,2.6207292079925537,2.2189488410949707,2.56111478805542,2.628169298171997,2.5776498317718506,2.766838550567627,2.5384167671203612,0.18304319390846416
CC(C)OC(=O)C(O)C(O)C(=O)OC(C)C,2.376899480819702,-O,training,2.426832437515259,2.579306125640869,2.740709066390991,2.263869285583496,2.6207292079925537,2.218948602676392,2.561115026473999,2.6281700134277344,2.5776498317718506,2.766838550567627,2.5384168148040773,0.18304320769429794
CC(C)OC(=O)C(O)C(O)C(=O)OC(C)C,2.376899480819702,=O,training,2.398744583129883,2.4759016036987305,2.688977003097534,2.168654203414917,2.5441348552703857,2.2124829292297363,2.4689383506774902,2.554546356201172,2.495965480804444,2.68183708190918,2.469018244743347,0.17268215160494768
CC(C)OC(=O)C(O)C(O)C(=O)OC(C)C,2.376899480819702,=O,training,2.398745059967041,2.4759011268615723,2.6889774799346924,2.168653964996338,2.544135332107544,2.2124829292297363,2.4689388275146484,2.554546356201172,2.4959657192230225,2.681836605072021,2.469018340110779,0.1726822033579067
CCOC(=O)CC(O)(CC(=O)OCC)C(=O)OCC,2.293685913085937,-OEt,training,2.280842065811157,2.8074440956115723,2.6310980319976807,2.4776740074157715,2.867567300796509,2.089495658874512,2.8368520736694336,2.560474395751953,2.4317944049835205,2.7168450355529785,2.570008707046509,0.25465549817783767
CCOC(=O)CC(O)(CC(=O)OCC)C(=O)OCC,2.293685913085937,-OEt,training,2.280841827392578,2.8074440956115723,2.63109827041626,2.4776740074157715,2.8675670623779297,2.089495658874512,2.8368520736694336,2.560474157333374,2.4317948818206787,2.7168450355529785,2.570008707046509,0.25465547589575205
CCOC(=O)CC(O)(CC(=O)OCC)C(=O)OCC,2.293685913085937,-OEt,training,2.282296895980835,2.8082756996154785,2.63006329536438,2.473033905029297,2.866284847259521,2.090707302093506,2.840428590774536,2.5679495334625244,2.4346306324005127,2.71835732460022,2.571202802658081,0.25462842870026386
CCOC(=O)CC(O)(CC(=O)OCC)C(=O)OCC,2.293685913085937,-O,training,2.308037519454956,2.6069955825805664,2.484236478805542,2.2524943351745605,2.7904696464538574,2.002314567565918,2.629441261291504,2.36885404586792,2.1845531463623047,2.696962833404541,2.432435941696167,0.25132426009170755
CCOC(=O)CC(O)(CC(=O)OCC)C(=O)OCC,2.293685913085937,=O,training,2.24393892288208,2.607180595397949,2.4472973346710205,2.2230513095855717,2.6892764568328857,1.8482624292373655,2.6348934173583984,2.2801809310913086,2.1337316036224365,2.5983095169067383,2.3706122517585753,0.2708100203313019
CCOC(=O)CC(O)(CC(=O)OCC)C(=O)OCC,2.293685913085937,=O,training,2.243938684463501,2.607180595397949,2.4472975730896,2.223050832748413,2.689276933670044,1.8482624292373655,2.6348934173583984,2.2801809310913086,2.1337320804595947,2.5983095169067383,2.3706122994422913,0.2708100850937056
CCOC(=O)CC(O)(CC(=O)OCC)C(=O)OCC,2.293685913085937,=O,training,2.243080377578736,2.604153633117676,2.44607162475586,2.2238025665283203,2.6884803771972656,1.8454986810684204,2.634965181350708,2.2876219749450684,2.140960454940796,2.596241950988769,2.371087682247162,0.26982584295280654
O=C(Oc1ccccc1)c1ccccc1,2.278640985488892,=O,training,2.4598371982574463,2.2290637493133545,2.319174289703369,2.534231424331665,2.591954469680786,2.3456287384033203,2.537536144256592,2.390562057495117,2.187739610671997,2.129915952682495,2.372564363479614,0.15868602999886472
CCOC(=O)c1ccccc1C(=O)OCC,2.246889114379883,-OEt,training,2.832272291183472,3.099857807159424,2.7740261554718018,2.7625677585601807,2.8422677516937256,2.8266406059265137,2.917393207550049,2.8853354454040527,3.0659279823303223,2.5938868522644043,2.8600175857543944,0.14673135777404558
CCOC(=O)c1ccccc1C(=O)OCC,2.246889114379883,-OEt,training,2.832272291183472,3.099857807159424,2.7740261554718018,2.76256799697876,2.8422679901123047,2.8266406059265137,2.917393207550049,2.8853354454040527,3.0659279823303223,2.5938870906829834,2.8600176572799683,0.14673128892849308
CCOC(=O)c1ccccc1C(=O)OCC,2.246889114379883,=O,training,2.663123607635498,3.106570243835449,2.6171987056732178,2.57596206665039,2.605053663253784,2.65838885307312,2.7427282333374023,2.465257167816162,3.0434186458587646,2.5736818313598637,2.7051383018493653,0.20822144006564658
CCOC(=O)c1ccccc1C(=O)OCC,2.246889114379883,=O,training,2.663123607635498,3.106570243835449,2.6171987056732178,2.57596206665039,2.605053186416626,2.65838885307312,2.7427279949188232,2.465257406234741,3.043418407440185,2.5736820697784424,2.7051382541656492,0.2082213704688151
OC(c1ccccc1)c1ccccc1,2.2066683769226074,-O,training,2.570775985717773,2.11061429977417,2.515521764755249,2.536061286926269,2.746556520462036,2.4029829502105717,2.741313934326172,2.5408742427825928,2.2048611640930176,2.3511173725128174,2.472067952156067,0.20809942226046496
OCCOCCOCCO,2.124411106109619,-O,training,2.802154541015625,3.4474830627441406,3.5178215503692627,3.249723434448242,3.2966439723968506,3.4274067878723145,3.510405302047729,3.356911420822144,3.2122557163238525,3.4733030796051025,3.3294108867645265,0.21406421239624046
OCCOCCOCCO,2.124411106109619,-O,training,2.802154779434204,3.4474830627441406,3.517821311950684,3.2497239112854004,3.2966439723968506,3.4274067878723145,3.510405302047729,3.3569111824035645,3.2122557163238525,3.4733033180236816,3.329410934448242,0.2140641185115663
O=C(O)c1ccccc1O,2.1163535118103027,-C(=O)O,training,3.498706102371216,3.1789979934692383,3.569345712661743,3.5469679832458496,3.1918156147003174,3.199090003967285,3.263725996017456,3.403757333755493,3.134483337402344,3.200778007507324,3.3187668085098267,0.16844148768176642
O=C(O)c1ccccc1O,2.1163535118103027,-O,training,3.019493341445923,2.78262710571289,2.7615835666656494,3.0498268604278564,2.7549591064453125,3.114028215408325,2.874698638916016,2.958108425140381,2.8300507068634038,2.838275671005249,2.8983651638031005,0.12875472260213858
CCCCCCCCCCCC(=O)O,1.5977414846420288,-C(=O)O,training,3.464039087295532,3.491981029510498,3.648092031478882,3.3846664428710938,3.630939245223999,3.7107012271881104,3.80370569229126,3.6291213035583496,3.373290777206421,3.798255443572998,3.5934792280197145,0.15799718633542084
CCCCCCCCCCCCCC(=O)O,0.9468695521354676,-C(=O)O,training,2.9220833778381348,2.8356313705444336,3.1316771507263184,2.7901132106781006,3.016278028488159,3.198634147644043,3.290911197662353,3.0364246368408203,2.7978010177612305,3.274257183074951,3.0293811321258546,0.19079508561868513
FC(F)(F)C(F)(F)C(F)(F)C(F)(F)C(F)(F)C(F)(F)F,5.731635570526123,-X,val,5.299032688140869,5.642014503479004,5.997964382171631,5.911533355712891,5.709496021270752,5.357329368591309,5.415332317352295,6.176383018493652,5.12380313873291,5.731371402740479,5.636426019668579,0.3359441952010777
FC(F)(F)C(F)(F)C(F)(F)C(F)(F)C(F)(F)C(F)(F)F,5.731635570526123,-X,val,5.299032688140869,5.642014503479004,5.997964382171631,5.911533355712891,5.709496021270752,5.357329368591309,5.415332317352295,6.176383018493652,5.12380313873291,5.731371402740479,5.636426019668579,0.3359441952010777
FC(F)(F)C(F)(F)C(F)(F)C(F)(F)C(F)(F)C(F)(F)F,5.731635570526123,-X,val,5.298130512237549,5.647944450378418,5.993099689483643,5.9088134765625,5.699704170227051,5.357551097869873,5.416460514068604,6.180385589599609,5.125019073486328,5.731876850128174,5.635898542404175,0.335440818599197
FC(F)(F)C(F)(F)C(F)(F)C(F)(F)C(F)(F)C(F)(F)F,5.731635570526123,-X,val,5.298130512237549,5.647944450378418,5.993099689483643,5.9088134765625,5.699704170227051,5.357551097869873,5.416460514068604,6.180385589599609,5.125019073486328,5.731876850128174,5.635898542404175,0.335440818599197
FC(F)(F)C(F)(F)C(F)(F)C(F)(F)C(F)(F)C(F)(F)F,5.731635570526123,-X,val,5.298130512237549,5.64794397354126,5.993098258972168,5.908810615539551,5.699704170227051,5.357552528381348,5.416460990905762,6.180385589599609,5.125019073486328,5.731876850128174,5.63589825630188,0.3354402222524966
FC(F)(F)C(F)(F)C(F)(F)C(F)(F)C(F)(F)C(F)(F)F,5.731635570526123,-X,val,5.298130512237549,5.64794397354126,5.993098258972168,5.908810615539551,5.699704170227051,5.357552528381348,5.416460990905762,6.180385589599609,5.125019073486328,5.731876850128174,5.63589825630188,0.3354402222524966
FC(F)(F)C(F)(F)C(F)(F)C(F)(F)C(F)(F)C(F)(F)F,5.731635570526123,-X,val,5.299030780792236,5.64201545715332,5.997962474822998,5.911533355712891,5.70949649810791,5.357329845428467,5.415333271026611,6.176383018493652,5.123803615570068,5.731372356414795,5.636426067352295,0.33594402860548417
FC(F)(F)C(F)(F)C(F)(F)C(F)(F)C(F)(F)C(F)(F)F,5.731635570526123,-X,val,5.299030780792236,5.64201545715332,5.997962474822998,5.911533355712891,5.70949649810791,5.357329845428467,5.415333271026611,6.176383018493652,5.123803615570068,5.731372356414795,5.636426067352295,0.33594402860548417
FC(F)(F)C(F)(F)C(F)(F)C(F)(F)C(F)(F)C(F)(F)F,5.731635570526123,-CF3,val,5.247618198394775,5.505149841308594,5.973591327667236,5.857696056365967,5.828952312469482,5.360940456390381,5.08993673324585,5.834233283996582,4.935757160186768,5.764476299285889,5.5398351669311525,0.36451162919547825
FC(F)(F)C(F)(F)C(F)(F)C(F)(F)C(F)(F)C(F)(F)F,5.731635570526123,-CF3,val,5.247621059417725,5.505149841308594,5.973592281341553,5.85769510269165,5.828951358795166,5.360941410064697,5.08993673324585,5.834235191345215,4.935758590698242,5.764476776123047,5.539835834503174,0.3645112123998828
CC(=O)CC(C)C,4.977569103240967,-C(=O)CH3,val,5.1510910987854,4.840427875518799,5.234416484832764,4.89140510559082,5.154667854309082,5.441830158233643,5.07049036026001,5.269744873046875,4.925050258636475,4.986252307891846,5.096537637710571,0.1898871745783387
CCCC(=O)OCC,4.914625644683838,-OEt,val,5.037544250488281,5.05050802230835,4.937992095947266,4.923853397369385,5.004443168640137,5.285993099212647,5.025064945220947,5.216854095458984,4.956183433532715,4.987627506256104,5.042606401443481,0.11878532303618732
CCCC(=O)OCC,4.914625644683838,=O,val,4.846828937530518,4.773837089538574,4.843050479888916,4.803575038909912,4.884044647216797,5.022641181945801,4.894466876983643,4.974524021148682,4.891202449798584,4.949471950531006,4.888364267349243,0.07698203890664056
CCCOC(=O)CCC,4.619198322296143,=O,val,4.69223165512085,4.5844011306762695,4.7448577880859375,4.63095760345459,4.692298889160156,4.814785480499268,4.7200798988342285,4.823970794677734,4.625549793243408,4.780491828918457,4.71096248626709,0.08166972791051372
O=C(OC1CCCCC1)C(F)(F)F,4.546325206756592,-CF3,val,4.907670497894287,4.6174163818359375,4.992834568023682,4.710126876831055,4.959926605224609,4.955543041229248,4.961416721343994,4.734975814819336,4.389142990112305,4.847239017486572,4.807629251480103,0.19456466349221727
O=C(OC1CCCCC1)C(F)(F)F,4.546325206756592,=O,val,5.154713153839111,4.4000091552734375,4.877942562103272,4.98995304107666,5.207334518432617,5.203496932983398,4.858309745788574,4.658977508544922,5.196359157562256,5.132707118988037,4.967980289459229,0.2719498901753854
CCCCCC(C)=O,4.384169578552246,-C(=O)CH3,val,5.06847620010376,4.927411079406738,5.262918949127197,4.96006965637207,5.211917400360107,5.340590476989746,5.065793514251709,5.259539604187012,5.083903789520264,4.997656345367432,5.117827701568603,0.14200589339103234
CC(C)COC(=O)CC(C)C,4.261975288391113,=O,val,4.478373527526856,4.393075942993164,4.38169527053833,4.351339817047119,4.3811798095703125,4.509471416473389,4.587672710418701,4.263067722320557,4.400485038757324,4.464171886444092,4.421053314208985,0.09121936946331233
CC(=O)CC(C)(C)O,4.219344139099121,-C(=O)CH3,val,4.865032196044922,4.98521900177002,4.863063335418701,4.7101263999938965,4.948896408081055,5.156373500823975,4.5222015380859375,4.797842979431152,5.038050651550293,4.911024570465088,4.879783058166504,0.17709996180635262
CC(=O)CC(C)(C)O,4.219344139099121,-O,val,4.619207382202148,4.76918888092041,4.728978157043457,4.726815700531006,4.891529083251953,4.860449314117432,4.421388626098633,4.702945709228516,4.809781074523926,4.791579723358154,4.732186365127563,0.1345828203371614
Cc1ccc(OC(=O)C(F)(F)F)cc1,4.216983795166016,-CF3,val,4.649535655975342,3.889480590820313,3.664560556411743,4.506460189819336,4.222949981689453,4.135133266448975,4.107533931732178,4.605798721313477,3.737746000289917,4.08795690536499,4.160715579986572,0.34446005810895497
Cc1ccc(OC(=O)C(F)(F)F)cc1,4.216983795166016,=O,val,5.004631042480469,4.16667366027832,4.446476936340332,4.997921943664551,5.152561664581299,5.035751819610596,4.644476890563965,4.676803588867188,4.467212677001953,5.093490123748779,4.768600034713745,0.33555848743523026
CC(=O)OC1CCCCC1,4.181352138519287,-C(=O)CH3,val,4.898486614227295,4.772383689880371,4.941975116729736,4.562129497528076,4.936161041259766,4.917328834533691,4.883302211761475,5.005863189697266,4.752159595489502,4.855975151062012,4.852576494216919,0.1276302923850487
CCCCCCCC(=O)OC,3.8877320289611816,-C(=O)OMe,val,4.890973091125488,4.832931995391846,4.948577404022217,4.655468940734863,4.951480865478516,4.98764181137085,4.968822956085205,5.001787185668945,4.890493869781494,4.930142879486084,4.905832099914551,0.1015558020201578
CCc1ccc(OC)cc1,3.885455846786499,-OMe,val,4.412972927093506,3.8936028480529785,4.384101390838623,4.289453506469727,4.123808860778809,4.211328029632568,4.531816959381104,4.476291656494141,3.948824167251587,3.8479390144348153,4.212013936042785,0.2492428115933069
COC(=O)c1ccccc1,3.873721837997437,-C(=O)OMe,val,4.9085798263549805,3.9756245613098153,4.710350513458252,4.490529537200928,4.308380126953125,4.427740573883057,4.827643394470215,4.810559749603272,4.145167350769043,4.3659348487854,4.497051048278808,0.3119426525597907
CC(=O)OCCOC(C)=O,3.84643030166626,-C(=O)CH3,val,4.647520542144775,4.683834075927734,4.749577045440674,4.460415840148926,4.613822937011719,4.891817569732666,4.829329967498779,4.823093414306641,4.488671779632568,4.824168682098389,4.7012251853942875,0.14871114678821973
CC(=O)OCCOC(C)=O,3.84643030166626,-C(=O)CH3,val,4.647520542144775,4.683833599090576,4.749577045440674,4.460415840148926,4.613822937011719,4.891817569732666,4.829329967498779,4.823092937469482,4.488671779632568,4.824168682098389,4.701225090026855,0.14871110956587583
CC1=CC(=O)CC(C)(C)C1,3.717131137847901,=O,val,4.4283976554870605,4.513688564300537,4.431908130645752,4.363743782043457,4.498947143554688,4.562750339508057,4.393113613128662,4.633723735809326,4.402099132537842,4.450036525726318,4.46784086227417,0.0839978903090032
CC(C)CCC(=O)O,3.588667392730713,-C(=O)O,val,5.031754016876221,4.983579635620117,5.080977916717529,4.915815353393555,5.10455322265625,5.252635002136231,4.995244979858398,5.152346611022949,5.094497680664063,5.021008014678955,5.063241243362427,0.09561900332081477
CCCOC(=O)C(=O)OCCC,3.5294477939605717,=O,val,3.6291229724884033,3.46487045288086,3.9601995944976807,3.4681968688964844,3.59877872467041,3.5281805992126465,3.82829475402832,3.719862937927246,3.5849854946136475,3.8766512870788574,3.6659143686294557,0.1735842484599475
CCCOC(=O)C(=O)OCCC,3.5294477939605717,=O,val,3.6291229724884033,3.46487045288086,3.9601995944976807,3.4681968688964844,3.5987789630889893,3.5281805992126465,3.8282949924468994,3.719862699508667,3.5849854946136475,3.8766512870788574,3.6659143924713136,0.17358425476227113
CC1=CCC(C(C)(C)O)CC1,3.5228302478790283,-O,val,4.126027584075928,4.213019371032715,4.346493244171143,4.006537914276123,4.144661903381348,4.15693473815918,4.42543888092041,4.286314964294434,4.080252647399902,4.225391864776611,4.201107311248779,0.1259149047819771
C=C(CC(=O)OCC)C(=O)OCC,3.4809770584106445,-OEt,val,3.7704708576202393,3.806394100189209,3.7946665287017822,3.5537233352661133,3.61323618888855,3.7999401092529297,3.790775775909424,3.748921394348145,3.605712652206421,3.924467086791992,3.7408308029174804,0.11421131566914026
C=C(CC(=O)OCC)C(=O)OCC,3.4809770584106445,-OEt,val,3.769148588180542,3.825027465820313,3.800737142562866,3.567156791687012,3.636580467224121,3.855722665786743,3.810836791992188,3.75551700592041,3.6398072242736816,3.930771350860596,3.7591305494308473,0.112428530579249
C=C(CC(=O)OCC)C(=O)OCC,3.4809770584106445,=O,val,3.332298040390014,3.4773340225219727,3.5405642986297607,3.317126750946045,3.42651629447937,3.447153091430664,3.4288530349731445,3.5029077529907227,3.4417665004730225,3.667361259460449,3.4581881046295164,0.1005028266091876
C=C(CC(=O)OCC)C(=O)OCC,3.4809770584106445,=O,val,3.33229923248291,3.476613998413086,3.5423383712768555,3.3163673877716064,3.428530216217041,3.440309524536133,3.4285197257995605,3.504894495010376,3.456803321838379,3.663557291030884,3.459023356437683,0.09989677019900474
CC(C)c1ccc(C=O)cc1,3.355067014694214,=O,val,3.9755146503448486,4.020654201507568,3.776959419250488,3.956700801849365,4.002229690551758,3.98012924194336,4.036843776702881,3.94706916809082,3.850051164627075,3.685220718383789,3.9231372833251954,0.11532508748049329
CC(=O)C=Cc1ccccc1,2.8574862480163574,-C(=O)CH3,val,4.185976028442383,3.7370872497558594,4.08381462097168,4.254912853240967,4.060725212097168,3.876915454864502,4.372363567352295,4.341498374938965,3.7123773097991934,3.8940954208374015,4.051976609230041,0.239619069585315
Cc1cc(C(C)(C)C)c(O)c(C(C)(C)C)c1,2.7789814472198486,-tBu,val,2.908587694168091,3.228433609008789,2.9512550830841064,3.299936294555664,3.069068670272827,2.981689453125,3.044853687286377,3.154324531555176,3.016437292098999,2.8601880073547363,3.0514774322509766,0.14028857571673908
Cc1cc(C(C)(C)C)c(O)c(C(C)(C)C)c1,2.7789814472198486,-tBu,val,2.908588171005249,3.228433609008789,2.951255321502685,3.299936056137085,3.069068193435669,2.981689453125,3.044854164123535,3.154324531555176,3.016437530517578,2.8601880073547363,3.0514775037765505,0.14028844014878109
Cc1cc(C(C)(C)C)c(O)c(C(C)(C)C)c1,2.7789814472198486,-O,val,2.8741209506988525,3.007063388824463,2.709617853164673,3.1294894218444824,3.279414415359497,3.0242879390716557,2.8809409141540527,3.0557215213775635,3.1183407306671143,2.899165153503418,2.997816228866577,0.16229311879924857
CCc1cc(C(C)(C)C)c(O)c(C(C)(C)C)c1,2.6691699028015137,-tBu,val,2.8905842304229736,3.281773567199707,2.804036855697632,3.2471437454223637,3.0695393085479736,2.931002140045166,2.976100444793701,3.2150113582611084,2.9421839714050293,2.738474130630493,3.009584975242615,0.18799142642117836
CCc1cc(C(C)(C)C)c(O)c(C(C)(C)C)c1,2.6691699028015137,-tBu,val,2.8905842304229736,3.281773567199707,2.8040366172790527,3.2471439838409424,3.0695395469665527,2.931002140045166,2.976100444793701,3.2150115966796875,2.9421839714050293,2.738474607467652,3.009585070610046,0.187991449850771
CCc1cc(C(C)(C)C)c(O)c(C(C)(C)C)c1,2.6691699028015137,-O,val,2.7573091983795166,2.9507827758789062,2.550136089324951,3.046283006668091,3.094701051712036,2.910398483276367,2.878467798233032,3.041862964630127,3.081538438796997,2.791101455688477,2.9102581262588503,0.1729197629715256
C=CCCCCCCCCC(=O)O,2.130692720413208,-C(=O)O,val,3.629868268966675,3.646050930023194,3.972254037857056,3.5464529991149902,3.890891075134277,3.9236764907836914,4.030330657958984,3.959713697433472,3.565133571624756,4.050127029418945,3.821449875831604,0.20051189895810353
CCOCCOCC,4.949150085449219,-OEt,test,5.025850296020508,4.945390224456787,5.191700458526611,4.927504062652588,5.0598249435424805,5.319234848022461,5.03801965713501,5.236579895019531,5.086263179779053,4.987416744232178,5.081778430938721,0.12879061477264483
CCOCCOCC,4.949150085449219,-OEt,test,5.025850772857666,4.945390701293945,5.1917009353637695,4.927504539489746,5.0598249435424805,5.319234848022461,5.038020610809326,5.236579895019531,5.086263179779053,4.987416744232178,5.081778717041016,0.1287904814092174
CC(=O)C=C(C)C,4.805098056793213,-C(=O)CH3,test,5.029052734375,5.069241523742676,5.141069412231445,4.7612481117248535,5.060836791992188,5.388290882110596,4.948973178863525,5.358856678009033,4.918538570404053,5.0258469581604,5.070195484161377,0.19044516248215884
CCCC(O)CC,4.6765899658203125,-O,test,4.935300827026367,4.895942687988281,5.09055757522583,4.807455539703369,4.863998889923096,5.047274112701416,4.894812107086182,4.93602466583252,5.02249002456665,4.969595432281494,4.94634518623352,0.08744412768519796
COc1ccccc1,4.483533382415772,-OMe,test,4.926159858703613,3.981498241424561,4.706201553344727,4.501430988311768,4.306427478790283,4.4618306159973145,4.827475547790527,4.830185890197754,4.154870986938477,4.362313270568848,4.505839443206787,0.313740566325298
CCCC(C)CO,4.469986438751221,-O,test,4.942560195922852,4.920406818389893,5.057073593139648,4.806167602539063,4.8670148849487305,5.02430534362793,4.857667446136475,4.867917060852051,5.005897998809815,4.956935882568359,4.9305946826934814,0.08175938420066833
COCCOCCOC,4.363679885864258,-OMe,test,4.609111309051514,4.770320415496826,4.978460788726807,4.552556991577148,4.886324882507324,4.986342906951904,4.784233570098877,4.979235649108887,4.78553581237793,4.900939464569092,4.8233061790466305,0.15272034592922476
COCCOCCOC,4.363679885864258,-OMe,test,4.609111309051514,4.770319938659668,4.978460788726807,4.552556991577148,4.886324882507324,4.986342906951904,4.784233570098877,4.979235649108887,4.78553581237793,4.900939464569092,4.823306131362915,0.15272036431117608
CCOC(=O)CC(C)=O,4.044071674346924,-C(=O)CH3,test,4.8302531242370605,4.869894027709961,4.87645149230957,4.848250389099121,4.9896345138549805,5.143713474273682,4.8329668045043945,5.025026321411133,4.770724773406982,4.972903728485107,4.915981864929199,0.11354491153583816
CCOC(=O)CC(C)=O,4.044071674346924,-OEt,test,4.707296848297119,4.777981758117676,4.766760349273682,4.789900779724121,4.906455993652344,5.007654666900635,4.765645503997803,4.857486724853516,4.531190872192383,4.788546085357666,4.789891958236694,0.12498517886014987
CCOC(=O)CC(C)=O,4.044071674346924,=O,test,4.3700714111328125,4.402889251708984,4.505664348602295,4.43577766418457,4.435679912567139,4.580288410186768,4.550399303436279,4.539424896240234,4.351682662963867,4.501244068145752,4.46731219291687,0.0792050057631353
CC12CCC(C1)C(C)(C)C2=O,3.973424911499024,=O,test,4.3314080238342285,4.4403839111328125,4.420590877532959,4.2635345458984375,4.210171222686768,4.2473320960998535,3.5985069274902344,3.814830780029297,4.246135711669922,4.290273666381836,4.186316776275635,0.26846229307616887
CCc1cccc(OC)c1,3.8813443183898926,-OMe,test,4.40111780166626,3.8768444061279297,4.359770774841309,4.2886271476745605,4.1385650634765625,4.20499849319458,4.513210773468018,4.515180587768555,3.8627421855926514,3.768266201019287,4.192932343482971,0.2746989860745219
COC(=O)C=CC(=O)OC,3.669018268585205,-C(=O)OMe,test,4.851627826690674,4.738509178161621,4.811676025390625,4.684255599975586,4.904848575592041,4.919994831085205,4.721312522888184,5.003711223602295,4.7158732414245605,4.8983683586120605,4.825017738342285,0.10726726097749183
COC(=O)C=CC(=O)OC,3.669018268585205,-C(=O)OMe,test,4.851627826690674,4.738509178161621,4.811675548553467,4.684255599975586,4.904848098754883,4.919994831085205,4.721312999725342,5.003711223602295,4.7158732414245605,4.8983683586120605,4.825017690658569,0.10726717691468078
CCOC(=O)c1ccccc1,3.651588201522827,-OEt,test,4.103094100952148,3.6186928749084473,4.0564703941345215,4.095336437225342,3.966245174407959,3.777069568634033,4.266770839691162,4.270778179168701,3.47914457321167,3.811933040618897,3.944553518295288,0.2665713915566114
CCOC(=O)c1ccccc1,3.651588201522827,=O,test,3.6498544216156006,3.49258804321289,3.7431232929229736,3.464906692504883,3.847214460372925,3.5755417346954346,3.862687587738037,3.944714784622192,3.4104740619659424,3.731978178024292,3.672308325767517,0.183592816090322
CC(=O)OCc1ccccc1,3.592261552810669,-C(=O)CH3,test,4.137986183166504,3.711889266967773,4.234558582305908,4.0946946144104,4.065478801727295,4.16193437576294,4.446048259735107,4.345041751861572,3.7028636932373047,4.021817684173584,4.092231321334839,0.23996659156879063
CCOC(=O)C=CC(=O)OCC,3.4919888973236084,-OEt,test,4.087184429168701,3.9570279121398926,4.001894950866699,3.7786617279052734,3.869603395462036,3.9870195388793945,4.023566246032715,4.021252632141113,3.898746728897095,4.107177734375,3.973213529586792,0.10065612384690364
CCOC(=O)C=CC(=O)OCC,3.4919888973236084,-OEt,test,4.087184429168701,3.9570274353027344,4.001894950866699,3.7786617279052734,3.869603395462036,3.9870195388793945,4.023566246032715,4.021252632141113,3.898746490478516,4.107177734375,3.973213458061218,0.10065615196495398
CCOC(=O)C=CC(=O)OCC,3.4919888973236084,=O,test,3.587707757949829,3.608606338500977,3.691335916519165,3.4596285820007324,3.5292367935180664,3.5598678588867188,3.598906993865967,3.685661792755127,3.578094244003296,3.864990234375,3.616403651237488,0.1106734933524936
CCOC(=O)C=CC(=O)OCC,3.4919888973236084,=O,test,3.58770751953125,3.608606338500977,3.691335439682007,3.4596285820007324,3.5292367935180664,3.559868335723877,3.598906993865967,3.685661792755127,3.578094244003296,3.864990234375,3.6164036273956297,0.11067343728468511
CCCCCCCCCC(=O)OC,3.283463954925537,-C(=O)OMe,test,4.468173027038574,4.243966102600098,4.392212390899658,4.079582214355469,4.369810104370117,4.502786636352539,4.493503093719482,4.500175476074219,4.27537202835083,4.43731164932251,4.37628927230835,0.13875603063360656
CC1=C(O)C(=O)C(C(C)C)CC1,3.219944477081299,-O,test,2.8738231658935547,3.4416422843933105,3.232167959213257,2.994039297103882,3.181178331375122,3.157145977020264,3.05623197555542,3.132406949996948,3.2085399627685547,3.4565978050231934,3.1733773708343507,0.18089082584642258
CC1=C(O)C(=O)C(C(C)C)CC1,3.219944477081299,=O,test,2.679651498794556,3.250814914703369,2.998582124710083,2.9355313777923584,3.037615299224853,2.7898337841033936,2.867065668106079,2.9997799396514893,2.893298387527466,3.0073916912078857,2.9459564685821533,0.1546245164069219
CCOC(=O)CCCCC(=O)OCC,2.960500240325928,-OEt,test,3.5609898567199707,3.668489933013916,3.86859393119812,3.5680370330810547,3.50544810295105,3.715749740600586,3.718592643737793,3.700772762298584,3.503430128097534,3.727673292160034,3.653777742385864,0.11673339792374078
CCOC(=O)CCCCC(=O)OCC,2.960500240325928,-OEt,test,3.560989618301392,3.668489933013916,3.868593692779541,3.5680370330810547,3.505448341369629,3.715750217437744,3.718592882156372,3.700773000717163,3.5034303665161133,3.727673053741455,3.653777813911438,0.11673333918238027
CCOC(=O)CCCCC(=O)OCC,2.960500240325928,=O,test,3.1353759765625,3.2844719886779785,3.572193384170532,3.191855907440185,3.07429575920105,3.3434512615203857,3.3370046615600586,3.357923984527588,3.306190729141236,3.461954116821289,3.3064717769622805,0.14777240115401152
CCOC(=O)CCCCC(=O)OCC,2.960500240325928,=O,test,3.135376214981079,3.2844719886779785,3.572193384170532,3.191855907440185,3.074295997619629,3.343451499938965,3.3370046615600586,3.357924222946167,3.306190252304077,3.4619545936584477,3.3064718723297117,0.14777240056025406
C=CCc1ccc(O)c(OC)c1,2.9441418647766118,-OMe,test,3.1472437381744385,2.9660568237304688,3.199108362197876,3.354254484176636,2.9405763149261475,2.9638922214508057,3.1629798412323,3.271333694458008,3.060412168502808,2.922849178314209,3.0988706827163695,0.15086430470277565
C=CCc1ccc(O)c(OC)c1,2.9441418647766118,-O,test,3.159630060195923,3.074114322662353,3.2056541442871094,3.386017084121704,3.021101713180542,3.116596221923828,3.179784774780273,3.167664766311645,3.142266035079956,2.9337716102600098,3.1386600732803345,0.11977347635023478
CCCCCOC(=O)CCC(C)=O,2.9178948402404785,-C(=O)CH3,test,3.9307219982147217,3.915740013122559,4.092714309692383,3.7274186611175537,3.82081151008606,4.079973220825195,4.290095329284668,4.121906757354736,3.79201865196228,4.064886569976807,3.9836287021636965,0.17546852175546804
CCCCCOC(=O)CCC(C)=O,2.9178948402404785,=O,test,3.1933696269989014,3.39382553100586,3.588827610015869,3.1892666816711426,3.277477741241455,3.4364287853240967,3.526784896850586,3.4603805541992188,3.3931233882904053,3.5041046142578125,3.3963589429855348,0.1372791560187487
CCCCCCCCCCCC(=O)OC,2.738122940063477,-C(=O)OMe,test,3.784234046936035,3.6412339210510254,3.792376518249512,3.476869583129883,3.712367296218872,3.88219952583313,3.898250102996826,3.828672409057617,3.46762490272522,3.887330532073975,3.7371158838272094,0.16103614705785518
O=C1OCc2ccccc21,2.538478374481201,=O,test,3.807536363601685,3.25388765335083,3.6935083866119385,3.4136805534362797,3.2630534172058105,3.5366077423095703,3.910543918609619,3.983060598373413,3.442934989929199,3.4422340393066406,3.5747047662734985,0.26038633816082407
O=c1ccc2ccccc2o1,2.3108060359954834,=O,test,3.252026319503784,2.988870143890381,3.134816884994507,3.29626202583313,2.9915311336517334,3.1144027709960938,3.2963461875915527,3.452286720275879,2.7962820529937744,2.7554638385772705,3.1078288078308107,0.22611707734181538
CC(CCC(CCC(C)CC(C)(C)C)CCC(C)CC(C)(C)C)CC(C)(C)C,0.6827195286750793,-tBu,test,1.4345123767852783,2.078047752380371,1.763896107673645,2.8150148391723637,0.9794294238090516,1.3436347246170044,4.065430164337158,2.7417540550231934,1.821677803993225,2.1410369873046875,2.1184434235095977,0.8972701964518012
CC(CCC(CCC(C)CC(C)(C)C)CCC(C)CC(C)(C)C)CC(C)(C)C,0.6827195286750793,-tBu,test,1.4345120191574097,2.078047752380371,1.763896346092224,2.815014123916626,0.9794296622276306,1.3436344861984253,4.065430641174316,2.741754531860352,1.8216776847839355,2.1410372257232666,2.1184434473514555,0.8972703006418932
CC(CCC(CCC(C)CC(C)(C)C)CCC(C)CC(C)(C)C)CC(C)(C)C,0.6827195286750793,-tBu,test,1.434511661529541,2.078047513961792,1.7638967037200928,2.815014362335205,0.9794300198554992,1.3436344861984253,4.065430164337158,2.7417540550231934,1.821677803993225,2.1410369873046875,2.118443375825882,0.8972701297263499
