SubsetIndex,#FeaturesInSubset,R2_Train_Mean,R2_Train_STD,RMSE_Train_Mean,RMSE_Train_STD,MAE_Train_Mean,MAE_Train_STD,MAPE_Train_Mean,MAPE_Train_STD,R2_Test_Mean,R2_Test_STD,RMSE_Test_Mean,RMSE_Test_STD,MAE_Test_Mean,MAE_Test_STD,MAPE_Test_Mean,MAPE_Test_STD,FeaturesSubsetList
1,1,0.06285199,0.016514296,0.987870232,0.025050261,0.75707771,0.018951523,35.43725274,3.147807781,0.02894134,0.024381863,1.004961672,0.046235015,0.767813547,0.024807026,36.0806758,6.064463596,ATSc11_3
2,1,0.264133125,0.0628206,0.875163424,0.051395446,0.665029367,0.037295005,29.74496154,4.454904109,0.002890288,0.063191662,1.018397875,0.06374097,0.766223075,0.050792073,35.73097094,5.879847822,ATSc17_2
3,1,0.238910017,0.011266423,0.890194683,0.01775882,0.708836549,0.011010449,27.87499042,2.611355624,0.071714373,0.088806228,0.982024567,0.066334191,0.770721275,0.023358831,32.83462597,6.521627713,ATSm6_2
4,1,0.529854841,0.004028328,0.699639178,0.011304449,0.558749306,0.007247244,20.50504652,1.571871175,-0.034353127,0.027794979,1.037248221,0.049785642,0.790453269,0.034815735,37.32845464,5.716937423,BertzCT
5,1,0.070159612,0.06082328,0.983375859,0.024795733,0.772335633,0.013319742,34.55097837,1.856722128,-0.018964403,0.021589176,1.028968101,0.025857591,0.792133773,0.018889158,37.27149143,5.232424078,EState_VSA6
6,1,0.237251261,0.012785205,0.891153823,0.017589745,0.663270164,0.014953204,28.74665237,0.822551502,0.225979874,0.0200149,0.89698002,0.032746924,0.667106733,0.019779617,28.76846764,2.481482543,Temperature[K]
7,1,0.333031861,0.048115695,0.83277619,0.023700171,0.62362224,0.016504051,27.31517623,1.585530932,-0.226266832,0.039890135,1.128598359,0.023043765,0.863245132,0.026114996,38.17005831,5.102092705,FPSA3_1
8,1,0.398044415,0.077223671,0.790418745,0.0464225,0.629042558,0.041251331,24.5474118,2.721042071,-0.03087184,0.061149489,1.035330621,0.058798549,0.78199418,0.040790796,37.11514399,6.190414629,Ipc
9,1,-0.000153393,0.000112231,1.020472924,0.017529811,0.786877504,0.014775687,37.09859346,2.631255174,-0.001026177,0.000524825,1.020156686,0.035919425,0.786863552,0.026071606,37.07666497,5.35964494,MATSEA1_2
10,1,0.394691512,0.38227966,0.758206444,0.303834471,0.577084505,0.247478525,25.12760035,11.91300433,-0.064245689,0.019979312,1.051783918,0.035850086,0.81302711,0.029457161,37.01457682,5.337938228,MATSP11_6
11,1,0.373939136,0.189685493,0.800973901,0.134747947,0.620591653,0.117113646,26.32932849,6.06041491,-0.008537521,0.078702954,1.024400474,0.075814967,0.781402485,0.049759087,35.67727336,7.186074116,MATSP15_4
12,1,0.115523653,0.02916855,0.959739715,0.032331493,0.743021972,0.015083634,32.99299968,4.180762794,0.063439329,0.059536951,0.987140046,0.065213843,0.75879185,0.027351205,34.95325152,7.422065421,MATSc25_1
13,1,0.201023294,0.032895777,0.911751067,0.006080622,0.702826463,0.007065889,31.9547414,2.087912506,-0.099947739,0.108358679,1.067369179,0.0192941,0.831429032,0.01533459,35.55400756,6.166438314,MATSm11_1
14,1,0.557006831,0.036246822,0.678985211,0.037044765,0.51070403,0.02906114,21.75917453,3.386729799,-0.019335446,0.046707281,1.029824808,0.059702752,0.791131406,0.047263226,35.93274235,6.006380726,MATSm16_6
15,1,0.208823799,0.012868726,0.907609953,0.017933085,0.727056655,0.014592437,28.61436544,2.399455213,0.195630956,0.023144652,0.914529442,0.03896016,0.733067522,0.030696575,28.77521036,4.714694456,MoRSEV27_3
16,1,0.092357951,0.014765829,0.97215332,0.021616816,0.740366562,0.018502081,34.87510874,2.857244128,-0.018582877,0.030424032,1.029166427,0.045595053,0.789689576,0.032880896,36.77504451,5.716420159,MoRSEc2_2
17,1,0.284684695,0.055258081,0.862419921,0.029261536,0.673814866,0.022304572,28.09680619,1.468179852,-0.081350746,0.107719503,1.059229052,0.060499416,0.823411739,0.027692815,35.70352468,5.695965992,MoRSEm20_1
18,1,0.172010686,0.009449981,0.9285315,0.020167916,0.7324463,0.010452697,31.24277365,3.154407966,0.080323582,0.066582848,0.978023505,0.065027251,0.768298138,0.034863249,33.26839168,7.435050375,MoRSEm7_7
19,1,0.056512328,0.025574881,0.991224129,0.029961864,0.775065265,0.019918282,34.65544027,4.060077883,-0.004269045,0.015805447,1.021635883,0.030041883,0.787333865,0.022912576,36.95164183,5.137528818,MoRSEu23_7
20,1,0.280273259,0.014999823,0.865578759,0.012086364,0.695036006,0.016508164,26.42986938,2.007163367,0.048219187,0.038493782,0.994463167,0.035025886,0.776408192,0.019285064,34.64311247,5.546209017,MoRSEu29_1
21,1,0.191792401,0.01237428,0.917266643,0.012151751,0.732909635,0.007799695,29.09082613,1.65893949,0.036208404,0.060506794,1.000803127,0.0508279,0.77907367,0.02866166,33.51068984,5.2157079,MoRSEu4_7
22,1,0.311050903,0.043606338,0.846950975,0.04043269,0.664930665,0.044650355,26.75589264,3.202422659,-0.137726986,0.161771043,1.087364391,0.111554174,0.829018789,0.065030876,35.74138317,7.774351084,MoRSEu5_1
23,1,0.435323568,0.017701209,0.766577693,0.002904866,0.606637242,0.002352452,23.86884933,1.836353056,-0.006854909,0.060976119,1.022860963,0.049820727,0.758289247,0.037787452,36.3530421,6.266155566,MolWt
24,1,0.241265665,0.020333518,0.888636101,0.005421941,0.671487888,0.002016048,30.6615587,1.921159863,0.01005661,0.010769878,1.01437121,0.031156479,0.78124484,0.017439133,35.37799396,5.520283644,PBFscore_1
25,1,0.004931451,0.005073898,1.017879777,0.01821233,0.78544699,0.017554103,36.921289,2.605307416,-0.002375336,0.00382664,1.020879858,0.037531223,0.789259747,0.024874522,37.01931136,5.434031593,PEOE_VSA5
26,1,0.642614405,0.027764729,0.609437851,0.014751478,0.437118291,0.0086078,17.83230886,1.764979352,-0.456295034,0.122933859,1.228925767,0.041391337,0.926806576,0.023468717,40.70458648,6.315270926,PNSA3_1
27,1,0.190756167,0.055191813,0.917908405,0.046601634,0.708695209,0.03231646,30.97236994,4.744898384,0.006519549,0.143993371,1.01615853,0.108814717,0.775629756,0.072414296,33.07825967,8.216819292,RDFc14_6
28,1,0.191841092,0.020368432,0.917393707,0.0273321,0.708082337,0.013371336,31.17426347,3.58330746,-0.00073915,0.033044897,1.019638501,0.027139591,0.77338609,0.025463297,35.73244606,4.457647705,RDFc17_4
29,1,0.283374812,0.024403073,0.863670155,0.017516315,0.689625518,0.016122808,27.50726572,2.120116976,0.083861725,0.094805986,0.974111221,0.033407693,0.770835853,0.017356239,32.61952754,2.692960676,RDFc5_1
30,1,0.3260202,0.214888191,0.83080166,0.13357626,0.645639491,0.103925312,26.28782076,6.812092948,-0.032214823,0.044171353,1.036088324,0.053023618,0.79375877,0.035738804,37.51360934,5.731787929,VSA_EState8
31,1,0.111919606,0.012578899,0.961625441,0.020962542,0.734677278,0.015587947,34.52947299,2.829013503,-0.042912983,0.040624679,1.041034494,0.037866341,0.792270139,0.037052114,37.16560994,5.783185931,WHIM_P3c_2
32,1,0.102185926,0.040661328,0.966574996,0.020122094,0.74960231,0.013456112,33.55832206,1.986921162,-0.034650044,0.089817739,1.036690969,0.062402592,0.79221065,0.05007643,36.84416323,5.391806871,c_3
33,1,0.005254066,0.005284842,1.017697425,0.016716287,0.787353276,0.015099735,36.9305026,2.579295304,-0.002696665,0.003057975,1.020978419,0.034785478,0.789741633,0.024681882,37.04592605,5.337970978,fr_Al_COO
34,1,0.075015138,0.061633636,0.980801896,0.026035085,0.769750111,0.014147637,34.50815538,1.953381613,0.000879356,0.008491339,1.019173935,0.035896214,0.783448715,0.026794403,37.05444547,5.339754622,fr_bicyclic
35,1,0.11846381,0.023003749,0.957923266,0.014631807,0.737743394,0.015398958,34.13174823,2.227074074,-0.039618392,0.047223542,1.039161417,0.031788121,0.802952701,0.032078252,37.09935871,5.383418058,getawayHATSEn6_2
36,1,0.232054167,0.036953497,0.894252101,0.036277644,0.702843134,0.020967974,29.36095263,3.794066289,0.100228821,0.110065327,0.96723275,0.090322793,0.754574208,0.046469115,32.33431308,9.412709149,getawayHATSIP2_3
37,1,0.162910725,0.007703005,0.933544071,0.013328652,0.71480002,0.013295407,32.65181986,2.297893015,-0.01457688,0.016457281,1.027073506,0.039327011,0.788097553,0.031935859,36.39746607,5.127244346,getawayHATSIP4_3
38,1,0.075642012,0.035761651,0.981084603,0.033637598,0.750029064,0.029681073,35.32976887,3.466322859,0.045637982,0.036292364,0.99637067,0.052464129,0.760904408,0.038123562,36.02089218,6.072794387,getawayHATSV8_2
39,1,0.14362122,0.071361447,0.943992123,0.050960484,0.741086346,0.029786653,31.42711275,4.791650017,-0.041242295,0.083845553,1.040853292,0.077872713,0.787958211,0.038213101,36.77744292,6.967928679,getawayHATSc13_3
40,1,0.240159024,0.144829652,0.887754192,0.099523438,0.68778024,0.071210208,30.20068109,7.058220339,-0.073671017,0.098112139,1.056887084,0.084547537,0.796011739,0.051326695,37.22136964,6.56229617,getawayHATSm8_1
41,1,0.15492358,0.028864399,0.937752965,0.001355682,0.72749727,0.003578248,32.11791559,1.933516649,-0.112102862,0.151807604,1.071948528,0.032997832,0.80490761,0.010139156,36.40223021,4.954466885,getawayHTc_1
42,1,0.047651237,0.01237508,0.995804108,0.020767515,0.763679994,0.02116777,35.85537044,2.726445757,-0.013623981,0.024975965,1.02676862,0.047517341,0.790063591,0.039090155,36.95604291,5.566117526,getawayHV1_2
43,1,0.19950032,0.051766043,0.912707208,0.036664,0.72856214,0.023512146,30.1269603,3.128304136,0.124214474,0.061004063,0.954114688,0.054835379,0.754928071,0.032632036,32.20750273,5.803476587,getawayHV3_3
44,1,0.128376537,0.041242653,0.952695693,0.037806835,0.744481751,0.019879082,32.42154894,4.350435745,-0.005325855,0.037853167,1.022156155,0.038618129,0.78206079,0.023598033,36.18554329,5.677783089,getawayHV4_2
45,1,0.208810465,0.027214691,0.907662918,0.028729087,0.712246007,0.016398909,29.72556966,2.938657247,0.088530828,0.054157436,0.973068175,0.042379975,0.74652339,0.019136525,33.65288565,6.418290794,getawayHm7_3
46,1,0.085290589,0.010088578,0.975847944,0.012495705,0.750934849,0.012081661,34.75258184,2.516233566,-0.014646312,0.041816077,1.02650158,0.021260548,0.783501172,0.016337711,37.0784499,5.225730339,getawayREn1_7
47,1,0.120645735,0.018682905,0.95694277,0.026585284,0.734573334,0.022958885,34.13806715,2.678724721,-0.031988575,0.007233571,1.035897509,0.040142432,0.789363193,0.030886328,36.91113103,5.677210412,getawayRmaxP7_2
48,1,0.058003753,0.003160268,0.990373909,0.018413576,0.763307299,0.013878638,35.27717803,2.774272801,0.031936349,0.001795233,1.00322754,0.035658517,0.769184931,0.024153218,35.9749963,5.425676274,k3_2
49,1,0.247223178,0.170380507,0.882783143,0.113111082,0.663413327,0.103654993,31.49594266,6.078221169,-0.102367258,0.090753005,1.07097989,0.081428754,0.829242225,0.069420287,37.19225774,5.807748006,k_1
50,1,0.124800883,0.020986918,0.954489565,0.01448675,0.727516274,0.013108824,34.57813236,2.326585029,0.081366319,0.042184026,0.976672875,0.021514113,0.746121777,0.014519469,35.29708761,4.914150528,rho_1
51,1,0.322220095,0.035665431,0.839804099,0.022779392,0.618031078,0.015357464,28.29464621,1.997245258,0.300175409,0.056345069,0.852387968,0.042188964,0.625970971,0.019762985,29.02731663,4.208192277,rho_2
